dato;id;maerke;model;variant;biltype;drivmiddel;km_pr_aar;loebetid_mdr;annonceret_ydelse_kr;foerstegangsydelse_kr;kendte_gebyrer_kr;totalpris_kr;gns_maanedspris_kr;nypris_kr;aarlig_pris_pct_af_nypris;pris_36_mdr_pct_af_nypris;totalpris_pct_af_nypris;karakter;ydelse_inkl_forsikring;kilde_type;udbyder;laest_via;maalemetode;foerst_set;senest_set;kampagne_slut;kilde;raekkevidde_wltp_km;raekkevidde_er_op_til;hk;batteri_kwh;traek;bagagerum_l;saeder
2026-10-09;audi-a6-e-tron-avant-s-line-plus-e-tron-286-hk-udb-55-000-15000-48;Audi;A6 e-tron Avant;S line plus e-tron 286 hk · udb 55.000;stationcar;el;15000;48;5495;55000;6095;324855;6768;534990;15,2;45,5;60,7;C;nej;importoer;Audi;;automatisk;2026-09-18;2026-10-09;;https://prislister.audi.dk/leasingpriser;581;nej;286;75,8;baghjul;502;
2026-10-09;audi-a6-e-tron-avant-s-line-plus-e-tron-286-hk-15000-48;Audi;A6 e-tron Avant;S line plus e-tron 286 hk;stationcar;el;15000;48;5995;35000;6095;328855;6851;534990;15,4;46,1;61,5;C;nej;importoer;Audi;;automatisk;2026-09-18;2026-10-09;;https://prislister.audi.dk/leasingpriser;581;nej;286;75,8;baghjul;502;
2026-10-09;audi-a6-e-tron-avant-s-line-plus-e-tron-performance-367-hk-udb-55-000-15000-48;Audi;A6 e-tron Avant;S line plus e-tron performance 367 hk · udb 55.000;stationcar;el;15000;48;5895;55000;6095;344055;7168;564990;15,2;45,7;60,9;C;nej;importoer;Audi;;automatisk;2026-09-18;2026-10-09;;https://prislister.audi.dk/leasingpriser;709;nej;367;94,9;baghjul;502;
2026-10-09;audi-a6-e-tron-avant-s-line-plus-e-tron-performance-367-hk-15000-48;Audi;A6 e-tron Avant;S line plus e-tron performance 367 hk;stationcar;el;15000;48;6395;35000;6095;348055;7251;564990;15,4;46,2;61,6;C;nej;importoer;Audi;;automatisk;2026-07-25;2026-10-09;;https://prislister.audi.dk/leasingpriser;709;nej;367;94,9;baghjul;502;
2026-10-09;audi-a6-e-tron-avant-s-line-plus-e-tron-quattro-428-hk-udb-55-000-15000-48;Audi;A6 e-tron Avant;S line plus e-tron quattro 428 hk · udb 55.000;stationcar;el;15000;48;6295;55000;6095;363255;7568;614990;14,8;44,3;59,1;B;nej;importoer;Audi;;automatisk;2026-09-18;2026-10-09;;https://prislister.audi.dk/leasingpriser;668;nej;428;94,9;4wd;502;
2026-10-09;audi-a6-e-tron-avant-s-line-plus-e-tron-quattro-428-hk-15000-48;Audi;A6 e-tron Avant;S line plus e-tron quattro 428 hk;stationcar;el;15000;48;6795;35000;6095;367255;7651;614990;14,9;44,8;59,7;B;nej;importoer;Audi;;automatisk;2026-09-18;2026-10-09;;https://prislister.audi.dk/leasingpriser;668;nej;428;94,9;4wd;502;
2026-10-09;audi-a6-e-tron-avant-s-line-plus-e-tron-286-hk-udb-55-000-20000-48;Audi;A6 e-tron Avant;S line plus e-tron 286 hk · udb 55.000;stationcar;el;20000;48;5845;55000;6095;341655;7118;534990;16,0;47,9;63,9;C;nej;importoer;Audi;;automatisk;2026-09-18;2026-10-09;;https://prislister.audi.dk/leasingpriser;581;nej;286;75,8;baghjul;502;
2026-10-09;audi-a6-e-tron-avant-s-line-plus-e-tron-286-hk-20000-48;Audi;A6 e-tron Avant;S line plus e-tron 286 hk;stationcar;el;20000;48;6345;35000;6095;345655;7201;534990;16,2;48,5;64,6;C;nej;importoer;Audi;;automatisk;2026-09-18;2026-10-09;;https://prislister.audi.dk/leasingpriser;581;nej;286;75,8;baghjul;502;
2026-10-09;audi-a6-e-tron-avant-s-line-plus-e-tron-performance-367-hk-udb-55-000-20000-48;Audi;A6 e-tron Avant;S line plus e-tron performance 367 hk · udb 55.000;stationcar;el;20000;48;6295;55000;6095;363255;7568;564990;16,1;48,2;64,3;C;nej;importoer;Audi;;automatisk;2026-09-18;2026-10-09;;https://prislister.audi.dk/leasingpriser;709;nej;367;94,9;baghjul;502;
2026-10-09;audi-a6-e-tron-avant-s-line-plus-e-tron-performance-367-hk-20000-48;Audi;A6 e-tron Avant;S line plus e-tron performance 367 hk;stationcar;el;20000;48;6795;35000;6095;367255;7651;564990;16,3;48,8;65,0;C;nej;importoer;Audi;;automatisk;2026-07-25;2026-10-09;;https://prislister.audi.dk/leasingpriser;709;nej;367;94,9;baghjul;502;
2026-10-09;audi-a6-e-tron-avant-s-line-plus-e-tron-quattro-428-hk-udb-55-000-20000-48;Audi;A6 e-tron Avant;S line plus e-tron quattro 428 hk · udb 55.000;stationcar;el;20000;48;6695;55000;6095;382455;7968;614990;15,5;46,6;62,2;C;nej;importoer;Audi;;automatisk;2026-09-18;2026-10-09;;https://prislister.audi.dk/leasingpriser;668;nej;428;94,9;4wd;502;
2026-10-09;audi-a6-e-tron-avant-s-line-plus-e-tron-quattro-428-hk-20000-48;Audi;A6 e-tron Avant;S line plus e-tron quattro 428 hk;stationcar;el;20000;48;7195;35000;6095;386455;8051;614990;15,7;47,1;62,8;C;nej;importoer;Audi;;automatisk;2026-09-18;2026-10-09;;https://prislister.audi.dk/leasingpriser;668;nej;428;94,9;4wd;502;
2026-10-09;audi-a6-e-tron-avant-s-line-plus-e-tron-286-hk-udb-55-000-25000-48;Audi;A6 e-tron Avant;S line plus e-tron 286 hk · udb 55.000;stationcar;el;25000;48;6245;55000;6095;360855;7518;534990;16,9;50,6;67,5;C;nej;importoer;Audi;;automatisk;2026-09-18;2026-10-09;;https://prislister.audi.dk/leasingpriser;581;nej;286;75,8;baghjul;502;
2026-10-09;audi-a6-e-tron-avant-s-line-plus-e-tron-286-hk-25000-48;Audi;A6 e-tron Avant;S line plus e-tron 286 hk;stationcar;el;25000;48;6745;35000;6095;364855;7601;534990;17,0;51,1;68,2;C;nej;importoer;Audi;;automatisk;2026-09-18;2026-10-09;;https://prislister.audi.dk/leasingpriser;581;nej;286;75,8;baghjul;502;
2026-10-09;audi-a6-e-tron-avant-s-line-plus-e-tron-performance-367-hk-udb-55-000-25000-48;Audi;A6 e-tron Avant;S line plus e-tron performance 367 hk · udb 55.000;stationcar;el;25000;48;6645;55000;6095;380055;7918;564990;16,8;50,5;67,3;C;nej;importoer;Audi;;automatisk;2026-09-18;2026-10-09;;https://prislister.audi.dk/leasingpriser;709;nej;367;94,9;baghjul;502;
2026-10-09;audi-a6-e-tron-avant-s-line-plus-e-tron-performance-367-hk-25000-48;Audi;A6 e-tron Avant;S line plus e-tron performance 367 hk;stationcar;el;25000;48;7145;35000;6095;384055;8001;564990;17,0;51,0;68,0;C;nej;importoer;Audi;;automatisk;2026-07-25;2026-10-09;;https://prislister.audi.dk/leasingpriser;709;nej;367;94,9;baghjul;502;
2026-10-09;audi-a6-e-tron-avant-s-line-plus-e-tron-quattro-428-hk-udb-55-000-25000-48;Audi;A6 e-tron Avant;S line plus e-tron quattro 428 hk · udb 55.000;stationcar;el;25000;48;7095;55000;6095;401655;8368;614990;16,3;49,0;65,3;C;nej;importoer;Audi;;automatisk;2026-09-18;2026-10-09;;https://prislister.audi.dk/leasingpriser;668;nej;428;94,9;4wd;502;
2026-10-09;audi-a6-e-tron-avant-s-line-plus-e-tron-quattro-428-hk-25000-48;Audi;A6 e-tron Avant;S line plus e-tron quattro 428 hk;stationcar;el;25000;48;7595;35000;6095;405655;8451;614990;16,5;49,5;66,0;C;nej;importoer;Audi;;automatisk;2026-09-18;2026-10-09;;https://prislister.audi.dk/leasingpriser;668;nej;428;94,9;4wd;502;
2026-10-09;audi-a6-e-tron-sportback-s-line-plus-e-tron-286-hk-15000-48;Audi;A6 e-tron Sportback;S line plus e-tron 286 hk;mellemklasse;el;15000;48;5395;55000;6095;320055;6668;519990;15,4;46,2;61,6;C;nej;importoer;Audi;;automatisk;2026-09-18;2026-10-09;;https://prislister.audi.dk/leasingpriser;614;nej;286;75,8;baghjul;502;
2026-10-09;audi-a6-e-tron-sportback-s-line-plus-e-tron-286-hk-udb-35-000-15000-48;Audi;A6 e-tron Sportback;S line plus e-tron 286 hk · udb 35.000;mellemklasse;el;15000;48;5895;35000;6095;324055;6751;519990;15,6;46,7;62,3;C;nej;importoer;Audi;;automatisk;2026-09-18;2026-10-09;;https://prislister.audi.dk/leasingpriser;614;nej;286;75,8;baghjul;502;
2026-10-09;audi-a6-e-tron-sportback-s-line-plus-e-tron-performance-367-hk-udb-55-000-15000-48;Audi;A6 e-tron Sportback;S line plus e-tron performance 367 hk · udb 55.000;mellemklasse;el;15000;48;5795;55000;6095;339255;7068;549990;15,4;46,3;61,7;C;nej;importoer;Audi;;automatisk;2026-09-18;2026-10-09;;https://prislister.audi.dk/leasingpriser;750;nej;367;94,9;baghjul;502;
2026-10-09;audi-a6-e-tron-sportback-s-line-plus-e-tron-performance-367-hk-15000-48;Audi;A6 e-tron Sportback;S line plus e-tron performance 367 hk;mellemklasse;el;15000;48;6295;35000;6095;343255;7151;549990;15,6;46,8;62,4;C;nej;importoer;Audi;;automatisk;2026-07-25;2026-10-09;;https://prislister.audi.dk/leasingpriser;750;nej;367;94,9;baghjul;502;
2026-10-09;audi-a6-e-tron-sportback-s-line-plus-e-tron-quattro-428-hk-udb-55-000-15000-48;Audi;A6 e-tron Sportback;S line plus e-tron quattro 428 hk · udb 55.000;mellemklasse;el;15000;48;6195;55000;6095;358455;7468;599990;14,9;44,8;59,7;B;nej;importoer;Audi;;automatisk;2026-09-18;2026-10-09;;https://prislister.audi.dk/leasingpriser;707;nej;428;94,9;4wd;502;
2026-10-09;audi-a6-e-tron-sportback-s-line-plus-e-tron-quattro-428-hk-15000-48;Audi;A6 e-tron Sportback;S line plus e-tron quattro 428 hk;mellemklasse;el;15000;48;6695;35000;6095;362455;7551;599990;15,1;45,3;60,4;C;nej;importoer;Audi;;automatisk;2026-09-18;2026-10-09;;https://prislister.audi.dk/leasingpriser;707;nej;428;94,9;4wd;502;
2026-10-09;audi-a6-e-tron-sportback-s-line-plus-e-tron-286-hk-20000-48;Audi;A6 e-tron Sportback;S line plus e-tron 286 hk;mellemklasse;el;20000;48;5745;55000;6095;336855;7018;519990;16,2;48,6;64,8;C;nej;importoer;Audi;;automatisk;2026-09-18;2026-10-09;;https://prislister.audi.dk/leasingpriser;614;nej;286;75,8;baghjul;502;
2026-10-09;audi-a6-e-tron-sportback-s-line-plus-e-tron-286-hk-udb-35-000-20000-48;Audi;A6 e-tron Sportback;S line plus e-tron 286 hk · udb 35.000;mellemklasse;el;20000;48;6245;35000;6095;340855;7101;519990;16,4;49,2;65,6;C;nej;importoer;Audi;;automatisk;2026-09-18;2026-10-09;;https://prislister.audi.dk/leasingpriser;614;nej;286;75,8;baghjul;502;
2026-10-09;audi-a6-e-tron-sportback-s-line-plus-e-tron-performance-367-hk-udb-55-000-20000-48;Audi;A6 e-tron Sportback;S line plus e-tron performance 367 hk · udb 55.000;mellemklasse;el;20000;48;6145;55000;6095;356055;7418;549990;16,2;48,6;64,7;C;nej;importoer;Audi;;automatisk;2026-09-18;2026-10-09;;https://prislister.audi.dk/leasingpriser;750;nej;367;94,9;baghjul;502;
2026-10-09;audi-a6-e-tron-sportback-s-line-plus-e-tron-performance-367-hk-20000-48;Audi;A6 e-tron Sportback;S line plus e-tron performance 367 hk;mellemklasse;el;20000;48;6645;35000;6095;360055;7501;549990;16,4;49,1;65,5;C;nej;importoer;Audi;;automatisk;2026-07-25;2026-10-09;;https://prislister.audi.dk/leasingpriser;750;nej;367;94,9;baghjul;502;
2026-10-09;audi-a6-e-tron-sportback-s-line-plus-e-tron-quattro-428-hk-udb-55-000-20000-48;Audi;A6 e-tron Sportback;S line plus e-tron quattro 428 hk · udb 55.000;mellemklasse;el;20000;48;6595;55000;6095;377655;7868;599990;15,7;47,2;62,9;C;nej;importoer;Audi;;automatisk;2026-09-18;2026-10-09;;https://prislister.audi.dk/leasingpriser;707;nej;428;94,9;4wd;502;
2026-10-09;audi-a6-e-tron-sportback-s-line-plus-e-tron-quattro-428-hk-20000-48;Audi;A6 e-tron Sportback;S line plus e-tron quattro 428 hk;mellemklasse;el;20000;48;7095;35000;6095;381655;7951;599990;15,9;47,7;63,6;C;nej;importoer;Audi;;automatisk;2026-09-18;2026-10-09;;https://prislister.audi.dk/leasingpriser;707;nej;428;94,9;4wd;502;
2026-10-09;audi-a6-e-tron-sportback-s-line-plus-e-tron-286-hk-25000-48;Audi;A6 e-tron Sportback;S line plus e-tron 286 hk;mellemklasse;el;25000;48;6095;55000;6095;353655;7368;519990;17,0;51,0;68,0;C;nej;importoer;Audi;;automatisk;2026-09-18;2026-10-09;;https://prislister.audi.dk/leasingpriser;614;nej;286;75,8;baghjul;502;
2026-10-09;audi-a6-e-tron-sportback-s-line-plus-e-tron-286-hk-udb-35-000-25000-48;Audi;A6 e-tron Sportback;S line plus e-tron 286 hk · udb 35.000;mellemklasse;el;25000;48;6595;35000;6095;357655;7451;519990;17,2;51,6;68,8;C;nej;importoer;Audi;;automatisk;2026-09-18;2026-10-09;;https://prislister.audi.dk/leasingpriser;614;nej;286;75,8;baghjul;502;
2026-10-09;audi-a6-e-tron-sportback-s-line-plus-e-tron-performance-367-hk-udb-55-000-25000-48;Audi;A6 e-tron Sportback;S line plus e-tron performance 367 hk · udb 55.000;mellemklasse;el;25000;48;6545;55000;6095;375255;7818;549990;17,1;51,2;68,2;C;nej;importoer;Audi;;automatisk;2026-09-18;2026-10-09;;https://prislister.audi.dk/leasingpriser;750;nej;367;94,9;baghjul;502;
2026-10-09;audi-a6-e-tron-sportback-s-line-plus-e-tron-performance-367-hk-25000-48;Audi;A6 e-tron Sportback;S line plus e-tron performance 367 hk;mellemklasse;el;25000;48;7045;35000;6095;379255;7901;549990;17,2;51,7;69,0;C;nej;importoer;Audi;;automatisk;2026-07-25;2026-10-09;;https://prislister.audi.dk/leasingpriser;750;nej;367;94,9;baghjul;502;
2026-10-09;audi-a6-e-tron-sportback-s-line-plus-e-tron-quattro-428-hk-udb-55-000-25000-48;Audi;A6 e-tron Sportback;S line plus e-tron quattro 428 hk · udb 55.000;mellemklasse;el;25000;48;6995;55000;6095;396855;8268;599990;16,5;49,6;66,1;C;nej;importoer;Audi;;automatisk;2026-09-18;2026-10-09;;https://prislister.audi.dk/leasingpriser;707;nej;428;94,9;4wd;502;
2026-10-09;audi-a6-e-tron-sportback-s-line-plus-e-tron-quattro-428-hk-25000-48;Audi;A6 e-tron Sportback;S line plus e-tron quattro 428 hk;mellemklasse;el;25000;48;7495;35000;6095;400855;8351;599990;16,7;50,1;66,8;C;nej;importoer;Audi;;automatisk;2026-09-18;2026-10-09;;https://prislister.audi.dk/leasingpriser;707;nej;428;94,9;4wd;502;
2026-10-09;audi-q4-e-tron-performance-286-hk-udb-45-000-15000-48;Audi;Q4 e-tron;performance 286 hk · udb 45.000;suv;el;15000;48;3895;45000;6095;238055;4959;389990;15,3;45,8;61,0;C;nej;importoer;Audi;;automatisk;2026-07-25;2026-10-09;;https://prislister.audi.dk/leasingpriser;551;nej;286;77,0;baghjul;515;
2026-10-09;audi-q4-e-tron-performance-286-hk-15000-48;Audi;Q4 e-tron;performance 286 hk;suv;el;15000;48;4495;20000;6095;241855;5039;389990;15,5;46,5;62,0;C;nej;importoer;Audi;;automatisk;2026-07-25;2026-10-09;;https://prislister.audi.dk/leasingpriser;551;nej;286;77,0;baghjul;515;
2026-10-09;audi-q4-e-tron-quattro-performance-340-hk-udb-45-000-15000-48;Audi;Q4 e-tron;quattro performance 340 hk · udb 45.000;suv;el;15000;48;4295;45000;6095;257255;5359;429990;15,0;44,9;59,8;C;nej;importoer;Audi;;automatisk;2026-07-25;2026-10-09;;https://prislister.audi.dk/leasingpriser;529;nej;340;77,0;4wd;515;
2026-10-09;audi-q4-e-tron-quattro-performance-340-hk-15000-48;Audi;Q4 e-tron;quattro performance 340 hk;suv;el;15000;48;4895;20000;6095;261055;5439;429990;15,2;45,5;60,7;C;nej;importoer;Audi;;automatisk;2026-07-25;2026-10-09;;https://prislister.audi.dk/leasingpriser;529;nej;340;77,0;4wd;515;
2026-10-09;audi-q4-e-tron-performance-286-hk-udb-45-000-20000-48;Audi;Q4 e-tron;performance 286 hk · udb 45.000;suv;el;20000;48;4195;45000;6095;252455;5259;389990;16,2;48,5;64,7;C;nej;importoer;Audi;;automatisk;2026-07-25;2026-10-09;;https://prislister.audi.dk/leasingpriser;551;nej;286;77,0;baghjul;515;
2026-10-09;audi-q4-e-tron-performance-286-hk-20000-48;Audi;Q4 e-tron;performance 286 hk;suv;el;20000;48;4795;20000;6095;256255;5339;389990;16,4;49,3;65,7;C;nej;importoer;Audi;;automatisk;2026-07-25;2026-10-09;;https://prislister.audi.dk/leasingpriser;551;nej;286;77,0;baghjul;515;
2026-10-09;audi-q4-e-tron-quattro-performance-340-hk-udb-45-000-20000-48;Audi;Q4 e-tron;quattro performance 340 hk · udb 45.000;suv;el;20000;48;4595;45000;6095;271655;5659;429990;15,8;47,4;63,2;C;nej;importoer;Audi;;automatisk;2026-07-25;2026-10-09;;https://prislister.audi.dk/leasingpriser;529;nej;340;77,0;4wd;515;
2026-10-09;audi-q4-e-tron-quattro-performance-340-hk-20000-48;Audi;Q4 e-tron;quattro performance 340 hk;suv;el;20000;48;5195;20000;6095;275455;5739;429990;16,0;48,0;64,1;C;nej;importoer;Audi;;automatisk;2026-07-25;2026-10-09;;https://prislister.audi.dk/leasingpriser;529;nej;340;77,0;4wd;515;
2026-10-09;audi-q4-e-tron-performance-286-hk-udb-45-000-25000-48;Audi;Q4 e-tron;performance 286 hk · udb 45.000;suv;el;25000;48;4595;45000;6095;271655;5659;389990;17,4;52,2;69,7;C;nej;importoer;Audi;;automatisk;2026-07-25;2026-10-09;;https://prislister.audi.dk/leasingpriser;551;nej;286;77,0;baghjul;515;
2026-10-09;audi-q4-e-tron-performance-286-hk-25000-48;Audi;Q4 e-tron;performance 286 hk;suv;el;25000;48;5195;20000;6095;275455;5739;389990;17,7;53,0;70,6;C;nej;importoer;Audi;;automatisk;2026-07-25;2026-10-09;;https://prislister.audi.dk/leasingpriser;551;nej;286;77,0;baghjul;515;
2026-10-09;audi-q4-e-tron-quattro-performance-340-hk-udb-45-000-25000-48;Audi;Q4 e-tron;quattro performance 340 hk · udb 45.000;suv;el;25000;48;5095;45000;6095;295655;6159;429990;17,2;51,6;68,8;C;nej;importoer;Audi;;automatisk;2026-07-25;2026-10-09;;https://prislister.audi.dk/leasingpriser;529;nej;340;77,0;4wd;515;
2026-10-09;audi-q4-e-tron-quattro-performance-340-hk-25000-48;Audi;Q4 e-tron;quattro performance 340 hk;suv;el;25000;48;5695;20000;6095;299455;6239;429990;17,4;52,2;69,6;C;nej;importoer;Audi;;automatisk;2026-07-25;2026-10-09;;https://prislister.audi.dk/leasingpriser;529;nej;340;77,0;4wd;515;
2026-10-09;audi-q4-e-tron-sportback-performance-286-hk-udb-45-000-15000-48;Audi;Q4 e-tron Sportback;performance 286 hk · udb 45.000;suv;el;15000;48;4395;45000;6095;262055;5459;405990;16,1;48,4;64,5;C;nej;importoer;Audi;;automatisk;2026-07-25;2026-10-09;;https://prislister.audi.dk/leasingpriser;562;nej;286;77,0;baghjul;527;
2026-10-09;audi-q4-e-tron-sportback-performance-286-hk-15000-48;Audi;Q4 e-tron Sportback;performance 286 hk;suv;el;15000;48;4995;20000;6095;265855;5539;405990;16,4;49,1;65,5;C;nej;importoer;Audi;;automatisk;2026-07-25;2026-10-09;;https://prislister.audi.dk/leasingpriser;562;nej;286;77,0;baghjul;527;
2026-10-09;audi-q4-e-tron-sportback-quattro-performance-340-hk-udb-45-000-15000-48;Audi;Q4 e-tron Sportback;quattro performance 340 hk · udb 45.000;suv;el;15000;48;4795;45000;6095;281255;5859;454990;15,5;46,4;61,8;C;nej;importoer;Audi;;automatisk;2026-07-25;2026-10-09;;https://prislister.audi.dk/leasingpriser;540;nej;340;77,0;4wd;527;
2026-10-09;audi-q4-e-tron-sportback-quattro-performance-340-hk-15000-48;Audi;Q4 e-tron Sportback;quattro performance 340 hk;suv;el;15000;48;5395;20000;6095;285055;5939;454990;15,7;47,0;62,7;C;nej;importoer;Audi;;automatisk;2026-07-25;2026-10-09;;https://prislister.audi.dk/leasingpriser;540;nej;340;77,0;4wd;527;
2026-10-09;audi-q4-e-tron-sportback-performance-286-hk-udb-45-000-20000-48;Audi;Q4 e-tron Sportback;performance 286 hk · udb 45.000;suv;el;20000;48;4695;45000;6095;276455;5759;405990;17,0;51,1;68,1;C;nej;importoer;Audi;;automatisk;2026-07-25;2026-10-09;;https://prislister.audi.dk/leasingpriser;562;nej;286;77,0;baghjul;527;
2026-10-09;audi-q4-e-tron-sportback-performance-286-hk-20000-48;Audi;Q4 e-tron Sportback;performance 286 hk;suv;el;20000;48;5295;20000;6095;280255;5839;405990;17,3;51,8;69,0;C;nej;importoer;Audi;;automatisk;2026-07-25;2026-10-09;;https://prislister.audi.dk/leasingpriser;562;nej;286;77,0;baghjul;527;
2026-10-09;audi-q4-e-tron-sportback-quattro-performance-340-hk-udb-45-000-20000-48;Audi;Q4 e-tron Sportback;quattro performance 340 hk · udb 45.000;suv;el;20000;48;5095;45000;6095;295655;6159;454990;16,2;48,7;65,0;C;nej;importoer;Audi;;automatisk;2026-07-25;2026-10-09;;https://prislister.audi.dk/leasingpriser;540;nej;340;77,0;4wd;527;
2026-10-09;audi-q4-e-tron-sportback-quattro-performance-340-hk-20000-48;Audi;Q4 e-tron Sportback;quattro performance 340 hk;suv;el;20000;48;5695;20000;6095;299455;6239;454990;16,5;49,4;65,8;C;nej;importoer;Audi;;automatisk;2026-07-25;2026-10-09;;https://prislister.audi.dk/leasingpriser;540;nej;340;77,0;4wd;527;
2026-10-09;audi-q4-e-tron-sportback-performance-286-hk-udb-45-000-25000-48;Audi;Q4 e-tron Sportback;performance 286 hk · udb 45.000;suv;el;25000;48;5095;45000;6095;295655;6159;405990;18,2;54,6;72,8;D;nej;importoer;Audi;;automatisk;2026-07-25;2026-10-09;;https://prislister.audi.dk/leasingpriser;562;nej;286;77,0;baghjul;527;
2026-10-09;audi-q4-e-tron-sportback-performance-286-hk-25000-48;Audi;Q4 e-tron Sportback;performance 286 hk;suv;el;25000;48;5695;20000;6095;299455;6239;405990;18,4;55,3;73,8;D;nej;importoer;Audi;;automatisk;2026-07-25;2026-10-09;;https://prislister.audi.dk/leasingpriser;562;nej;286;77,0;baghjul;527;
2026-10-09;audi-q4-e-tron-sportback-quattro-performance-340-hk-udb-45-000-25000-48;Audi;Q4 e-tron Sportback;quattro performance 340 hk · udb 45.000;suv;el;25000;48;5595;45000;6095;319655;6659;454990;17,6;52,7;70,3;C;nej;importoer;Audi;;automatisk;2026-07-25;2026-10-09;;https://prislister.audi.dk/leasingpriser;540;nej;340;77,0;4wd;527;
2026-10-09;audi-q4-e-tron-sportback-quattro-performance-340-hk-25000-48;Audi;Q4 e-tron Sportback;quattro performance 340 hk;suv;el;25000;48;6195;20000;6095;323455;6739;454990;17,8;53,3;71,1;C;nej;importoer;Audi;;automatisk;2026-07-25;2026-10-09;;https://prislister.audi.dk/leasingpriser;540;nej;340;77,0;4wd;527;
2026-10-09;audi-q6-e-tron-s-line-plus-e-tron-252-hk-udb-55-000-15000-48;Audi;Q6 e-tron;S line plus e-tron 252 hk · udb 55.000;suv;el;15000;48;5595;55000;6095;329655;6868;519990;15,8;47,5;63,4;C;nej;importoer;Audi;;automatisk;2026-07-25;2026-10-09;;https://prislister.audi.dk/leasingpriser;485;nej;252;75,8;;526;
2026-10-09;audi-q6-e-tron-s-line-plus-e-tron-252-hk-15000-48;Audi;Q6 e-tron;S line plus e-tron 252 hk;suv;el;15000;48;6095;35000;6095;333655;6951;519990;16,0;48,1;64,2;C;nej;importoer;Audi;;automatisk;2026-07-25;2026-10-09;;https://prislister.audi.dk/leasingpriser;485;nej;252;75,8;;526;
2026-10-09;audi-q6-e-tron-s-line-plus-e-tron-performance-306-hk-udb-55-000-15000-48;Audi;Q6 e-tron;S line plus e-tron performance 306 hk · udb 55.000;suv;el;15000;48;5895;55000;6095;344055;7168;559990;15,4;46,1;61,4;C;nej;importoer;Audi;;automatisk;2026-07-25;2026-10-09;;https://prislister.audi.dk/leasingpriser;587;nej;306;94,9;;526;
2026-10-09;audi-q6-e-tron-s-line-plus-e-tron-performance-306-hk-15000-48;Audi;Q6 e-tron;S line plus e-tron performance 306 hk;suv;el;15000;48;6395;35000;6095;348055;7251;559990;15,5;46,6;62,2;C;nej;importoer;Audi;;automatisk;2026-07-25;2026-10-09;;https://prislister.audi.dk/leasingpriser;587;nej;306;94,9;;526;
2026-10-09;audi-q6-e-tron-s-line-plus-e-tron-quattro-428-hk-udb-55-000-15000-48;Audi;Q6 e-tron;S line plus e-tron quattro 428 hk · udb 55.000;suv;el;15000;48;6395;55000;6095;368055;7668;644990;14,3;42,8;57,1;B;nej;importoer;Audi;;automatisk;2026-07-25;2026-10-09;;https://prislister.audi.dk/leasingpriser;573;nej;428;94,9;4wd;526;
2026-10-09;audi-q6-e-tron-s-line-plus-e-tron-quattro-428-hk-15000-48;Audi;Q6 e-tron;S line plus e-tron quattro 428 hk;suv;el;15000;48;6895;35000;6095;372055;7751;644990;14,4;43,3;57,7;B;nej;importoer;Audi;;automatisk;2026-07-25;2026-10-09;;https://prislister.audi.dk/leasingpriser;573;nej;428;94,9;4wd;526;
2026-10-09;audi-q6-e-tron-s-line-plus-e-tron-252-hk-udb-55-000-20000-48;Audi;Q6 e-tron;S line plus e-tron 252 hk · udb 55.000;suv;el;20000;48;5995;55000;6095;348855;7268;519990;16,8;50,3;67,1;C;nej;importoer;Audi;;automatisk;2026-07-25;2026-10-09;;https://prislister.audi.dk/leasingpriser;485;nej;252;75,8;;526;
2026-10-09;audi-q6-e-tron-s-line-plus-e-tron-252-hk-20000-48;Audi;Q6 e-tron;S line plus e-tron 252 hk;suv;el;20000;48;6495;35000;6095;352855;7351;519990;17,0;50,9;67,9;C;nej;importoer;Audi;;automatisk;2026-07-25;2026-10-09;;https://prislister.audi.dk/leasingpriser;485;nej;252;75,8;;526;
2026-10-09;audi-q6-e-tron-s-line-plus-e-tron-performance-306-hk-udb-55-000-20000-48;Audi;Q6 e-tron;S line plus e-tron performance 306 hk · udb 55.000;suv;el;20000;48;6345;55000;6095;365655;7618;559990;16,3;49,0;65,3;C;nej;importoer;Audi;;automatisk;2026-07-25;2026-10-09;;https://prislister.audi.dk/leasingpriser;587;nej;306;94,9;;526;
2026-10-09;audi-q6-e-tron-s-line-plus-e-tron-performance-306-hk-20000-48;Audi;Q6 e-tron;S line plus e-tron performance 306 hk;suv;el;20000;48;7045;35000;6095;379255;7901;559990;16,9;50,8;67,7;C;nej;importoer;Audi;;automatisk;2026-07-25;2026-10-09;;https://prislister.audi.dk/leasingpriser;587;nej;306;94,9;;526;
2026-10-09;audi-q6-e-tron-s-line-plus-e-tron-quattro-428-hk-udb-55-000-20000-48;Audi;Q6 e-tron;S line plus e-tron quattro 428 hk · udb 55.000;suv;el;20000;48;6845;55000;6095;389655;8118;644990;15,1;45,3;60,4;C;nej;importoer;Audi;;automatisk;2026-07-25;2026-10-09;;https://prislister.audi.dk/leasingpriser;573;nej;428;94,9;4wd;526;
2026-10-09;audi-q6-e-tron-s-line-plus-e-tron-quattro-428-hk-20000-48;Audi;Q6 e-tron;S line plus e-tron quattro 428 hk;suv;el;20000;48;7345;35000;6095;393655;8201;644990;15,3;45,8;61,0;C;nej;importoer;Audi;;automatisk;2026-07-25;2026-10-09;;https://prislister.audi.dk/leasingpriser;573;nej;428;94,9;4wd;526;
2026-10-09;audi-q6-e-tron-s-line-plus-e-tron-252-hk-udb-55-000-25000-48;Audi;Q6 e-tron;S line plus e-tron 252 hk · udb 55.000;suv;el;25000;48;6545;55000;6095;375255;7818;519990;18,0;54,1;72,2;D;nej;importoer;Audi;;automatisk;2026-07-25;2026-10-09;;https://prislister.audi.dk/leasingpriser;485;nej;252;75,8;;526;
2026-10-09;audi-q6-e-tron-s-line-plus-e-tron-252-hk-25000-48;Audi;Q6 e-tron;S line plus e-tron 252 hk;suv;el;25000;48;7045;35000;6095;379255;7901;519990;18,2;54,7;72,9;D;nej;importoer;Audi;;automatisk;2026-07-25;2026-10-09;;https://prislister.audi.dk/leasingpriser;485;nej;252;75,8;;526;
2026-10-09;audi-q6-e-tron-s-line-plus-e-tron-performance-306-hk-udb-55-000-25000-48;Audi;Q6 e-tron;S line plus e-tron performance 306 hk · udb 55.000;suv;el;25000;48;6895;55000;6095;392055;8168;559990;17,5;52,5;70,0;C;nej;importoer;Audi;;automatisk;2026-07-25;2026-10-09;;https://prislister.audi.dk/leasingpriser;587;nej;306;94,9;;526;
2026-10-09;audi-q6-e-tron-s-line-plus-e-tron-performance-306-hk-25000-48;Audi;Q6 e-tron;S line plus e-tron performance 306 hk;suv;el;25000;48;7395;35000;6095;396055;8251;559990;17,7;53,0;70,7;C;nej;importoer;Audi;;automatisk;2026-07-25;2026-10-09;;https://prislister.audi.dk/leasingpriser;587;nej;306;94,9;;526;
2026-10-09;audi-q6-e-tron-s-line-plus-e-tron-quattro-428-hk-udb-55-000-25000-48;Audi;Q6 e-tron;S line plus e-tron quattro 428 hk · udb 55.000;suv;el;25000;48;7545;55000;6095;423255;8818;644990;16,4;49,2;65,6;C;nej;importoer;Audi;;automatisk;2026-07-25;2026-10-09;;https://prislister.audi.dk/leasingpriser;573;nej;428;94,9;4wd;526;
2026-10-09;audi-q6-e-tron-s-line-plus-e-tron-quattro-428-hk-25000-48;Audi;Q6 e-tron;S line plus e-tron quattro 428 hk;suv;el;25000;48;7995;35000;6095;424855;8851;644990;16,5;49,4;65,9;C;nej;importoer;Audi;;automatisk;2026-07-25;2026-10-09;;https://prislister.audi.dk/leasingpriser;573;nej;428;94,9;4wd;526;
2026-10-09;audi-q6-e-tron-sportback-s-line-plus-e-tron-252-hk-udb-55-000-15000-48;Audi;Q6 e-tron Sportback;S line plus e-tron 252 hk · udb 55.000;suv;el;15000;48;6195;55000;6095;358455;7468;544990;16,4;49,3;65,8;C;nej;importoer;Audi;;automatisk;2026-07-25;2026-10-09;;https://prislister.audi.dk/leasingpriser;505;nej;252;75,8;;511;
2026-10-09;audi-q6-e-tron-sportback-s-line-plus-e-tron-252-hk-15000-48;Audi;Q6 e-tron Sportback;S line plus e-tron 252 hk;suv;el;15000;48;6695;35000;6095;362455;7551;544990;16,6;49,9;66,5;C;nej;importoer;Audi;;automatisk;2026-07-25;2026-10-09;;https://prislister.audi.dk/leasingpriser;505;nej;252;75,8;;511;
2026-10-09;audi-q6-e-tron-sportback-s-line-plus-e-tron-performance-306-hk-udb-55-000-15000-48;Audi;Q6 e-tron Sportback;S line plus e-tron performance 306 hk · udb 55.000;suv;el;15000;48;6495;55000;6095;372855;7768;584990;15,9;47,8;63,7;C;nej;importoer;Audi;;automatisk;2026-07-25;2026-10-09;;https://prislister.audi.dk/leasingpriser;612;nej;306;94,9;;511;
2026-10-09;audi-q6-e-tron-sportback-s-line-plus-e-tron-performance-306-hk-15000-48;Audi;Q6 e-tron Sportback;S line plus e-tron performance 306 hk;suv;el;15000;48;6995;35000;6095;376855;7851;584990;16,1;48,3;64,4;C;nej;importoer;Audi;;automatisk;2026-07-25;2026-10-09;;https://prislister.audi.dk/leasingpriser;612;nej;306;94,9;;511;
2026-10-09;audi-q6-e-tron-sportback-s-line-plus-e-tron-quattro-428-hk-udb-55-000-15000-48;Audi;Q6 e-tron Sportback;S line plus e-tron quattro 428 hk · udb 55.000;suv;el;15000;48;6995;55000;6095;396855;8268;669990;14,8;44,4;59,2;B;nej;importoer;Audi;;automatisk;2026-07-25;2026-10-09;;https://prislister.audi.dk/leasingpriser;593;nej;428;94,9;4wd;511;
2026-10-09;audi-q6-e-tron-sportback-s-line-plus-e-tron-quattro-428-hk-15000-48;Audi;Q6 e-tron Sportback;S line plus e-tron quattro 428 hk;suv;el;15000;48;7495;35000;6095;400855;8351;669990;15,0;44,9;59,8;C;nej;importoer;Audi;;automatisk;2026-07-25;2026-10-09;;https://prislister.audi.dk/leasingpriser;593;nej;428;94,9;4wd;511;
2026-10-09;audi-q6-e-tron-sportback-s-line-plus-e-tron-252-hk-udb-55-000-20000-48;Audi;Q6 e-tron Sportback;S line plus e-tron 252 hk · udb 55.000;suv;el;20000;48;6595;55000;6095;377655;7868;544990;17,3;52,0;69,3;C;nej;importoer;Audi;;automatisk;2026-07-25;2026-10-09;;https://prislister.audi.dk/leasingpriser;505;nej;252;75,8;;511;
2026-10-09;audi-q6-e-tron-sportback-s-line-plus-e-tron-252-hk-20000-48;Audi;Q6 e-tron Sportback;S line plus e-tron 252 hk;suv;el;20000;48;7095;35000;6095;381655;7951;544990;17,5;52,5;70,0;C;nej;importoer;Audi;;automatisk;2026-07-25;2026-10-09;;https://prislister.audi.dk/leasingpriser;505;nej;252;75,8;;511;
2026-10-09;audi-q6-e-tron-sportback-s-line-plus-e-tron-performance-306-hk-udb-55-000-20000-48;Audi;Q6 e-tron Sportback;S line plus e-tron performance 306 hk · udb 55.000;suv;el;20000;48;6945;55000;6095;394455;8218;584990;16,9;50,6;67,4;C;nej;importoer;Audi;;automatisk;2026-07-25;2026-10-09;;https://prislister.audi.dk/leasingpriser;612;nej;306;94,9;;511;
2026-10-09;audi-q6-e-tron-sportback-s-line-plus-e-tron-performance-306-hk-20000-48;Audi;Q6 e-tron Sportback;S line plus e-tron performance 306 hk;suv;el;20000;48;7445;35000;6095;398455;8301;584990;17,0;51,1;68,1;C;nej;importoer;Audi;;automatisk;2026-07-25;2026-10-09;;https://prislister.audi.dk/leasingpriser;612;nej;306;94,9;;511;
2026-10-09;audi-q6-e-tron-sportback-s-line-plus-e-tron-quattro-428-hk-udb-55-000-20000-48;Audi;Q6 e-tron Sportback;S line plus e-tron quattro 428 hk · udb 55.000;suv;el;20000;48;7445;55000;6095;418455;8718;669990;15,6;46,8;62,5;C;nej;importoer;Audi;;automatisk;2026-07-25;2026-10-09;;https://prislister.audi.dk/leasingpriser;593;nej;428;94,9;4wd;511;
2026-10-09;audi-q6-e-tron-sportback-s-line-plus-e-tron-quattro-428-hk-20000-48;Audi;Q6 e-tron Sportback;S line plus e-tron quattro 428 hk;suv;el;20000;48;7995;35000;6095;424855;8851;669990;15,9;47,6;63,4;C;nej;importoer;Audi;;automatisk;2026-07-25;2026-10-09;;https://prislister.audi.dk/leasingpriser;593;nej;428;94,9;4wd;511;
2026-10-09;audi-q6-e-tron-sportback-s-line-plus-e-tron-252-hk-udb-55-000-25000-48;Audi;Q6 e-tron Sportback;S line plus e-tron 252 hk · udb 55.000;suv;el;25000;48;7195;55000;6095;406455;8468;544990;18,6;55,9;74,6;D;nej;importoer;Audi;;automatisk;2026-07-25;2026-10-09;;https://prislister.audi.dk/leasingpriser;505;nej;252;75,8;;511;
2026-10-09;audi-q6-e-tron-sportback-s-line-plus-e-tron-252-hk-25000-48;Audi;Q6 e-tron Sportback;S line plus e-tron 252 hk;suv;el;25000;48;7695;35000;6095;410455;8551;544990;18,8;56,5;75,3;D;nej;importoer;Audi;;automatisk;2026-07-25;2026-10-09;;https://prislister.audi.dk/leasingpriser;505;nej;252;75,8;;511;
2026-10-09;audi-q6-e-tron-sportback-s-line-plus-e-tron-performance-306-hk-udb-55-000-25000-48;Audi;Q6 e-tron Sportback;S line plus e-tron performance 306 hk · udb 55.000;suv;el;25000;48;7545;55000;6095;423255;8818;584990;18,1;54,3;72,4;D;nej;importoer;Audi;;automatisk;2026-07-25;2026-10-09;;https://prislister.audi.dk/leasingpriser;612;nej;306;94,9;;511;
2026-10-09;audi-q6-e-tron-sportback-s-line-plus-e-tron-performance-306-hk-25000-48;Audi;Q6 e-tron Sportback;S line plus e-tron performance 306 hk;suv;el;25000;48;8045;35000;6095;427255;8901;584990;18,3;54,8;73,0;D;nej;importoer;Audi;;automatisk;2026-07-25;2026-10-09;;https://prislister.audi.dk/leasingpriser;612;nej;306;94,9;;511;
2026-10-09;audi-q6-e-tron-sportback-s-line-plus-e-tron-quattro-428-hk-udb-55-000-25000-48;Audi;Q6 e-tron Sportback;S line plus e-tron quattro 428 hk · udb 55.000;suv;el;25000;48;8145;55000;6095;452055;9418;669990;16,9;50,6;67,5;C;nej;importoer;Audi;;automatisk;2026-07-25;2026-10-09;;https://prislister.audi.dk/leasingpriser;593;nej;428;94,9;4wd;511;
2026-10-09;audi-q6-e-tron-sportback-s-line-plus-e-tron-quattro-428-hk-25000-48;Audi;Q6 e-tron Sportback;S line plus e-tron quattro 428 hk;suv;el;25000;48;8645;35000;6095;456055;9501;669990;17,0;51,1;68,1;C;nej;importoer;Audi;;automatisk;2026-07-25;2026-10-09;;https://prislister.audi.dk/leasingpriser;593;nej;428;94,9;4wd;511;
2026-10-09;bmw-i3-xdrive50-first-edition-15000-48;BMW;i3;xDrive50 First edition;mellemklasse;el;15000;48;6495;35000;6195;352955;7353;619900;14,2;42,7;56,9;B;nej;importoer;BMW;;manuel;2026-10-02;2026-10-06;;https://www.bmw.dk/da/bmw-financial-services-oversikt/tilbud/privatleasing-og-lan.html;912;ja;469;108,7;4wd;420;
2026-10-09;bmw-i3-xdrive50-first-edition-15000-12;BMW;i3;xDrive50 First edition;mellemklasse;el;15000;12;6495;15000;5295;98235;8186;619900;15,8;47,5;15,8;C;nej;importoer;BMW;;manuel;2026-10-02;2026-10-06;;https://www.bmw.dk/da/bmw-financial-services-oversikt/tilbud/privatleasing-og-lan.html;912;ja;469;108,7;4wd;420;
2026-10-09;bmw-i4-edrive35-m-sport-15000-48;BMW;i4;eDrive35 M Sport;mellemklasse;el;15000;48;5195;25000;6195;280555;5845;439900;15,9;47,8;63,8;C;nej;importoer;BMW;;manuel;2026-07-23;2026-10-06;;https://www.bmw.dk/da/bmw-financial-services-oversikt/tilbud/privatleasing-og-lan.html;;;286;;;;
2026-10-09;bmw-i4-edrive35-fully-charged-15000-48;BMW;i4;eDrive35 Fully Charged;mellemklasse;el;15000;48;5695;25000;6195;304555;6345;439900;17,3;51,9;69,2;C;nej;importoer;BMW;;manuel;2026-07-23;2026-10-06;;https://www.bmw.dk/da/bmw-financial-services-oversikt/tilbud/privatleasing-og-lan.html;;;286;;;;
2026-10-09;bmw-i4-m60-xdrive-15000-48;BMW;i4;M60 xDrive;mellemklasse;el;15000;48;5895;35000;6195;324155;6753;569900;14,2;42,7;56,9;B;nej;importoer;BMW;;manuel;2026-07-23;2026-10-06;;https://www.bmw.dk/da/bmw-financial-services-oversikt/tilbud/privatleasing-og-lan.html;;;;;4wd;;
2026-10-09;bmw-i4-m60-xdrive-fully-charged-15000-48;BMW;i4;M60 xDrive Fully Charged;mellemklasse;el;15000;48;6195;35000;6195;338555;7053;569900;14,9;44,6;59,4;B;nej;importoer;BMW;;manuel;2026-07-23;2026-10-06;;https://www.bmw.dk/da/bmw-financial-services-oversikt/tilbud/privatleasing-og-lan.html;;;;;4wd;;
2026-10-09;bmw-i5-edrive40-sedan-m-sport-15000-48;BMW;i5;eDrive40 Sedan M Sport;mellemklasse;el;15000;48;5995;30000;6195;323955;6749;544900;14,9;44,6;59,5;B;nej;importoer;BMW;;manuel;2026-10-02;2026-10-06;;https://www.bmw.dk/da/bmw-financial-services-oversikt/tilbud/privatleasing-og-lan.html;621;ja;340;81,2;baghjul;490;
2026-10-09;bmw-i5-edrive40-touring-m-sport-15000-48;BMW;i5;eDrive40 Touring M Sport;mellemklasse;el;15000;48;5995;30000;6235;323995;6750;559900;14,5;43,4;57,9;B;nej;importoer;BMW;;manuel;2026-07-23;2026-10-06;;https://www.bmw.dk/da/bmw-financial-services-oversikt/tilbud/privatleasing-og-lan.html;598;ja;340;81,2;baghjul;570;
2026-10-09;bmw-i5-edrive40-touring-fully-charged-15000-48;BMW;i5;eDrive40 Touring Fully Charged;mellemklasse;el;15000;48;6595;30000;6195;352755;7349;614900;14,3;43,0;57,4;B;nej;importoer;BMW;;manuel;2026-07-23;2026-10-06;;https://www.bmw.dk/da/bmw-financial-services-oversikt/tilbud/privatleasing-og-lan.html;582;ja;340;81,2;baghjul;570;
2026-10-09;bmw-i5-edrive40-sedan-fully-charged-15000-48;BMW;i5;eDrive40 Sedan Fully Charged;mellemklasse;el;15000;48;6595;30000;6195;352755;7349;599900;14,7;44,1;58,8;B;nej;importoer;BMW;;manuel;2026-10-02;2026-10-06;;https://www.bmw.dk/da/bmw-financial-services-oversikt/tilbud/privatleasing-og-lan.html;605;ja;340;81,2;baghjul;490;
2026-10-09;bmw-i5-edrive40-touring-supercharged-15000-48;BMW;i5;eDrive40 Touring Supercharged;mellemklasse;el;15000;48;7195;30000;6195;381555;7949;669900;14,2;42,7;57,0;B;nej;importoer;BMW;;manuel;2026-07-23;2026-10-06;;https://www.bmw.dk/da/bmw-financial-services-oversikt/tilbud/privatleasing-og-lan.html;576;ja;340;81,2;baghjul;570;
2026-10-09;bmw-i5-edrive40-sedan-supercharged-15000-48;BMW;i5;eDrive40 Sedan Supercharged;mellemklasse;el;15000;48;7195;30000;6195;381555;7949;654900;14,6;43,7;58,3;B;nej;importoer;BMW;;manuel;2026-10-02;2026-10-06;;https://www.bmw.dk/da/bmw-financial-services-oversikt/tilbud/privatleasing-og-lan.html;599;ja;340;81,2;baghjul;490;
2026-10-09;bmw-i7-xdrive50-m-sport-15000-48;BMW;i7;xDrive50 M Sport;mellemklasse;el;15000;48;10995;50000;6195;583955;12166;1099900;13,3;39,8;53,1;B;nej;importoer;BMW;;manuel;2026-07-23;2026-10-06;;https://www.bmw.dk/da/bmw-financial-services-oversikt/tilbud/privatleasing-og-lan.html;726;ja;455;112,5;4wd;500;
2026-10-09;bmw-i7-xdrive50-fully-charged-15000-48;BMW;i7;xDrive50 Fully Charged;mellemklasse;el;15000;48;12995;50000;6195;679955;14166;1259900;13,5;40,5;54,0;B;nej;importoer;BMW;;manuel;2026-07-23;2026-10-06;;https://www.bmw.dk/da/bmw-financial-services-oversikt/tilbud/privatleasing-og-lan.html;726;ja;455;112,5;4wd;500;
2026-10-09;bmw-ix-xdrive60-m-sport-15000-48;BMW;iX;xDrive60 M Sport;stor-suv;el;15000;48;8995;50000;6195;487955;10166;799900;15,3;45,8;61,0;C;nej;importoer;BMW;;manuel;2026-07-23;2026-10-06;;https://www.bmw.dk/da/bmw-financial-services-oversikt/tilbud/privatleasing-og-lan.html;700;ja;544;109,1;4wd;500;
2026-10-09;bmw-ix-xdrive60-fully-charged-15000-48;BMW;iX;xDrive60 Fully Charged;stor-suv;el;15000;48;9495;50000;6195;511955;10666;849900;15,1;45,2;60,2;C;nej;importoer;BMW;;manuel;2026-07-23;2026-10-06;;https://www.bmw.dk/da/bmw-financial-services-oversikt/tilbud/privatleasing-og-lan.html;672;ja;544;109,1;4wd;500;
2026-10-09;bmw-ix-xdrive60-super-charged-15000-48;BMW;iX;xDrive60 Super Charged;stor-suv;el;15000;48;9995;50000;6195;535955;11166;929900;14,4;43,2;57,6;B;nej;importoer;BMW;;manuel;2026-07-23;2026-10-06;;https://www.bmw.dk/da/bmw-financial-services-oversikt/tilbud/privatleasing-og-lan.html;657;ja;544;109,1;4wd;500;
2026-10-09;bmw-ix1-edrive20-m-sport-15000-48;BMW;iX1;eDrive20 M Sport;suv;el;15000;48;3995;20000;6195;217955;4541;369900;14,7;44,2;58,9;B;nej;importoer;BMW;;manuel;2026-07-23;2026-10-06;;https://www.bmw.dk/da/bmw-financial-services-oversikt/tilbud/privatleasing-og-lan.html;506;ja;204;65,2;forhjul;490;
2026-10-09;bmw-ix1-edrive20-fully-charged-15000-48;BMW;iX1;eDrive20 Fully Charged;suv;el;15000;48;4295;20000;6195;232355;4841;389900;14,9;44,7;59,6;B;nej;importoer;BMW;;manuel;2026-07-23;2026-10-06;;https://www.bmw.dk/da/bmw-financial-services-oversikt/tilbud/privatleasing-og-lan.html;494;ja;204;65,2;forhjul;490;
2026-10-09;bmw-ix1-xdrive30-m-sport-15000-48;BMW;iX1;xDrive30 M Sport;suv;el;15000;48;4395;20000;6195;237155;4941;399900;14,8;44,5;59,3;B;nej;importoer;BMW;;manuel;2026-07-23;2026-10-06;;https://www.bmw.dk/da/bmw-financial-services-oversikt/tilbud/privatleasing-og-lan.html;468;ja;313;65,0;4wd;490;
2026-10-09;bmw-ix1-edrive20-supercharged-15000-48;BMW;iX1;eDrive20 Supercharged;suv;el;15000;48;4595;20000;6195;246755;5141;419900;14,7;44,1;58,8;B;nej;importoer;BMW;;manuel;2026-07-23;2026-10-06;;https://www.bmw.dk/da/bmw-financial-services-oversikt/tilbud/privatleasing-og-lan.html;486;ja;204;65,2;forhjul;490;
2026-10-09;bmw-ix1-xdrive30-fully-charged-15000-48;BMW;iX1;xDrive30 Fully Charged;suv;el;15000;48;4695;20000;6195;251555;5241;419900;15,0;44,9;59,9;C;nej;importoer;BMW;;manuel;2026-07-23;2026-10-06;;https://www.bmw.dk/da/bmw-financial-services-oversikt/tilbud/privatleasing-og-lan.html;458;ja;313;65,0;4wd;490;
2026-10-09;bmw-ix1-xdrive30-supercharged-15000-48;BMW;iX1;xDrive30 Supercharged;suv;el;15000;48;4995;20000;6195;265955;5541;454900;14,6;43,9;58,5;B;nej;importoer;BMW;;manuel;2026-07-23;2026-10-06;;https://www.bmw.dk/da/bmw-financial-services-oversikt/tilbud/privatleasing-og-lan.html;451;ja;313;65,0;4wd;490;
2026-10-09;bmw-ix2-edrive20-m-sport-15000-48;BMW;iX2;eDrive20 M Sport;suv;el;15000;48;4195;20000;6195;227555;4741;379900;15,0;44,9;59,9;C;nej;importoer;BMW;;manuel;2026-07-23;2026-10-06;;https://www.bmw.dk/da/bmw-financial-services-oversikt/tilbud/privatleasing-og-lan.html;516;ja;204;65,2;forhjul;525;
2026-10-09;bmw-ix2-edrive20-fully-charged-15000-48;BMW;iX2;eDrive20 Fully Charged;suv;el;15000;48;4495;20000;6195;241955;5041;399900;15,1;45,4;60,5;C;nej;importoer;BMW;;manuel;2026-07-23;2026-10-06;;https://www.bmw.dk/da/bmw-financial-services-oversikt/tilbud/privatleasing-og-lan.html;507;ja;204;65,2;forhjul;525;
2026-10-09;bmw-ix2-xdrive30-m-sport-15000-48;BMW;iX2;xDrive30 M Sport;suv;el;15000;48;4595;20000;6195;246755;5141;409900;15,1;45,2;60,2;C;nej;importoer;BMW;;manuel;2026-07-23;2026-10-06;;https://www.bmw.dk/da/bmw-financial-services-oversikt/tilbud/privatleasing-og-lan.html;479;ja;313;65,0;4wd;525;
2026-10-09;bmw-ix2-edrive20-supercharged-15000-48;BMW;iX2;eDrive20 Supercharged;suv;el;15000;48;4795;20000;6195;256355;5341;429900;14,9;44,7;59,6;B;nej;importoer;BMW;;manuel;2026-07-23;2026-10-06;;https://www.bmw.dk/da/bmw-financial-services-oversikt/tilbud/privatleasing-og-lan.html;503;ja;204;65,2;forhjul;525;
2026-10-09;bmw-ix2-xdrive30-fully-charged-15000-48;BMW;iX2;xDrive30 Fully Charged;suv;el;15000;48;4895;20000;6195;261155;5441;429900;15,2;45,6;60,7;C;nej;importoer;BMW;;manuel;2026-07-23;2026-10-06;;https://www.bmw.dk/da/bmw-financial-services-oversikt/tilbud/privatleasing-og-lan.html;472;ja;313;65,0;4wd;525;
2026-10-09;bmw-ix2-xdrive30-supercharged-15000-48;BMW;iX2;xDrive30 Supercharged;suv;el;15000;48;5195;20000;6195;275555;5741;464900;14,8;44,5;59,3;B;nej;importoer;BMW;;manuel;2026-07-23;2026-10-06;;https://www.bmw.dk/da/bmw-financial-services-oversikt/tilbud/privatleasing-og-lan.html;468;ja;313;65,0;4wd;525;
2026-10-09;bmw-ix3-40-active-editon-15000-48;BMW;iX3;40 Active editon;suv;el;15000;48;5495;35000;6195;304955;6353;519900;14,7;44,0;58,7;B;nej;importoer;BMW;;manuel;2026-07-23;2026-10-06;;https://www.bmw.dk/da/bmw-financial-services-oversikt/tilbud/privatleasing-og-lan.html;645;ja;320;82,6;baghjul;520;
2026-10-09;bmw-ix3-40-m-sport-15000-48;BMW;iX3;40 M Sport;suv;el;15000;48;5795;35000;6195;319355;6653;549900;14,5;43,6;58,1;B;nej;importoer;BMW;;manuel;2026-07-23;2026-10-06;;https://www.bmw.dk/da/bmw-financial-services-oversikt/tilbud/privatleasing-og-lan.html;641;ja;320;82,6;baghjul;520;
2026-10-09;bmw-ix3-40-fully-charged-15000-48;BMW;iX3;40 Fully Charged;suv;el;15000;48;6295;35000;6195;343355;7153;599900;14,3;42,9;57,2;B;nej;importoer;BMW;;manuel;2026-07-23;2026-10-06;;https://www.bmw.dk/da/bmw-financial-services-oversikt/tilbud/privatleasing-og-lan.html;635;ja;320;82,6;baghjul;520;
2026-10-09;bmw-ix3-xdrive50-15000-48;BMW;iX3;xDrive50;suv;el;15000;48;6495;35000;6195;352955;7353;599900;14,7;44,1;58,8;B;nej;importoer;BMW;;manuel;2026-10-02;2026-10-06;;https://www.bmw.dk/da/bmw-financial-services-oversikt/tilbud/privatleasing-og-lan.html;805;ja;469;108,7;4wd;520;
2026-10-09;bmw-ix3-40-supercharged-15000-48;BMW;iX3;40 Supercharged;suv;el;15000;48;6495;35000;6235;352995;7354;619900;14,2;42,7;56,9;B;nej;importoer;BMW;;manuel;2026-07-23;2026-10-06;;https://www.bmw.dk/da/bmw-financial-services-oversikt/tilbud/privatleasing-og-lan.html;633;ja;320;82,6;baghjul;520;
2026-10-09;bmw-ix3-40-super-charged-m-sport-pro-15000-48;BMW;iX3;40 Super Charged M Sport Pro;suv;el;15000;48;6695;35000;6635;362995;7562;629650;14,4;43,2;57,7;B;nej;importoer;BMW;;manuel;2026-10-02;2026-10-06;;https://www.bmw.dk/da/bmw-financial-services-oversikt/tilbud/privatleasing-og-lan.html;633;ja;320;82,6;baghjul;520;
2026-10-09;bmw-ix3-xdrive50-m-sport-15000-48;BMW;iX3;xDrive50 M Sport;suv;el;15000;48;6795;35000;6195;367355;7653;629900;14,6;43,7;58,3;B;nej;importoer;BMW;;manuel;2026-07-23;2026-10-06;;https://www.bmw.dk/da/bmw-financial-services-oversikt/tilbud/privatleasing-og-lan.html;800;ja;469;108,7;4wd;520;
2026-10-09;bmw-ix3-xdrive50-fully-charged-15000-48;BMW;iX3;xDrive50 Fully Charged;suv;el;15000;48;7295;35000;6195;391355;8153;679900;14,4;43,2;57,6;B;nej;importoer;BMW;;manuel;2026-07-23;2026-10-06;;https://www.bmw.dk/da/bmw-financial-services-oversikt/tilbud/privatleasing-og-lan.html;794;ja;469;108,7;4wd;520;
2026-10-09;bmw-ix3-xdrive50-supercharged-15000-48;BMW;iX3;xDrive50 Supercharged;suv;el;15000;48;7495;35000;6235;400995;8354;699900;14,3;43,0;57,3;B;nej;importoer;BMW;;manuel;2026-07-23;2026-10-06;;https://www.bmw.dk/da/bmw-financial-services-oversikt/tilbud/privatleasing-og-lan.html;792;ja;469;108,7;4wd;520;
2026-10-09;byd-atto-2-comfort-lav-ydelse-10000-48;BYD;Atto 2;Comfort · lav ydelse;suv;el;10000;48;3295;19995;1800;179955;3749;244995;18,4;55,1;73,5;D;nej;importoer;BYD;;automatisk;2026-07-20;2026-10-09;;https://katalog.bydauto.dk/NicChristiansenGruppen/byd/prisliste-privatleasing/bydprivatleasingsamlet/;430;nej;204;64,8;forhjul;450;5
2026-10-09;byd-atto-2-comfort-lav-udbetaling-10000-48;BYD;Atto 2;Comfort · lav udbetaling;suv;el;10000;48;3595;9995;1800;184355;3841;244995;18,8;56,4;75,2;D;nej;importoer;BYD;;automatisk;2026-07-20;2026-10-09;;https://katalog.bydauto.dk/NicChristiansenGruppen/byd/prisliste-privatleasing/bydprivatleasingsamlet/;430;nej;204;64,8;forhjul;450;5
2026-10-09;byd-atto-2-comfort-lav-ydelse-15000-48;BYD;Atto 2;Comfort · lav ydelse;suv;el;15000;48;3645;19995;1800;196755;4099;244995;20,1;60,2;80,3;E;nej;importoer;BYD;;automatisk;2026-07-20;2026-10-09;;https://katalog.bydauto.dk/NicChristiansenGruppen/byd/prisliste-privatleasing/bydprivatleasingsamlet/;430;nej;204;64,8;forhjul;450;5
2026-10-09;byd-atto-2-comfort-lav-udbetaling-15000-48;BYD;Atto 2;Comfort · lav udbetaling;suv;el;15000;48;3945;9995;1800;201155;4191;244995;20,5;61,6;82,1;E;nej;importoer;BYD;;automatisk;2026-07-20;2026-10-09;;https://katalog.bydauto.dk/NicChristiansenGruppen/byd/prisliste-privatleasing/bydprivatleasingsamlet/;430;nej;204;64,8;forhjul;450;5
2026-10-09;byd-atto-2-comfort-lav-ydelse-20000-48;BYD;Atto 2;Comfort · lav ydelse;suv;el;20000;48;3995;19995;1800;213555;4449;244995;21,8;65,4;87,2;E;nej;importoer;BYD;;automatisk;2026-07-20;2026-10-09;;https://katalog.bydauto.dk/NicChristiansenGruppen/byd/prisliste-privatleasing/bydprivatleasingsamlet/;430;nej;204;64,8;forhjul;450;5
2026-10-09;byd-atto-2-comfort-lav-udbetaling-20000-48;BYD;Atto 2;Comfort · lav udbetaling;suv;el;20000;48;4295;9995;1800;217955;4541;244995;22,2;66,7;89,0;E;nej;importoer;BYD;;automatisk;2026-07-20;2026-10-09;;https://katalog.bydauto.dk/NicChristiansenGruppen/byd/prisliste-privatleasing/bydprivatleasingsamlet/;430;nej;204;64,8;forhjul;450;5
2026-10-09;byd-atto-2-comfort-lav-ydelse-25000-48;BYD;Atto 2;Comfort · lav ydelse;suv;el;25000;48;4345;19995;1800;230355;4799;244995;23,5;70,5;94,0;E;nej;importoer;BYD;;automatisk;2026-07-20;2026-10-09;;https://katalog.bydauto.dk/NicChristiansenGruppen/byd/prisliste-privatleasing/bydprivatleasingsamlet/;430;nej;204;64,8;forhjul;450;5
2026-10-09;byd-atto-2-comfort-lav-udbetaling-25000-48;BYD;Atto 2;Comfort · lav udbetaling;suv;el;25000;48;4645;9995;1800;234755;4891;244995;24,0;71,9;95,8;E;nej;importoer;BYD;;automatisk;2026-07-20;2026-10-09;;https://katalog.bydauto.dk/NicChristiansenGruppen/byd/prisliste-privatleasing/bydprivatleasingsamlet/;430;nej;204;64,8;forhjul;450;5
2026-10-09;byd-atto-2-comfort-lav-ydelse-30000-48;BYD;Atto 2;Comfort · lav ydelse;suv;el;30000;48;4695;19995;1800;247155;5149;244995;25,2;75,7;100,9;E;nej;importoer;BYD;;automatisk;2026-07-20;2026-10-09;;https://katalog.bydauto.dk/NicChristiansenGruppen/byd/prisliste-privatleasing/bydprivatleasingsamlet/;430;nej;204;64,8;forhjul;450;5
2026-10-09;byd-atto-2-comfort-lav-udbetaling-30000-48;BYD;Atto 2;Comfort · lav udbetaling;suv;el;30000;48;4995;9995;1800;251555;5241;244995;25,7;77,0;102,7;E;nej;importoer;BYD;;automatisk;2026-07-20;2026-10-09;;https://katalog.bydauto.dk/NicChristiansenGruppen/byd/prisliste-privatleasing/bydprivatleasingsamlet/;430;nej;204;64,8;forhjul;450;5
2026-10-09;byd-atto-2-comfort-lav-ydelse-35000-48;BYD;Atto 2;Comfort · lav ydelse;suv;el;35000;48;5045;19995;1800;263955;5499;244995;26,9;80,8;107,7;E;nej;importoer;BYD;;automatisk;2026-07-20;2026-10-09;;https://katalog.bydauto.dk/NicChristiansenGruppen/byd/prisliste-privatleasing/bydprivatleasingsamlet/;430;nej;204;64,8;forhjul;450;5
2026-10-09;byd-atto-2-comfort-lav-udbetaling-35000-48;BYD;Atto 2;Comfort · lav udbetaling;suv;el;35000;48;5345;9995;1800;268355;5591;244995;27,4;82,2;109,5;E;nej;importoer;BYD;;automatisk;2026-07-20;2026-10-09;;https://katalog.bydauto.dk/NicChristiansenGruppen/byd/prisliste-privatleasing/bydprivatleasingsamlet/;430;nej;204;64,8;forhjul;450;5
2026-10-09;byd-atto-2-comfort-lav-ydelse-40000-48;BYD;Atto 2;Comfort · lav ydelse;suv;el;40000;48;5395;19995;1800;280755;5849;244995;28,6;85,9;114,6;E;nej;importoer;BYD;;automatisk;2026-07-20;2026-10-09;;https://katalog.bydauto.dk/NicChristiansenGruppen/byd/prisliste-privatleasing/bydprivatleasingsamlet/;430;nej;204;64,8;forhjul;450;5
2026-10-09;byd-atto-2-comfort-lav-udbetaling-40000-48;BYD;Atto 2;Comfort · lav udbetaling;suv;el;40000;48;5695;9995;1800;285155;5941;244995;29,1;87,3;116,4;E;nej;importoer;BYD;;automatisk;2026-07-20;2026-10-09;;https://katalog.bydauto.dk/NicChristiansenGruppen/byd/prisliste-privatleasing/bydprivatleasingsamlet/;430;nej;204;64,8;forhjul;450;5
2026-10-09;byd-atto-3-evo-design-lav-ydelse-10000-48;BYD;Atto 3 EVO;Design · lav ydelse;suv;el;10000;48;3095;39995;1800;190355;3966;279995;17,0;51,0;68,0;C;nej;importoer;BYD;;automatisk;2026-07-21;2026-10-09;;https://katalog.bydauto.dk/NicChristiansenGruppen/byd/prisliste-privatleasing/bydprivatleasingsamlet/;510;nej;313;74,8;baghjul;490;5
2026-10-09;byd-atto-3-evo-design-lav-udbetaling-10000-48;BYD;Atto 3 EVO;Design · lav udbetaling;suv;el;10000;48;3595;19995;1800;194355;4049;279995;17,4;52,1;69,4;C;nej;importoer;BYD;;automatisk;2026-07-21;2026-10-09;;https://katalog.bydauto.dk/NicChristiansenGruppen/byd/prisliste-privatleasing/bydprivatleasingsamlet/;510;nej;313;74,8;baghjul;490;5
2026-10-09;byd-atto-3-evo-excellence-lav-ydelse-10000-48;BYD;Atto 3 EVO;Excellence · lav ydelse;suv;el;10000;48;3295;39995;1800;199955;4166;299995;16,7;50,0;66,7;C;nej;importoer;BYD;;automatisk;2026-07-21;2026-10-09;;https://katalog.bydauto.dk/NicChristiansenGruppen/byd/prisliste-privatleasing/bydprivatleasingsamlet/;470;nej;449;74,8;4wd;490;5
2026-10-09;byd-atto-3-evo-excellence-lav-udbetaling-10000-48;BYD;Atto 3 EVO;Excellence · lav udbetaling;suv;el;10000;48;3895;19995;1800;208755;4349;299995;17,4;52,2;69,6;C;nej;importoer;BYD;;automatisk;2026-07-21;2026-10-09;;https://katalog.bydauto.dk/NicChristiansenGruppen/byd/prisliste-privatleasing/bydprivatleasingsamlet/;470;nej;449;74,8;4wd;490;5
2026-10-09;byd-atto-3-evo-design-lav-ydelse-15000-48;BYD;Atto 3 EVO;Design · lav ydelse;suv;el;15000;48;3445;39995;1800;207155;4316;279995;18,5;55,5;74,0;D;nej;importoer;BYD;;automatisk;2026-07-21;2026-10-09;;https://katalog.bydauto.dk/NicChristiansenGruppen/byd/prisliste-privatleasing/bydprivatleasingsamlet/;510;nej;313;74,8;baghjul;490;5
2026-10-09;byd-atto-3-evo-design-lav-udbetaling-15000-48;BYD;Atto 3 EVO;Design · lav udbetaling;suv;el;15000;48;3945;19995;1800;211155;4399;279995;18,9;56,6;75,4;D;nej;importoer;BYD;;automatisk;2026-07-21;2026-10-09;;https://katalog.bydauto.dk/NicChristiansenGruppen/byd/prisliste-privatleasing/bydprivatleasingsamlet/;510;nej;313;74,8;baghjul;490;5
2026-10-09;byd-atto-3-evo-excellence-lav-ydelse-15000-48;BYD;Atto 3 EVO;Excellence · lav ydelse;suv;el;15000;48;3645;39995;1800;216755;4516;299995;18,1;54,2;72,3;D;nej;importoer;BYD;;automatisk;2026-07-22;2026-10-09;;https://katalog.bydauto.dk/NicChristiansenGruppen/byd/prisliste-privatleasing/bydprivatleasingsamlet/;470;nej;449;74,8;4wd;490;5
2026-10-09;byd-atto-3-evo-excellence-lav-udbetaling-15000-48;BYD;Atto 3 EVO;Excellence · lav udbetaling;suv;el;15000;48;4245;19995;1800;225555;4699;299995;18,8;56,4;75,2;D;nej;importoer;BYD;;automatisk;2026-07-22;2026-10-09;;https://katalog.bydauto.dk/NicChristiansenGruppen/byd/prisliste-privatleasing/bydprivatleasingsamlet/;470;nej;449;74,8;4wd;490;5
2026-10-09;byd-atto-3-evo-design-lav-ydelse-20000-48;BYD;Atto 3 EVO;Design · lav ydelse;suv;el;20000;48;3795;39995;1800;223955;4666;279995;20,0;60,0;80,0;E;nej;importoer;BYD;;automatisk;2026-07-21;2026-10-09;;https://katalog.bydauto.dk/NicChristiansenGruppen/byd/prisliste-privatleasing/bydprivatleasingsamlet/;510;nej;313;74,8;baghjul;490;5
2026-10-09;byd-atto-3-evo-design-lav-udbetaling-20000-48;BYD;Atto 3 EVO;Design · lav udbetaling;suv;el;20000;48;4295;19995;1800;227955;4749;279995;20,4;61,1;81,4;E;nej;importoer;BYD;;automatisk;2026-07-21;2026-10-09;;https://katalog.bydauto.dk/NicChristiansenGruppen/byd/prisliste-privatleasing/bydprivatleasingsamlet/;510;nej;313;74,8;baghjul;490;5
2026-10-09;byd-atto-3-evo-excellence-lav-ydelse-20000-48;BYD;Atto 3 EVO;Excellence · lav ydelse;suv;el;20000;48;3995;39995;1800;233555;4866;299995;19,5;58,4;77,9;D;nej;importoer;BYD;;automatisk;2026-07-21;2026-10-09;;https://katalog.bydauto.dk/NicChristiansenGruppen/byd/prisliste-privatleasing/bydprivatleasingsamlet/;470;nej;449;74,8;4wd;490;5
2026-10-09;byd-atto-3-evo-excellence-lav-udbetaling-20000-48;BYD;Atto 3 EVO;Excellence · lav udbetaling;suv;el;20000;48;4595;19995;1800;242355;5049;299995;20,2;60,6;80,8;E;nej;importoer;BYD;;automatisk;2026-07-21;2026-10-09;;https://katalog.bydauto.dk/NicChristiansenGruppen/byd/prisliste-privatleasing/bydprivatleasingsamlet/;470;nej;449;74,8;4wd;490;5
2026-10-09;byd-atto-3-evo-design-lav-ydelse-25000-48;BYD;Atto 3 EVO;Design · lav ydelse;suv;el;25000;48;4145;39995;1800;240755;5016;279995;21,5;64,5;86,0;E;nej;importoer;BYD;;automatisk;2026-07-21;2026-10-09;;https://katalog.bydauto.dk/NicChristiansenGruppen/byd/prisliste-privatleasing/bydprivatleasingsamlet/;510;nej;313;74,8;baghjul;490;5
2026-10-09;byd-atto-3-evo-design-lav-udbetaling-25000-48;BYD;Atto 3 EVO;Design · lav udbetaling;suv;el;25000;48;4645;19995;1800;244755;5099;279995;21,9;65,6;87,4;E;nej;importoer;BYD;;automatisk;2026-07-21;2026-10-09;;https://katalog.bydauto.dk/NicChristiansenGruppen/byd/prisliste-privatleasing/bydprivatleasingsamlet/;510;nej;313;74,8;baghjul;490;5
2026-10-09;byd-atto-3-evo-excellence-lav-ydelse-25000-48;BYD;Atto 3 EVO;Excellence · lav ydelse;suv;el;25000;48;4345;39995;1800;250355;5216;299995;20,9;62,6;83,5;E;nej;importoer;BYD;;automatisk;2026-07-21;2026-10-09;;https://katalog.bydauto.dk/NicChristiansenGruppen/byd/prisliste-privatleasing/bydprivatleasingsamlet/;470;nej;449;74,8;4wd;490;5
2026-10-09;byd-atto-3-evo-excellence-lav-udbetaling-25000-48;BYD;Atto 3 EVO;Excellence · lav udbetaling;suv;el;25000;48;4945;19995;1800;259155;5399;299995;21,6;64,8;86,4;E;nej;importoer;BYD;;automatisk;2026-07-21;2026-10-09;;https://katalog.bydauto.dk/NicChristiansenGruppen/byd/prisliste-privatleasing/bydprivatleasingsamlet/;470;nej;449;74,8;4wd;490;5
2026-10-09;byd-atto-3-evo-design-lav-ydelse-30000-48;BYD;Atto 3 EVO;Design · lav ydelse;suv;el;30000;48;4495;39995;1800;257555;5366;279995;23,0;69,0;92,0;E;nej;importoer;BYD;;automatisk;2026-07-21;2026-10-09;;https://katalog.bydauto.dk/NicChristiansenGruppen/byd/prisliste-privatleasing/bydprivatleasingsamlet/;510;nej;313;74,8;baghjul;490;5
2026-10-09;byd-atto-3-evo-design-lav-udbetaling-30000-48;BYD;Atto 3 EVO;Design · lav udbetaling;suv;el;30000;48;4995;19995;1800;261555;5449;279995;23,4;70,1;93,4;E;nej;importoer;BYD;;automatisk;2026-07-21;2026-10-09;;https://katalog.bydauto.dk/NicChristiansenGruppen/byd/prisliste-privatleasing/bydprivatleasingsamlet/;510;nej;313;74,8;baghjul;490;5
2026-10-09;byd-atto-3-evo-excellence-lav-ydelse-30000-48;BYD;Atto 3 EVO;Excellence · lav ydelse;suv;el;30000;48;4695;39995;1800;267155;5566;299995;22,3;66,8;89,1;E;nej;importoer;BYD;;automatisk;2026-07-21;2026-10-09;;https://katalog.bydauto.dk/NicChristiansenGruppen/byd/prisliste-privatleasing/bydprivatleasingsamlet/;470;nej;449;74,8;4wd;490;5
2026-10-09;byd-atto-3-evo-excellence-lav-udbetaling-30000-48;BYD;Atto 3 EVO;Excellence · lav udbetaling;suv;el;30000;48;5295;19995;1800;275955;5749;299995;23,0;69,0;92,0;E;nej;importoer;BYD;;automatisk;2026-07-21;2026-10-09;;https://katalog.bydauto.dk/NicChristiansenGruppen/byd/prisliste-privatleasing/bydprivatleasingsamlet/;470;nej;449;74,8;4wd;490;5
2026-10-09;byd-atto-3-evo-design-lav-ydelse-35000-48;BYD;Atto 3 EVO;Design · lav ydelse;suv;el;35000;48;4845;39995;1800;274355;5716;279995;24,5;73,5;98,0;E;nej;importoer;BYD;;automatisk;2026-07-21;2026-10-09;;https://katalog.bydauto.dk/NicChristiansenGruppen/byd/prisliste-privatleasing/bydprivatleasingsamlet/;510;nej;313;74,8;baghjul;490;5
2026-10-09;byd-atto-3-evo-design-lav-udbetaling-35000-48;BYD;Atto 3 EVO;Design · lav udbetaling;suv;el;35000;48;5345;19995;1800;278355;5799;279995;24,9;74,6;99,4;E;nej;importoer;BYD;;automatisk;2026-07-21;2026-10-09;;https://katalog.bydauto.dk/NicChristiansenGruppen/byd/prisliste-privatleasing/bydprivatleasingsamlet/;510;nej;313;74,8;baghjul;490;5
2026-10-09;byd-atto-3-evo-excellence-lav-ydelse-35000-48;BYD;Atto 3 EVO;Excellence · lav ydelse;suv;el;35000;48;5045;39995;1800;283955;5916;299995;23,7;71,0;94,7;E;nej;importoer;BYD;;automatisk;2026-07-21;2026-10-09;;https://katalog.bydauto.dk/NicChristiansenGruppen/byd/prisliste-privatleasing/bydprivatleasingsamlet/;470;nej;449;74,8;4wd;490;5
2026-10-09;byd-atto-3-evo-excellence-lav-udbetaling-35000-48;BYD;Atto 3 EVO;Excellence · lav udbetaling;suv;el;35000;48;5645;19995;1800;292755;6099;299995;24,4;73,2;97,6;E;nej;importoer;BYD;;automatisk;2026-07-21;2026-10-09;;https://katalog.bydauto.dk/NicChristiansenGruppen/byd/prisliste-privatleasing/bydprivatleasingsamlet/;470;nej;449;74,8;4wd;490;5
2026-10-09;byd-atto-3-evo-design-lav-ydelse-40000-48;BYD;Atto 3 EVO;Design · lav ydelse;suv;el;40000;48;5195;39995;1800;291155;6066;279995;26,0;78,0;104,0;E;nej;importoer;BYD;;automatisk;2026-07-21;2026-10-09;;https://katalog.bydauto.dk/NicChristiansenGruppen/byd/prisliste-privatleasing/bydprivatleasingsamlet/;510;nej;313;74,8;baghjul;490;5
2026-10-09;byd-atto-3-evo-design-lav-udbetaling-40000-48;BYD;Atto 3 EVO;Design · lav udbetaling;suv;el;40000;48;5695;19995;1800;295155;6149;279995;26,4;79,1;105,4;E;nej;importoer;BYD;;automatisk;2026-07-21;2026-10-09;;https://katalog.bydauto.dk/NicChristiansenGruppen/byd/prisliste-privatleasing/bydprivatleasingsamlet/;510;nej;313;74,8;baghjul;490;5
2026-10-09;byd-atto-3-evo-excellence-lav-ydelse-40000-48;BYD;Atto 3 EVO;Excellence · lav ydelse;suv;el;40000;48;5395;39995;1800;300755;6266;299995;25,1;75,2;100,3;E;nej;importoer;BYD;;automatisk;2026-07-21;2026-10-09;;https://katalog.bydauto.dk/NicChristiansenGruppen/byd/prisliste-privatleasing/bydprivatleasingsamlet/;470;nej;449;74,8;4wd;490;5
2026-10-09;byd-atto-3-evo-excellence-lav-udbetaling-40000-48;BYD;Atto 3 EVO;Excellence · lav udbetaling;suv;el;40000;48;5995;19995;1800;309555;6449;299995;25,8;77,4;103,2;E;nej;importoer;BYD;;automatisk;2026-07-21;2026-10-09;;https://katalog.bydauto.dk/NicChristiansenGruppen/byd/prisliste-privatleasing/bydprivatleasingsamlet/;470;nej;449;74,8;4wd;490;5
2026-10-09;byd-dolphin-comfort-lav-ydelse-10000-48;BYD;Dolphin;Comfort · lav ydelse;kompakt;el;10000;48;2695;19995;1800;151155;3149;214995;17,6;52,7;70,3;C;nej;importoer;BYD;;automatisk;2026-10-02;2026-10-09;;https://katalog.bydauto.dk/NicChristiansenGruppen/byd/prisliste-privatleasing/bydprivatleasingsamlet/;427;nej;204;60,4;forhjul;430;5
2026-10-09;byd-dolphin-comfort-lav-udbetaling-10000-48;BYD;Dolphin;Comfort · lav udbetaling;kompakt;el;10000;48;3195;9995;1800;165155;3441;214995;19,2;57,6;76,8;D;nej;importoer;BYD;;automatisk;2026-10-02;2026-10-09;;https://katalog.bydauto.dk/NicChristiansenGruppen/byd/prisliste-privatleasing/bydprivatleasingsamlet/;427;nej;204;60,4;forhjul;430;5
2026-10-09;byd-dolphin-comfort-lav-ydelse-15000-48;BYD;Dolphin;Comfort · lav ydelse;kompakt;el;15000;48;3045;19995;1800;167955;3499;214995;19,5;58,6;78,1;D;nej;importoer;BYD;;automatisk;2026-10-02;2026-10-09;;https://katalog.bydauto.dk/NicChristiansenGruppen/byd/prisliste-privatleasing/bydprivatleasingsamlet/;427;nej;204;60,4;forhjul;430;5
2026-10-09;byd-dolphin-comfort-lav-udbetaling-15000-48;BYD;Dolphin;Comfort · lav udbetaling;kompakt;el;15000;48;3545;9995;1800;181955;3791;214995;21,2;63,5;84,6;E;nej;importoer;BYD;;automatisk;2026-10-02;2026-10-09;;https://katalog.bydauto.dk/NicChristiansenGruppen/byd/prisliste-privatleasing/bydprivatleasingsamlet/;427;nej;204;60,4;forhjul;430;5
2026-10-09;byd-dolphin-comfort-lav-ydelse-20000-48;BYD;Dolphin;Comfort · lav ydelse;kompakt;el;20000;48;3395;19995;1800;184755;3849;214995;21,5;64,4;85,9;E;nej;importoer;BYD;;automatisk;2026-10-02;2026-10-09;;https://katalog.bydauto.dk/NicChristiansenGruppen/byd/prisliste-privatleasing/bydprivatleasingsamlet/;427;nej;204;60,4;forhjul;430;5
2026-10-09;byd-dolphin-comfort-lav-udbetaling-20000-48;BYD;Dolphin;Comfort · lav udbetaling;kompakt;el;20000;48;3895;9995;1800;198755;4141;214995;23,1;69,3;92,4;E;nej;importoer;BYD;;automatisk;2026-10-02;2026-10-09;;https://katalog.bydauto.dk/NicChristiansenGruppen/byd/prisliste-privatleasing/bydprivatleasingsamlet/;427;nej;204;60,4;forhjul;430;5
2026-10-09;byd-dolphin-comfort-lav-ydelse-25000-48;BYD;Dolphin;Comfort · lav ydelse;kompakt;el;25000;48;3745;19995;1800;201555;4199;214995;23,4;70,3;93,7;E;nej;importoer;BYD;;automatisk;2026-10-02;2026-10-09;;https://katalog.bydauto.dk/NicChristiansenGruppen/byd/prisliste-privatleasing/bydprivatleasingsamlet/;427;nej;204;60,4;forhjul;430;5
2026-10-09;byd-dolphin-comfort-lav-udbetaling-25000-48;BYD;Dolphin;Comfort · lav udbetaling;kompakt;el;25000;48;4245;9995;1800;215555;4491;214995;25,1;75,2;100,3;E;nej;importoer;BYD;;automatisk;2026-10-02;2026-10-09;;https://katalog.bydauto.dk/NicChristiansenGruppen/byd/prisliste-privatleasing/bydprivatleasingsamlet/;427;nej;204;60,4;forhjul;430;5
2026-10-09;byd-dolphin-comfort-lav-ydelse-30000-48;BYD;Dolphin;Comfort · lav ydelse;kompakt;el;30000;48;4095;19995;1800;218355;4549;214995;25,4;76,2;101,6;E;nej;importoer;BYD;;automatisk;2026-10-02;2026-10-09;;https://katalog.bydauto.dk/NicChristiansenGruppen/byd/prisliste-privatleasing/bydprivatleasingsamlet/;427;nej;204;60,4;forhjul;430;5
2026-10-09;byd-dolphin-comfort-lav-udbetaling-30000-48;BYD;Dolphin;Comfort · lav udbetaling;kompakt;el;30000;48;4595;9995;1800;232355;4841;214995;27,0;81,1;108,1;E;nej;importoer;BYD;;automatisk;2026-10-02;2026-10-09;;https://katalog.bydauto.dk/NicChristiansenGruppen/byd/prisliste-privatleasing/bydprivatleasingsamlet/;427;nej;204;60,4;forhjul;430;5
2026-10-09;byd-dolphin-comfort-lav-ydelse-35000-48;BYD;Dolphin;Comfort · lav ydelse;kompakt;el;35000;48;4445;19995;1800;235155;4899;214995;27,3;82,0;109,4;E;nej;importoer;BYD;;automatisk;2026-10-02;2026-10-09;;https://katalog.bydauto.dk/NicChristiansenGruppen/byd/prisliste-privatleasing/bydprivatleasingsamlet/;427;nej;204;60,4;forhjul;430;5
2026-10-09;byd-dolphin-comfort-lav-udbetaling-35000-48;BYD;Dolphin;Comfort · lav udbetaling;kompakt;el;35000;48;4945;9995;1800;249155;5191;214995;29,0;86,9;115,9;E;nej;importoer;BYD;;automatisk;2026-10-02;2026-10-09;;https://katalog.bydauto.dk/NicChristiansenGruppen/byd/prisliste-privatleasing/bydprivatleasingsamlet/;427;nej;204;60,4;forhjul;430;5
2026-10-09;byd-dolphin-comfort-lav-ydelse-40000-48;BYD;Dolphin;Comfort · lav ydelse;kompakt;el;40000;48;4795;19995;1800;251955;5249;214995;29,3;87,9;117,2;E;nej;importoer;BYD;;automatisk;2026-10-02;2026-10-09;;https://katalog.bydauto.dk/NicChristiansenGruppen/byd/prisliste-privatleasing/bydprivatleasingsamlet/;427;nej;204;60,4;forhjul;430;5
2026-10-09;byd-dolphin-comfort-lav-udbetaling-40000-48;BYD;Dolphin;Comfort · lav udbetaling;kompakt;el;40000;48;5295;9995;1800;265955;5541;214995;30,9;92,8;123,7;E;nej;importoer;BYD;;automatisk;2026-10-02;2026-10-09;;https://katalog.bydauto.dk/NicChristiansenGruppen/byd/prisliste-privatleasing/bydprivatleasingsamlet/;427;nej;204;60,4;forhjul;430;5
2026-10-09;byd-dolphin-surf-boost-lav-ydelse-10000-48;BYD;Dolphin Surf;Boost · lav ydelse;minibil;el;10000;48;1795;19995;1800;107955;2249;174995;15,4;46,3;61,7;C;nej;importoer;BYD;;automatisk;2026-07-19;2026-10-09;;https://katalog.bydauto.dk/NicChristiansenGruppen/byd/prisliste-privatleasing/bydprivatleasingsamlet/;322;nej;88;43,2;forhjul;308;
2026-10-09;byd-dolphin-surf-comfort-lav-ydelse-10000-48;BYD;Dolphin Surf;Comfort · lav ydelse;minibil;el;10000;48;1995;19995;1800;117555;2449;189995;15,5;46,4;61,9;C;nej;importoer;BYD;;automatisk;2026-07-21;2026-10-09;;https://katalog.bydauto.dk/NicChristiansenGruppen/byd/prisliste-privatleasing/bydprivatleasingsamlet/;310;nej;156;43,2;forhjul;308;
2026-10-09;byd-dolphin-surf-boost-lav-udbetaling-10000-48;BYD;Dolphin Surf;Boost · lav udbetaling;minibil;el;10000;48;2295;9995;1800;121955;2541;174995;17,4;52,3;69,7;C;nej;importoer;BYD;;automatisk;2026-07-19;2026-10-09;;https://katalog.bydauto.dk/NicChristiansenGruppen/byd/prisliste-privatleasing/bydprivatleasingsamlet/;322;nej;88;43,2;forhjul;308;
2026-10-09;byd-dolphin-surf-comfort-lav-udbetaling-10000-48;BYD;Dolphin Surf;Comfort · lav udbetaling;minibil;el;10000;48;2495;9995;1800;131555;2741;189995;17,3;51,9;69,2;C;nej;importoer;BYD;;automatisk;2026-07-21;2026-10-09;;https://katalog.bydauto.dk/NicChristiansenGruppen/byd/prisliste-privatleasing/bydprivatleasingsamlet/;310;nej;156;43,2;forhjul;308;
2026-10-09;byd-dolphin-surf-boost-lav-ydelse-15000-48;BYD;Dolphin Surf;Boost · lav ydelse;minibil;el;15000;48;2145;19995;1800;124755;2599;174995;17,8;53,5;71,3;C;nej;importoer;BYD;;automatisk;2026-07-19;2026-10-09;;https://katalog.bydauto.dk/NicChristiansenGruppen/byd/prisliste-privatleasing/bydprivatleasingsamlet/;322;nej;88;43,2;forhjul;308;
2026-10-09;byd-dolphin-surf-comfort-lav-ydelse-15000-48;BYD;Dolphin Surf;Comfort · lav ydelse;minibil;el;15000;48;2345;19995;1800;134355;2799;189995;17,7;53,0;70,7;C;nej;importoer;BYD;;automatisk;2026-07-21;2026-10-09;;https://katalog.bydauto.dk/NicChristiansenGruppen/byd/prisliste-privatleasing/bydprivatleasingsamlet/;310;nej;156;43,2;forhjul;308;
2026-10-09;byd-dolphin-surf-boost-lav-udbetaling-15000-48;BYD;Dolphin Surf;Boost · lav udbetaling;minibil;el;15000;48;2645;9995;1800;138755;2891;174995;19,8;59,5;79,3;D;nej;importoer;BYD;;automatisk;2026-07-19;2026-10-09;;https://katalog.bydauto.dk/NicChristiansenGruppen/byd/prisliste-privatleasing/bydprivatleasingsamlet/;322;nej;88;43,2;forhjul;308;
2026-10-09;byd-dolphin-surf-comfort-lav-udbetaling-15000-48;BYD;Dolphin Surf;Comfort · lav udbetaling;minibil;el;15000;48;2845;9995;1800;148355;3091;189995;19,5;58,6;78,1;D;nej;importoer;BYD;;automatisk;2026-07-21;2026-10-09;;https://katalog.bydauto.dk/NicChristiansenGruppen/byd/prisliste-privatleasing/bydprivatleasingsamlet/;310;nej;156;43,2;forhjul;308;
2026-10-09;byd-dolphin-surf-boost-lav-ydelse-20000-48;BYD;Dolphin Surf;Boost · lav ydelse;minibil;el;20000;48;2495;19995;1800;141555;2949;174995;20,2;60,7;80,9;E;nej;importoer;BYD;;automatisk;2026-07-19;2026-10-09;;https://katalog.bydauto.dk/NicChristiansenGruppen/byd/prisliste-privatleasing/bydprivatleasingsamlet/;322;nej;88;43,2;forhjul;308;
2026-10-09;byd-dolphin-surf-comfort-lav-ydelse-20000-48;BYD;Dolphin Surf;Comfort · lav ydelse;minibil;el;20000;48;2695;19995;1800;151155;3149;189995;19,9;59,7;79,6;D;nej;importoer;BYD;;automatisk;2026-07-21;2026-10-09;;https://katalog.bydauto.dk/NicChristiansenGruppen/byd/prisliste-privatleasing/bydprivatleasingsamlet/;310;nej;156;43,2;forhjul;308;
2026-10-09;byd-dolphin-surf-boost-lav-udbetaling-20000-48;BYD;Dolphin Surf;Boost · lav udbetaling;minibil;el;20000;48;2995;9995;1800;155555;3241;174995;22,2;66,7;88,9;E;nej;importoer;BYD;;automatisk;2026-07-19;2026-10-09;;https://katalog.bydauto.dk/NicChristiansenGruppen/byd/prisliste-privatleasing/bydprivatleasingsamlet/;322;nej;88;43,2;forhjul;308;
2026-10-09;byd-dolphin-surf-comfort-lav-udbetaling-20000-48;BYD;Dolphin Surf;Comfort · lav udbetaling;minibil;el;20000;48;3195;9995;1800;165155;3441;189995;21,7;65,2;86,9;E;nej;importoer;BYD;;automatisk;2026-07-21;2026-10-09;;https://katalog.bydauto.dk/NicChristiansenGruppen/byd/prisliste-privatleasing/bydprivatleasingsamlet/;310;nej;156;43,2;forhjul;308;
2026-10-09;byd-dolphin-surf-boost-lav-ydelse-25000-48;BYD;Dolphin Surf;Boost · lav ydelse;minibil;el;25000;48;2845;19995;1800;158355;3299;174995;22,6;67,9;90,5;E;nej;importoer;BYD;;automatisk;2026-07-19;2026-10-09;;https://katalog.bydauto.dk/NicChristiansenGruppen/byd/prisliste-privatleasing/bydprivatleasingsamlet/;322;nej;88;43,2;forhjul;308;
2026-10-09;byd-dolphin-surf-comfort-lav-ydelse-25000-48;BYD;Dolphin Surf;Comfort · lav ydelse;minibil;el;25000;48;3045;19995;1800;167955;3499;189995;22,1;66,3;88,4;E;nej;importoer;BYD;;automatisk;2026-07-21;2026-10-09;;https://katalog.bydauto.dk/NicChristiansenGruppen/byd/prisliste-privatleasing/bydprivatleasingsamlet/;310;nej;156;43,2;forhjul;308;
2026-10-09;byd-dolphin-surf-boost-lav-udbetaling-25000-48;BYD;Dolphin Surf;Boost · lav udbetaling;minibil;el;25000;48;3345;9995;1800;172355;3591;174995;24,6;73,9;98,5;E;nej;importoer;BYD;;automatisk;2026-07-22;2026-10-09;;https://katalog.bydauto.dk/NicChristiansenGruppen/byd/prisliste-privatleasing/bydprivatleasingsamlet/;322;nej;88;43,2;forhjul;308;
2026-10-09;byd-dolphin-surf-comfort-lav-udbetaling-25000-48;BYD;Dolphin Surf;Comfort · lav udbetaling;minibil;el;25000;48;3545;9995;1800;181955;3791;189995;23,9;71,8;95,8;E;nej;importoer;BYD;;automatisk;2026-07-21;2026-10-09;;https://katalog.bydauto.dk/NicChristiansenGruppen/byd/prisliste-privatleasing/bydprivatleasingsamlet/;310;nej;156;43,2;forhjul;308;
2026-10-09;byd-dolphin-surf-boost-lav-ydelse-30000-48;BYD;Dolphin Surf;Boost · lav ydelse;minibil;el;30000;48;3195;19995;1800;175155;3649;174995;25,0;75,1;100,1;E;nej;importoer;BYD;;automatisk;2026-07-19;2026-10-09;;https://katalog.bydauto.dk/NicChristiansenGruppen/byd/prisliste-privatleasing/bydprivatleasingsamlet/;322;nej;88;43,2;forhjul;308;
2026-10-09;byd-dolphin-surf-comfort-lav-ydelse-30000-48;BYD;Dolphin Surf;Comfort · lav ydelse;minibil;el;30000;48;3395;19995;1800;184755;3849;189995;24,3;72,9;97,2;E;nej;importoer;BYD;;automatisk;2026-07-21;2026-10-09;;https://katalog.bydauto.dk/NicChristiansenGruppen/byd/prisliste-privatleasing/bydprivatleasingsamlet/;310;nej;156;43,2;forhjul;308;
2026-10-09;byd-dolphin-surf-boost-lav-udbetaling-30000-48;BYD;Dolphin Surf;Boost · lav udbetaling;minibil;el;30000;48;3695;9995;1800;189155;3941;174995;27,0;81,1;108,1;E;nej;importoer;BYD;;automatisk;2026-07-22;2026-10-09;;https://katalog.bydauto.dk/NicChristiansenGruppen/byd/prisliste-privatleasing/bydprivatleasingsamlet/;322;nej;88;43,2;forhjul;308;
2026-10-09;byd-dolphin-surf-comfort-lav-udbetaling-30000-48;BYD;Dolphin Surf;Comfort · lav udbetaling;minibil;el;30000;48;3895;9995;1800;198755;4141;189995;26,2;78,5;104,6;E;nej;importoer;BYD;;automatisk;2026-07-21;2026-10-09;;https://katalog.bydauto.dk/NicChristiansenGruppen/byd/prisliste-privatleasing/bydprivatleasingsamlet/;310;nej;156;43,2;forhjul;308;
2026-10-09;byd-dolphin-surf-boost-lav-ydelse-35000-48;BYD;Dolphin Surf;Boost · lav ydelse;minibil;el;35000;48;3545;19995;1800;191955;3999;174995;27,4;82,3;109,7;E;nej;importoer;BYD;;automatisk;2026-07-19;2026-10-09;;https://katalog.bydauto.dk/NicChristiansenGruppen/byd/prisliste-privatleasing/bydprivatleasingsamlet/;322;nej;88;43,2;forhjul;308;
2026-10-09;byd-dolphin-surf-comfort-lav-ydelse-35000-48;BYD;Dolphin Surf;Comfort · lav ydelse;minibil;el;35000;48;3745;19995;1800;201555;4199;189995;26,5;79,6;106,1;E;nej;importoer;BYD;;automatisk;2026-07-21;2026-10-09;;https://katalog.bydauto.dk/NicChristiansenGruppen/byd/prisliste-privatleasing/bydprivatleasingsamlet/;310;nej;156;43,2;forhjul;308;
2026-10-09;byd-dolphin-surf-boost-lav-udbetaling-35000-48;BYD;Dolphin Surf;Boost · lav udbetaling;minibil;el;35000;48;4045;9995;1800;205955;4291;174995;29,4;88,3;117,7;E;nej;importoer;BYD;;automatisk;2026-07-19;2026-10-09;;https://katalog.bydauto.dk/NicChristiansenGruppen/byd/prisliste-privatleasing/bydprivatleasingsamlet/;322;nej;88;43,2;forhjul;308;
2026-10-09;byd-dolphin-surf-comfort-lav-udbetaling-35000-48;BYD;Dolphin Surf;Comfort · lav udbetaling;minibil;el;35000;48;4245;9995;1800;215555;4491;189995;28,4;85,1;113,5;E;nej;importoer;BYD;;automatisk;2026-07-21;2026-10-09;;https://katalog.bydauto.dk/NicChristiansenGruppen/byd/prisliste-privatleasing/bydprivatleasingsamlet/;310;nej;156;43,2;forhjul;308;
2026-10-09;byd-dolphin-surf-boost-lav-ydelse-40000-48;BYD;Dolphin Surf;Boost · lav ydelse;minibil;el;40000;48;3895;19995;1800;208755;4349;174995;29,8;89,5;119,3;E;nej;importoer;BYD;;automatisk;2026-07-19;2026-10-09;;https://katalog.bydauto.dk/NicChristiansenGruppen/byd/prisliste-privatleasing/bydprivatleasingsamlet/;322;nej;88;43,2;forhjul;308;
2026-10-09;byd-dolphin-surf-comfort-lav-ydelse-40000-48;BYD;Dolphin Surf;Comfort · lav ydelse;minibil;el;40000;48;4095;19995;1800;218355;4549;189995;28,7;86,2;114,9;E;nej;importoer;BYD;;automatisk;2026-07-21;2026-10-09;;https://katalog.bydauto.dk/NicChristiansenGruppen/byd/prisliste-privatleasing/bydprivatleasingsamlet/;310;nej;156;43,2;forhjul;308;
2026-10-09;byd-dolphin-surf-boost-lav-udbetaling-40000-48;BYD;Dolphin Surf;Boost · lav udbetaling;minibil;el;40000;48;4395;9995;1800;222755;4641;174995;31,8;95,5;127,3;E;nej;importoer;BYD;;automatisk;2026-07-19;2026-10-09;;https://katalog.bydauto.dk/NicChristiansenGruppen/byd/prisliste-privatleasing/bydprivatleasingsamlet/;322;nej;88;43,2;forhjul;308;
2026-10-09;byd-dolphin-surf-comfort-lav-udbetaling-40000-48;BYD;Dolphin Surf;Comfort · lav udbetaling;minibil;el;40000;48;4595;9995;1800;232355;4841;189995;30,6;91,7;122,3;E;nej;importoer;BYD;;automatisk;2026-07-21;2026-10-09;;https://katalog.bydauto.dk/NicChristiansenGruppen/byd/prisliste-privatleasing/bydprivatleasingsamlet/;310;nej;156;43,2;forhjul;308;
2026-10-09;byd-seal-design-lav-ydelse-10000-48;BYD;Seal;Design · lav ydelse;mellemklasse;el;10000;48;3395;39995;1800;204755;4266;319995;16,0;48,0;64,0;C;nej;importoer;BYD;;automatisk;2026-08-10;2026-10-09;;https://katalog.bydauto.dk/NicChristiansenGruppen/byd/prisliste-privatleasing/bydprivatleasingsamlet/;570;nej;313;82,5;baghjul;485;5
2026-10-09;byd-seal-excellence-lav-ydelse-10000-48;BYD;Seal;Excellence · lav ydelse;mellemklasse;el;10000;48;3495;39995;1800;209555;4366;344995;15,2;45,6;60,7;C;nej;importoer;BYD;;automatisk;2026-07-21;2026-10-09;;https://katalog.bydauto.dk/NicChristiansenGruppen/byd/prisliste-privatleasing/bydprivatleasingsamlet/;520;nej;530;82,5;4wd;485;
2026-10-09;byd-seal-design-lav-udbetaling-10000-48;BYD;Seal;Design · lav udbetaling;mellemklasse;el;10000;48;3995;19995;1800;213555;4449;319995;16,7;50,1;66,7;C;nej;importoer;BYD;;automatisk;2026-08-10;2026-10-09;;https://katalog.bydauto.dk/NicChristiansenGruppen/byd/prisliste-privatleasing/bydprivatleasingsamlet/;570;nej;313;82,5;baghjul;485;5
2026-10-09;byd-seal-excellence-lav-udbetaling-10000-48;BYD;Seal;Excellence · lav udbetaling;mellemklasse;el;10000;48;4095;19995;1800;218355;4549;344995;15,8;47,5;63,3;C;nej;importoer;BYD;;automatisk;2026-08-30;2026-10-09;;https://katalog.bydauto.dk/NicChristiansenGruppen/byd/prisliste-privatleasing/bydprivatleasingsamlet/;520;nej;530;82,5;4wd;485;
2026-10-09;byd-seal-design-lav-ydelse-15000-48;BYD;Seal;Design · lav ydelse;mellemklasse;el;15000;48;3745;39995;1800;221555;4616;319995;17,3;51,9;69,2;C;nej;importoer;BYD;;automatisk;2026-08-10;2026-10-09;;https://katalog.bydauto.dk/NicChristiansenGruppen/byd/prisliste-privatleasing/bydprivatleasingsamlet/;570;nej;313;82,5;baghjul;485;5
2026-10-09;byd-seal-excellence-lav-ydelse-15000-48;BYD;Seal;Excellence · lav ydelse;mellemklasse;el;15000;48;3845;39995;1800;226355;4716;344995;16,4;49,2;65,6;C;nej;importoer;BYD;;automatisk;2026-08-30;2026-10-09;;https://katalog.bydauto.dk/NicChristiansenGruppen/byd/prisliste-privatleasing/bydprivatleasingsamlet/;520;nej;530;82,5;4wd;485;
2026-10-09;byd-seal-design-lav-udbetaling-15000-48;BYD;Seal;Design · lav udbetaling;mellemklasse;el;15000;48;4345;19995;1800;230355;4799;319995;18,0;54,0;72,0;D;nej;importoer;BYD;;automatisk;2026-08-10;2026-10-09;;https://katalog.bydauto.dk/NicChristiansenGruppen/byd/prisliste-privatleasing/bydprivatleasingsamlet/;570;nej;313;82,5;baghjul;485;5
2026-10-09;byd-seal-excellence-lav-udbetaling-15000-48;BYD;Seal;Excellence · lav udbetaling;mellemklasse;el;15000;48;4445;19995;1800;235155;4899;344995;17,0;51,1;68,2;C;nej;importoer;BYD;;automatisk;2026-08-30;2026-10-09;;https://katalog.bydauto.dk/NicChristiansenGruppen/byd/prisliste-privatleasing/bydprivatleasingsamlet/;520;nej;530;82,5;4wd;485;
2026-10-09;byd-seal-design-lav-ydelse-20000-48;BYD;Seal;Design · lav ydelse;mellemklasse;el;20000;48;4095;39995;1800;238355;4966;319995;18,6;55,9;74,5;D;nej;importoer;BYD;;automatisk;2026-07-21;2026-10-09;;https://katalog.bydauto.dk/NicChristiansenGruppen/byd/prisliste-privatleasing/bydprivatleasingsamlet/;570;nej;313;82,5;baghjul;485;5
2026-10-09;byd-seal-excellence-lav-ydelse-20000-48;BYD;Seal;Excellence · lav ydelse;mellemklasse;el;20000;48;4195;39995;1800;243155;5066;344995;17,6;52,9;70,5;C;nej;importoer;BYD;;automatisk;2026-07-21;2026-10-09;;https://katalog.bydauto.dk/NicChristiansenGruppen/byd/prisliste-privatleasing/bydprivatleasingsamlet/;520;nej;530;82,5;4wd;485;
2026-10-09;byd-seal-design-lav-udbetaling-20000-48;BYD;Seal;Design · lav udbetaling;mellemklasse;el;20000;48;4695;19995;1800;247155;5149;319995;19,3;57,9;77,2;D;nej;importoer;BYD;;automatisk;2026-07-21;2026-10-09;;https://katalog.bydauto.dk/NicChristiansenGruppen/byd/prisliste-privatleasing/bydprivatleasingsamlet/;570;nej;313;82,5;baghjul;485;5
2026-10-09;byd-seal-excellence-lav-udbetaling-20000-48;BYD;Seal;Excellence · lav udbetaling;mellemklasse;el;20000;48;4795;19995;1800;251955;5249;344995;18,3;54,8;73,0;D;nej;importoer;BYD;;automatisk;2026-07-21;2026-10-09;;https://katalog.bydauto.dk/NicChristiansenGruppen/byd/prisliste-privatleasing/bydprivatleasingsamlet/;520;nej;530;82,5;4wd;485;
2026-10-09;byd-seal-design-lav-ydelse-25000-48;BYD;Seal;Design · lav ydelse;mellemklasse;el;25000;48;4445;39995;1800;255155;5316;319995;19,9;59,8;79,7;D;nej;importoer;BYD;;automatisk;2026-07-21;2026-10-09;;https://katalog.bydauto.dk/NicChristiansenGruppen/byd/prisliste-privatleasing/bydprivatleasingsamlet/;570;nej;313;82,5;baghjul;485;5
2026-10-09;byd-seal-excellence-lav-ydelse-25000-48;BYD;Seal;Excellence · lav ydelse;mellemklasse;el;25000;48;4545;39995;1800;259955;5416;344995;18,8;56,5;75,4;D;nej;importoer;BYD;;automatisk;2026-07-21;2026-10-09;;https://katalog.bydauto.dk/NicChristiansenGruppen/byd/prisliste-privatleasing/bydprivatleasingsamlet/;520;nej;530;82,5;4wd;485;
2026-10-09;byd-seal-design-lav-udbetaling-25000-48;BYD;Seal;Design · lav udbetaling;mellemklasse;el;25000;48;5045;19995;1800;263955;5499;319995;20,6;61,9;82,5;E;nej;importoer;BYD;;automatisk;2026-07-21;2026-10-09;;https://katalog.bydauto.dk/NicChristiansenGruppen/byd/prisliste-privatleasing/bydprivatleasingsamlet/;570;nej;313;82,5;baghjul;485;5
2026-10-09;byd-seal-excellence-lav-udbetaling-25000-48;BYD;Seal;Excellence · lav udbetaling;mellemklasse;el;25000;48;5145;19995;1800;268755;5599;344995;19,5;58,4;77,9;D;nej;importoer;BYD;;automatisk;2026-07-21;2026-10-09;;https://katalog.bydauto.dk/NicChristiansenGruppen/byd/prisliste-privatleasing/bydprivatleasingsamlet/;520;nej;530;82,5;4wd;485;
2026-10-09;byd-seal-design-lav-ydelse-30000-48;BYD;Seal;Design · lav ydelse;mellemklasse;el;30000;48;4795;39995;1800;271955;5666;319995;21,2;63,7;85,0;E;nej;importoer;BYD;;automatisk;2026-07-21;2026-10-09;;https://katalog.bydauto.dk/NicChristiansenGruppen/byd/prisliste-privatleasing/bydprivatleasingsamlet/;570;nej;313;82,5;baghjul;485;5
2026-10-09;byd-seal-excellence-lav-ydelse-30000-48;BYD;Seal;Excellence · lav ydelse;mellemklasse;el;30000;48;4895;39995;1800;276755;5766;344995;20,1;60,2;80,2;E;nej;importoer;BYD;;automatisk;2026-07-21;2026-10-09;;https://katalog.bydauto.dk/NicChristiansenGruppen/byd/prisliste-privatleasing/bydprivatleasingsamlet/;520;nej;530;82,5;4wd;485;
2026-10-09;byd-seal-design-lav-udbetaling-30000-48;BYD;Seal;Design · lav udbetaling;mellemklasse;el;30000;48;5395;19995;1800;280755;5849;319995;21,9;65,8;87,7;E;nej;importoer;BYD;;automatisk;2026-07-21;2026-10-09;;https://katalog.bydauto.dk/NicChristiansenGruppen/byd/prisliste-privatleasing/bydprivatleasingsamlet/;570;nej;313;82,5;baghjul;485;5
2026-10-09;byd-seal-excellence-lav-udbetaling-30000-48;BYD;Seal;Excellence · lav udbetaling;mellemklasse;el;30000;48;5495;19995;1800;285555;5949;344995;20,7;62,1;82,8;E;nej;importoer;BYD;;automatisk;2026-07-21;2026-10-09;;https://katalog.bydauto.dk/NicChristiansenGruppen/byd/prisliste-privatleasing/bydprivatleasingsamlet/;520;nej;530;82,5;4wd;485;
2026-10-09;byd-seal-design-lav-ydelse-35000-48;BYD;Seal;Design · lav ydelse;mellemklasse;el;35000;48;5145;39995;1800;288755;6016;319995;22,6;67,7;90,2;E;nej;importoer;BYD;;automatisk;2026-07-21;2026-10-09;;https://katalog.bydauto.dk/NicChristiansenGruppen/byd/prisliste-privatleasing/bydprivatleasingsamlet/;570;nej;313;82,5;baghjul;485;5
2026-10-09;byd-seal-excellence-lav-ydelse-35000-48;BYD;Seal;Excellence · lav ydelse;mellemklasse;el;35000;48;5245;39995;1800;293555;6116;344995;21,3;63,8;85,1;E;nej;importoer;BYD;;automatisk;2026-07-21;2026-10-09;;https://katalog.bydauto.dk/NicChristiansenGruppen/byd/prisliste-privatleasing/bydprivatleasingsamlet/;520;nej;530;82,5;4wd;485;
2026-10-09;byd-seal-design-lav-udbetaling-35000-48;BYD;Seal;Design · lav udbetaling;mellemklasse;el;35000;48;5745;19995;1800;297555;6199;319995;23,2;69,7;93,0;E;nej;importoer;BYD;;automatisk;2026-07-21;2026-10-09;;https://katalog.bydauto.dk/NicChristiansenGruppen/byd/prisliste-privatleasing/bydprivatleasingsamlet/;570;nej;313;82,5;baghjul;485;5
2026-10-09;byd-seal-excellence-lav-udbetaling-35000-48;BYD;Seal;Excellence · lav udbetaling;mellemklasse;el;35000;48;5845;19995;1800;302355;6299;344995;21,9;65,7;87,6;E;nej;importoer;BYD;;automatisk;2026-07-21;2026-10-09;;https://katalog.bydauto.dk/NicChristiansenGruppen/byd/prisliste-privatleasing/bydprivatleasingsamlet/;520;nej;530;82,5;4wd;485;
2026-10-09;byd-seal-design-lav-ydelse-40000-48;BYD;Seal;Design · lav ydelse;mellemklasse;el;40000;48;5495;39995;1800;305555;6366;319995;23,9;71,6;95,5;E;nej;importoer;BYD;;automatisk;2026-07-21;2026-10-09;;https://katalog.bydauto.dk/NicChristiansenGruppen/byd/prisliste-privatleasing/bydprivatleasingsamlet/;570;nej;313;82,5;baghjul;485;5
2026-10-09;byd-seal-excellence-lav-ydelse-40000-48;BYD;Seal;Excellence · lav ydelse;mellemklasse;el;40000;48;5595;39995;1800;310355;6466;344995;22,5;67,5;90,0;E;nej;importoer;BYD;;automatisk;2026-07-21;2026-10-09;;https://katalog.bydauto.dk/NicChristiansenGruppen/byd/prisliste-privatleasing/bydprivatleasingsamlet/;520;nej;530;82,5;4wd;485;
2026-10-09;byd-seal-design-lav-udbetaling-40000-48;BYD;Seal;Design · lav udbetaling;mellemklasse;el;40000;48;6095;19995;1800;314355;6549;319995;24,6;73,7;98,2;E;nej;importoer;BYD;;automatisk;2026-07-21;2026-10-09;;https://katalog.bydauto.dk/NicChristiansenGruppen/byd/prisliste-privatleasing/bydprivatleasingsamlet/;570;nej;313;82,5;baghjul;485;5
2026-10-09;byd-seal-excellence-lav-udbetaling-40000-48;BYD;Seal;Excellence · lav udbetaling;mellemklasse;el;40000;48;6195;19995;1800;319155;6649;344995;23,1;69,4;92,5;E;nej;importoer;BYD;;automatisk;2026-07-21;2026-10-09;;https://katalog.bydauto.dk/NicChristiansenGruppen/byd/prisliste-privatleasing/bydprivatleasingsamlet/;520;nej;530;82,5;4wd;485;
2026-10-09;byd-seal-u-design-lav-ydelse-10000-48;BYD;Seal U;Design · lav ydelse;suv;el;10000;48;2995;39995;1800;185555;3866;299995;15,5;46,4;61,9;C;nej;importoer;BYD;;automatisk;2026-07-23;2026-10-09;;https://katalog.bydauto.dk/NicChristiansenGruppen/byd/prisliste-privatleasing/bydprivatleasingsamlet/;500;nej;218;87,0;forhjul;522;5
2026-10-09;byd-seal-u-design-lav-udbetaling-10000-48;BYD;Seal U;Design · lav udbetaling;suv;el;10000;48;3495;19995;1800;189555;3949;299995;15,8;47,4;63,2;C;nej;importoer;BYD;;automatisk;2026-07-23;2026-10-09;;https://katalog.bydauto.dk/NicChristiansenGruppen/byd/prisliste-privatleasing/bydprivatleasingsamlet/;500;nej;218;87,0;forhjul;522;5
2026-10-09;byd-seal-u-design-lav-ydelse-15000-48;BYD;Seal U;Design · lav ydelse;suv;el;15000;48;3345;39995;1800;202355;4216;299995;16,9;50,6;67,5;C;nej;importoer;BYD;;automatisk;2026-07-23;2026-10-09;;https://katalog.bydauto.dk/NicChristiansenGruppen/byd/prisliste-privatleasing/bydprivatleasingsamlet/;500;nej;218;87,0;forhjul;522;5
2026-10-09;byd-seal-u-design-lav-udbetaling-15000-48;BYD;Seal U;Design · lav udbetaling;suv;el;15000;48;3845;19995;1800;206355;4299;299995;17,2;51,6;68,8;C;nej;importoer;BYD;;automatisk;2026-07-23;2026-10-09;;https://katalog.bydauto.dk/NicChristiansenGruppen/byd/prisliste-privatleasing/bydprivatleasingsamlet/;500;nej;218;87,0;forhjul;522;5
2026-10-09;byd-seal-u-design-lav-ydelse-20000-48;BYD;Seal U;Design · lav ydelse;suv;el;20000;48;3695;39995;1800;219155;4566;299995;18,3;54,8;73,1;D;nej;importoer;BYD;;automatisk;2026-07-23;2026-10-09;;https://katalog.bydauto.dk/NicChristiansenGruppen/byd/prisliste-privatleasing/bydprivatleasingsamlet/;500;nej;218;87,0;forhjul;522;5
2026-10-09;byd-seal-u-design-lav-udbetaling-20000-48;BYD;Seal U;Design · lav udbetaling;suv;el;20000;48;4195;19995;1800;223155;4649;299995;18,6;55,8;74,4;D;nej;importoer;BYD;;automatisk;2026-07-23;2026-10-09;;https://katalog.bydauto.dk/NicChristiansenGruppen/byd/prisliste-privatleasing/bydprivatleasingsamlet/;500;nej;218;87,0;forhjul;522;5
2026-10-09;byd-seal-u-design-lav-ydelse-25000-48;BYD;Seal U;Design · lav ydelse;suv;el;25000;48;4045;39995;1800;235955;4916;299995;19,7;59,0;78,7;D;nej;importoer;BYD;;automatisk;2026-07-23;2026-10-09;;https://katalog.bydauto.dk/NicChristiansenGruppen/byd/prisliste-privatleasing/bydprivatleasingsamlet/;500;nej;218;87,0;forhjul;522;5
2026-10-09;byd-seal-u-design-lav-udbetaling-25000-48;BYD;Seal U;Design · lav udbetaling;suv;el;25000;48;4545;19995;1800;239955;4999;299995;20,0;60,0;80,0;E;nej;importoer;BYD;;automatisk;2026-07-23;2026-10-09;;https://katalog.bydauto.dk/NicChristiansenGruppen/byd/prisliste-privatleasing/bydprivatleasingsamlet/;500;nej;218;87,0;forhjul;522;5
2026-10-09;byd-seal-u-design-lav-ydelse-30000-48;BYD;Seal U;Design · lav ydelse;suv;el;30000;48;4395;39995;1800;252755;5266;299995;21,1;63,2;84,3;E;nej;importoer;BYD;;automatisk;2026-07-23;2026-10-09;;https://katalog.bydauto.dk/NicChristiansenGruppen/byd/prisliste-privatleasing/bydprivatleasingsamlet/;500;nej;218;87,0;forhjul;522;5
2026-10-09;byd-seal-u-design-lav-udbetaling-30000-48;BYD;Seal U;Design · lav udbetaling;suv;el;30000;48;4895;19995;1800;256755;5349;299995;21,4;64,2;85,6;E;nej;importoer;BYD;;automatisk;2026-07-23;2026-10-09;;https://katalog.bydauto.dk/NicChristiansenGruppen/byd/prisliste-privatleasing/bydprivatleasingsamlet/;500;nej;218;87,0;forhjul;522;5
2026-10-09;byd-seal-u-design-lav-ydelse-35000-48;BYD;Seal U;Design · lav ydelse;suv;el;35000;48;4745;39995;1800;269555;5616;299995;22,5;67,4;89,9;E;nej;importoer;BYD;;automatisk;2026-07-23;2026-10-09;;https://katalog.bydauto.dk/NicChristiansenGruppen/byd/prisliste-privatleasing/bydprivatleasingsamlet/;500;nej;218;87,0;forhjul;522;5
2026-10-09;byd-seal-u-design-lav-udbetaling-35000-48;BYD;Seal U;Design · lav udbetaling;suv;el;35000;48;5245;19995;1800;273555;5699;299995;22,8;68,4;91,2;E;nej;importoer;BYD;;automatisk;2026-07-23;2026-10-09;;https://katalog.bydauto.dk/NicChristiansenGruppen/byd/prisliste-privatleasing/bydprivatleasingsamlet/;500;nej;218;87,0;forhjul;522;5
2026-10-09;byd-seal-u-design-lav-ydelse-40000-48;BYD;Seal U;Design · lav ydelse;suv;el;40000;48;5095;39995;1800;286355;5966;299995;23,9;71,6;95,5;E;nej;importoer;BYD;;automatisk;2026-07-23;2026-10-09;;https://katalog.bydauto.dk/NicChristiansenGruppen/byd/prisliste-privatleasing/bydprivatleasingsamlet/;500;nej;218;87,0;forhjul;522;5
2026-10-09;byd-seal-u-design-lav-udbetaling-40000-48;BYD;Seal U;Design · lav udbetaling;suv;el;40000;48;5595;19995;1800;290355;6049;299995;24,2;72,6;96,8;E;nej;importoer;BYD;;automatisk;2026-07-23;2026-10-09;;https://katalog.bydauto.dk/NicChristiansenGruppen/byd/prisliste-privatleasing/bydprivatleasingsamlet/;500;nej;218;87,0;forhjul;522;5
2026-10-09;byd-sealion-7-comfort-lav-ydelse-10000-48;BYD;Sealion 7;Comfort · lav ydelse;suv;el;10000;48;3295;39995;1800;199955;4166;329995;15,1;45,4;60,6;C;nej;importoer;BYD;;automatisk;2026-08-09;2026-10-09;;https://katalog.bydauto.dk/NicChristiansenGruppen/byd/prisliste-privatleasing/bydprivatleasingsamlet/;482;nej;313;82,5;baghjul;520;5
2026-10-09;byd-sealion-7-comfort-lav-udbetaling-10000-48;BYD;Sealion 7;Comfort · lav udbetaling;suv;el;10000;48;3895;19995;1800;208755;4349;329995;15,8;47,4;63,3;C;nej;importoer;BYD;;automatisk;2026-08-09;2026-10-09;;https://katalog.bydauto.dk/NicChristiansenGruppen/byd/prisliste-privatleasing/bydprivatleasingsamlet/;482;nej;313;82,5;baghjul;520;5
2026-10-09;byd-sealion-7-excellence-lav-ydelse-10000-48;BYD;Sealion 7;Excellence · lav ydelse;suv;el;10000;48;3895;39995;1800;228755;4766;369995;15,5;46,4;61,8;C;nej;importoer;BYD;;automatisk;2026-07-22;2026-10-09;;https://katalog.bydauto.dk/NicChristiansenGruppen/byd/prisliste-privatleasing/bydprivatleasingsamlet/;502;nej;530;91,3;4wd;520;5
2026-10-09;byd-sealion-7-excellence-lav-udbetaling-10000-48;BYD;Sealion 7;Excellence · lav udbetaling;suv;el;10000;48;4395;19995;1800;232755;4849;369995;15,7;47,2;62,9;C;nej;importoer;BYD;;automatisk;2026-07-22;2026-10-09;;https://katalog.bydauto.dk/NicChristiansenGruppen/byd/prisliste-privatleasing/bydprivatleasingsamlet/;502;nej;530;91,3;4wd;520;5
2026-10-09;byd-sealion-7-comfort-lav-ydelse-15000-48;BYD;Sealion 7;Comfort · lav ydelse;suv;el;15000;48;3645;39995;1800;216755;4516;329995;16,4;49,3;65,7;C;nej;importoer;BYD;;automatisk;2026-08-09;2026-10-09;;https://katalog.bydauto.dk/NicChristiansenGruppen/byd/prisliste-privatleasing/bydprivatleasingsamlet/;482;nej;313;82,5;baghjul;520;5
2026-10-09;byd-sealion-7-comfort-lav-udbetaling-15000-48;BYD;Sealion 7;Comfort · lav udbetaling;suv;el;15000;48;4245;19995;1800;225555;4699;329995;17,1;51,3;68,4;C;nej;importoer;BYD;;automatisk;2026-08-09;2026-10-09;;https://katalog.bydauto.dk/NicChristiansenGruppen/byd/prisliste-privatleasing/bydprivatleasingsamlet/;482;nej;313;82,5;baghjul;520;5
2026-10-09;byd-sealion-7-excellence-lav-ydelse-15000-48;BYD;Sealion 7;Excellence · lav ydelse;suv;el;15000;48;4245;39995;1800;245555;5116;369995;16,6;49,8;66,4;C;nej;importoer;BYD;;automatisk;2026-07-22;2026-10-09;;https://katalog.bydauto.dk/NicChristiansenGruppen/byd/prisliste-privatleasing/bydprivatleasingsamlet/;502;nej;530;91,3;4wd;520;5
2026-10-09;byd-sealion-7-excellence-lav-udbetaling-15000-48;BYD;Sealion 7;Excellence · lav udbetaling;suv;el;15000;48;4745;19995;1800;249555;5199;369995;16,9;50,6;67,4;C;nej;importoer;BYD;;automatisk;2026-07-22;2026-10-09;;https://katalog.bydauto.dk/NicChristiansenGruppen/byd/prisliste-privatleasing/bydprivatleasingsamlet/;502;nej;530;91,3;4wd;520;5
2026-10-09;byd-sealion-7-comfort-lav-ydelse-20000-48;BYD;Sealion 7;Comfort · lav ydelse;suv;el;20000;48;3995;39995;1800;233555;4866;329995;17,7;53,1;70,8;C;nej;importoer;BYD;;automatisk;2026-08-09;2026-10-09;;https://katalog.bydauto.dk/NicChristiansenGruppen/byd/prisliste-privatleasing/bydprivatleasingsamlet/;482;nej;313;82,5;baghjul;520;5
2026-10-09;byd-sealion-7-comfort-lav-udbetaling-20000-48;BYD;Sealion 7;Comfort · lav udbetaling;suv;el;20000;48;4595;19995;1800;242355;5049;329995;18,4;55,1;73,4;D;nej;importoer;BYD;;automatisk;2026-08-09;2026-10-09;;https://katalog.bydauto.dk/NicChristiansenGruppen/byd/prisliste-privatleasing/bydprivatleasingsamlet/;482;nej;313;82,5;baghjul;520;5
2026-10-09;byd-sealion-7-excellence-lav-ydelse-20000-48;BYD;Sealion 7;Excellence · lav ydelse;suv;el;20000;48;4595;39995;1800;262355;5466;369995;17,7;53,2;70,9;C;nej;importoer;BYD;;automatisk;2026-07-22;2026-10-09;;https://katalog.bydauto.dk/NicChristiansenGruppen/byd/prisliste-privatleasing/bydprivatleasingsamlet/;502;nej;530;91,3;4wd;520;5
2026-10-09;byd-sealion-7-excellence-lav-udbetaling-20000-48;BYD;Sealion 7;Excellence · lav udbetaling;suv;el;20000;48;5095;19995;1800;266355;5549;369995;18,0;54,0;72,0;D;nej;importoer;BYD;;automatisk;2026-07-22;2026-10-09;;https://katalog.bydauto.dk/NicChristiansenGruppen/byd/prisliste-privatleasing/bydprivatleasingsamlet/;502;nej;530;91,3;4wd;520;5
2026-10-09;byd-sealion-7-comfort-lav-ydelse-25000-48;BYD;Sealion 7;Comfort · lav ydelse;suv;el;25000;48;4345;39995;1800;250355;5216;329995;19,0;56,9;75,9;D;nej;importoer;BYD;;automatisk;2026-08-09;2026-10-09;;https://katalog.bydauto.dk/NicChristiansenGruppen/byd/prisliste-privatleasing/bydprivatleasingsamlet/;482;nej;313;82,5;baghjul;520;5
2026-10-09;byd-sealion-7-comfort-lav-udbetaling-25000-48;BYD;Sealion 7;Comfort · lav udbetaling;suv;el;25000;48;4945;19995;1800;259155;5399;329995;19,6;58,9;78,5;D;nej;importoer;BYD;;automatisk;2026-08-09;2026-10-09;;https://katalog.bydauto.dk/NicChristiansenGruppen/byd/prisliste-privatleasing/bydprivatleasingsamlet/;482;nej;313;82,5;baghjul;520;5
2026-10-09;byd-sealion-7-excellence-lav-ydelse-25000-48;BYD;Sealion 7;Excellence · lav ydelse;suv;el;25000;48;4945;39995;1800;279155;5816;369995;18,9;56,6;75,4;D;nej;importoer;BYD;;automatisk;2026-07-22;2026-10-09;;https://katalog.bydauto.dk/NicChristiansenGruppen/byd/prisliste-privatleasing/bydprivatleasingsamlet/;502;nej;530;91,3;4wd;520;5
2026-10-09;byd-sealion-7-excellence-lav-udbetaling-25000-48;BYD;Sealion 7;Excellence · lav udbetaling;suv;el;25000;48;5445;19995;1800;283155;5899;369995;19,1;57,4;76,5;D;nej;importoer;BYD;;automatisk;2026-07-22;2026-10-09;;https://katalog.bydauto.dk/NicChristiansenGruppen/byd/prisliste-privatleasing/bydprivatleasingsamlet/;502;nej;530;91,3;4wd;520;5
2026-10-09;byd-sealion-7-comfort-lav-ydelse-30000-48;BYD;Sealion 7;Comfort · lav ydelse;suv;el;30000;48;4695;39995;1800;267155;5566;329995;20,2;60,7;81,0;E;nej;importoer;BYD;;automatisk;2026-08-09;2026-10-09;;https://katalog.bydauto.dk/NicChristiansenGruppen/byd/prisliste-privatleasing/bydprivatleasingsamlet/;482;nej;313;82,5;baghjul;520;5
2026-10-09;byd-sealion-7-comfort-lav-udbetaling-30000-48;BYD;Sealion 7;Comfort · lav udbetaling;suv;el;30000;48;5295;19995;1800;275955;5749;329995;20,9;62,7;83,6;E;nej;importoer;BYD;;automatisk;2026-08-09;2026-10-09;;https://katalog.bydauto.dk/NicChristiansenGruppen/byd/prisliste-privatleasing/bydprivatleasingsamlet/;482;nej;313;82,5;baghjul;520;5
2026-10-09;byd-sealion-7-excellence-lav-ydelse-30000-48;BYD;Sealion 7;Excellence · lav ydelse;suv;el;30000;48;5295;39995;1800;295955;6166;369995;20,0;60,0;80,0;E;nej;importoer;BYD;;automatisk;2026-07-22;2026-10-09;;https://katalog.bydauto.dk/NicChristiansenGruppen/byd/prisliste-privatleasing/bydprivatleasingsamlet/;502;nej;530;91,3;4wd;520;5
2026-10-09;byd-sealion-7-excellence-lav-udbetaling-30000-48;BYD;Sealion 7;Excellence · lav udbetaling;suv;el;30000;48;5795;19995;1800;299955;6249;369995;20,3;60,8;81,1;E;nej;importoer;BYD;;automatisk;2026-07-22;2026-10-09;;https://katalog.bydauto.dk/NicChristiansenGruppen/byd/prisliste-privatleasing/bydprivatleasingsamlet/;502;nej;530;91,3;4wd;520;5
2026-10-09;byd-sealion-7-comfort-lav-ydelse-35000-48;BYD;Sealion 7;Comfort · lav ydelse;suv;el;35000;48;5045;39995;1800;283955;5916;329995;21,5;64,5;86,0;E;nej;importoer;BYD;;automatisk;2026-08-09;2026-10-09;;https://katalog.bydauto.dk/NicChristiansenGruppen/byd/prisliste-privatleasing/bydprivatleasingsamlet/;482;nej;313;82,5;baghjul;520;5
2026-10-09;byd-sealion-7-comfort-lav-udbetaling-35000-48;BYD;Sealion 7;Comfort · lav udbetaling;suv;el;35000;48;5645;19995;1800;292755;6099;329995;22,2;66,5;88,7;E;nej;importoer;BYD;;automatisk;2026-08-09;2026-10-09;;https://katalog.bydauto.dk/NicChristiansenGruppen/byd/prisliste-privatleasing/bydprivatleasingsamlet/;482;nej;313;82,5;baghjul;520;5
2026-10-09;byd-sealion-7-excellence-lav-ydelse-35000-48;BYD;Sealion 7;Excellence · lav ydelse;suv;el;35000;48;5645;39995;1800;312755;6516;369995;21,1;63,4;84,5;E;nej;importoer;BYD;;automatisk;2026-07-22;2026-10-09;;https://katalog.bydauto.dk/NicChristiansenGruppen/byd/prisliste-privatleasing/bydprivatleasingsamlet/;502;nej;530;91,3;4wd;520;5
2026-10-09;byd-sealion-7-excellence-lav-udbetaling-35000-48;BYD;Sealion 7;Excellence · lav udbetaling;suv;el;35000;48;6145;19995;1800;316755;6599;369995;21,4;64,2;85,6;E;nej;importoer;BYD;;automatisk;2026-07-22;2026-10-09;;https://katalog.bydauto.dk/NicChristiansenGruppen/byd/prisliste-privatleasing/bydprivatleasingsamlet/;502;nej;530;91,3;4wd;520;5
2026-10-09;byd-sealion-7-comfort-lav-ydelse-40000-48;BYD;Sealion 7;Comfort · lav ydelse;suv;el;40000;48;5395;39995;1800;300755;6266;329995;22,8;68,4;91,1;E;nej;importoer;BYD;;automatisk;2026-08-09;2026-10-09;;https://katalog.bydauto.dk/NicChristiansenGruppen/byd/prisliste-privatleasing/bydprivatleasingsamlet/;482;nej;313;82,5;baghjul;520;5
2026-10-09;byd-sealion-7-comfort-lav-udbetaling-40000-48;BYD;Sealion 7;Comfort · lav udbetaling;suv;el;40000;48;5995;19995;1800;309555;6449;329995;23,5;70,4;93,8;E;nej;importoer;BYD;;automatisk;2026-08-09;2026-10-09;;https://katalog.bydauto.dk/NicChristiansenGruppen/byd/prisliste-privatleasing/bydprivatleasingsamlet/;482;nej;313;82,5;baghjul;520;5
2026-10-09;byd-sealion-7-excellence-lav-ydelse-40000-48;BYD;Sealion 7;Excellence · lav ydelse;suv;el;40000;48;5995;39995;1800;329555;6866;369995;22,3;66,8;89,1;E;nej;importoer;BYD;;automatisk;2026-07-22;2026-10-09;;https://katalog.bydauto.dk/NicChristiansenGruppen/byd/prisliste-privatleasing/bydprivatleasingsamlet/;502;nej;530;91,3;4wd;520;5
2026-10-09;byd-sealion-7-excellence-lav-udbetaling-40000-48;BYD;Sealion 7;Excellence · lav udbetaling;suv;el;40000;48;6495;19995;1800;333555;6949;369995;22,5;67,6;90,2;E;nej;importoer;BYD;;automatisk;2026-07-22;2026-10-09;;https://katalog.bydauto.dk/NicChristiansenGruppen/byd/prisliste-privatleasing/bydprivatleasingsamlet/;502;nej;530;91,3;4wd;520;5
2026-10-09;byd-tang-flagship-lav-ydelse-10000-48;BYD;Tang;Flagship · lav ydelse;stor-suv;el;10000;48;4995;49995;1800;291555;6074;399995;18,2;54,7;72,9;D;nej;importoer;BYD;;automatisk;2026-08-03;2026-10-09;;https://katalog.bydauto.dk/NicChristiansenGruppen/byd/prisliste-privatleasing/bydprivatleasingsamlet/;530;nej;517;108,8;4wd;940;7
2026-10-09;byd-tang-flagship-lav-udbetaling-10000-48;BYD;Tang;Flagship · lav udbetaling;stor-suv;el;10000;48;5495;29995;1800;295555;6157;399995;18,5;55,4;73,9;D;nej;importoer;BYD;;automatisk;2026-08-03;2026-10-09;;https://katalog.bydauto.dk/NicChristiansenGruppen/byd/prisliste-privatleasing/bydprivatleasingsamlet/;530;nej;517;108,8;4wd;940;7
2026-10-09;byd-tang-flagship-lav-ydelse-15000-48;BYD;Tang;Flagship · lav ydelse;stor-suv;el;15000;48;5345;49995;1800;308355;6424;399995;19,3;57,8;77,1;D;nej;importoer;BYD;;automatisk;2026-08-03;2026-10-09;;https://katalog.bydauto.dk/NicChristiansenGruppen/byd/prisliste-privatleasing/bydprivatleasingsamlet/;530;nej;517;108,8;4wd;940;7
2026-10-09;byd-tang-flagship-lav-udbetaling-15000-48;BYD;Tang;Flagship · lav udbetaling;stor-suv;el;15000;48;5845;29995;1800;312355;6507;399995;19,5;58,6;78,1;D;nej;importoer;BYD;;automatisk;2026-08-03;2026-10-09;;https://katalog.bydauto.dk/NicChristiansenGruppen/byd/prisliste-privatleasing/bydprivatleasingsamlet/;530;nej;517;108,8;4wd;940;7
2026-10-09;byd-tang-flagship-lav-ydelse-20000-48;BYD;Tang;Flagship · lav ydelse;stor-suv;el;20000;48;5695;49995;1800;325155;6774;399995;20,3;61,0;81,3;E;nej;importoer;BYD;;automatisk;2026-08-03;2026-10-09;;https://katalog.bydauto.dk/NicChristiansenGruppen/byd/prisliste-privatleasing/bydprivatleasingsamlet/;530;nej;517;108,8;4wd;940;7
2026-10-09;byd-tang-flagship-lav-udbetaling-20000-48;BYD;Tang;Flagship · lav udbetaling;stor-suv;el;20000;48;6195;29995;1800;329155;6857;399995;20,6;61,7;82,3;E;nej;importoer;BYD;;automatisk;2026-08-03;2026-10-09;;https://katalog.bydauto.dk/NicChristiansenGruppen/byd/prisliste-privatleasing/bydprivatleasingsamlet/;530;nej;517;108,8;4wd;940;7
2026-10-09;byd-tang-flagship-lav-ydelse-25000-48;BYD;Tang;Flagship · lav ydelse;stor-suv;el;25000;48;6045;49995;1800;341955;7124;399995;21,4;64,1;85,5;E;nej;importoer;BYD;;automatisk;2026-07-22;2026-10-09;;https://katalog.bydauto.dk/NicChristiansenGruppen/byd/prisliste-privatleasing/bydprivatleasingsamlet/;530;nej;517;108,8;4wd;940;7
2026-10-09;byd-tang-flagship-lav-udbetaling-25000-48;BYD;Tang;Flagship · lav udbetaling;stor-suv;el;25000;48;6545;29995;1800;345955;7207;399995;21,6;64,9;86,5;E;nej;importoer;BYD;;automatisk;2026-07-22;2026-10-09;;https://katalog.bydauto.dk/NicChristiansenGruppen/byd/prisliste-privatleasing/bydprivatleasingsamlet/;530;nej;517;108,8;4wd;940;7
2026-10-09;byd-tang-flagship-lav-ydelse-30000-48;BYD;Tang;Flagship · lav ydelse;stor-suv;el;30000;48;6395;49995;1800;358755;7474;399995;22,4;67,3;89,7;E;nej;importoer;BYD;;automatisk;2026-07-22;2026-10-09;;https://katalog.bydauto.dk/NicChristiansenGruppen/byd/prisliste-privatleasing/bydprivatleasingsamlet/;530;nej;517;108,8;4wd;940;7
2026-10-09;byd-tang-flagship-lav-udbetaling-30000-48;BYD;Tang;Flagship · lav udbetaling;stor-suv;el;30000;48;6895;29995;1800;362755;7557;399995;22,7;68,0;90,7;E;nej;importoer;BYD;;automatisk;2026-07-22;2026-10-09;;https://katalog.bydauto.dk/NicChristiansenGruppen/byd/prisliste-privatleasing/bydprivatleasingsamlet/;530;nej;517;108,8;4wd;940;7
2026-10-09;byd-tang-flagship-lav-ydelse-35000-48;BYD;Tang;Flagship · lav ydelse;stor-suv;el;35000;48;6745;49995;1800;375555;7824;399995;23,5;70,4;93,9;E;nej;importoer;BYD;;automatisk;2026-07-22;2026-10-09;;https://katalog.bydauto.dk/NicChristiansenGruppen/byd/prisliste-privatleasing/bydprivatleasingsamlet/;530;nej;517;108,8;4wd;940;7
2026-10-09;byd-tang-flagship-lav-udbetaling-35000-48;BYD;Tang;Flagship · lav udbetaling;stor-suv;el;35000;48;7245;29995;1800;379555;7907;399995;23,7;71,2;94,9;E;nej;importoer;BYD;;automatisk;2026-07-22;2026-10-09;;https://katalog.bydauto.dk/NicChristiansenGruppen/byd/prisliste-privatleasing/bydprivatleasingsamlet/;530;nej;517;108,8;4wd;940;7
2026-10-09;byd-tang-flagship-lav-ydelse-40000-48;BYD;Tang;Flagship · lav ydelse;stor-suv;el;40000;48;7095;49995;1800;392355;8174;399995;24,5;73,6;98,1;E;nej;importoer;BYD;;automatisk;2026-07-22;2026-10-09;;https://katalog.bydauto.dk/NicChristiansenGruppen/byd/prisliste-privatleasing/bydprivatleasingsamlet/;530;nej;517;108,8;4wd;940;7
2026-10-09;byd-tang-flagship-lav-udbetaling-40000-48;BYD;Tang;Flagship · lav udbetaling;stor-suv;el;40000;48;7595;29995;1800;396355;8257;399995;24,8;74,3;99,1;E;nej;importoer;BYD;;automatisk;2026-07-22;2026-10-09;;https://katalog.bydauto.dk/NicChristiansenGruppen/byd/prisliste-privatleasing/bydprivatleasingsamlet/;530;nej;517;108,8;4wd;940;7
2026-10-09;citroen-e-c3-vtr-sport-113-el-44-kwh-udb-49-995-10000-36;Citroën;ë-C3;VTR Sport · 113 EL 44 kWh · udb 49.995;minibil;el;10000;36;1545;49995;780;106395;2955;169990;20,9;62,6;62,6;E;nej;importoer;Citroën;;manuel;2026-10-02;2026-10-06;;https://price-list-public.cars4ever.eu/?brand=citroen&businessType=leasing&features=campaignVariantsSection,variantsSection&modelCode=Ny_%C3%AB-C3;320;nej;113;44,0;forhjul;310;
2026-10-09;citroen-e-c3-aircross-plus-113-el-54-kwh-udb-29-995-10000-36;Citroën;ë-C3 Aircross;Plus · 113 EL 54 kWh · udb 29.995;suv;el;10000;36;2495;29995;780;120595;3350;234990;17,1;51,3;51,3;C;nej;importoer;Citroën;;manuel;2026-10-02;2026-10-06;;https://price-list-public.cars4ever.eu/?brand=citroen&businessType=leasing&features=campaignVariantsSection,variantsSection&modelCode=Ny_%C3%AB-C3_Aircross;392;nej;113;54,0;forhjul;460;
2026-10-09;citroen-e-c3-aircross-plus-113-el-54-kwh-udb-14-995-10000-36;Citroën;ë-C3 Aircross;Plus · 113 EL 54 kWh · udb 14.995;suv;el;10000;36;2995;14995;780;123595;3433;234990;17,5;52,6;52,6;C;nej;importoer;Citroën;;manuel;2026-10-02;2026-10-06;;https://price-list-public.cars4ever.eu/?brand=citroen&businessType=leasing&features=campaignVariantsSection,variantsSection&modelCode=Ny_%C3%AB-C3_Aircross;392;nej;113;54,0;forhjul;460;
2026-10-09;citroen-e-c5-aircross-vtr-sport-210-el-udb-29-995-10000-36;Citroën;ë-C5 Aircross;VTR Sport · 210 EL · udb 29.995;suv;el;10000;36;3995;29995;780;174595;4850;289990;20,1;60,2;60,2;E;nej;importoer;Citroën;;manuel;2026-10-02;2026-10-06;;https://price-list-public.cars4ever.eu/?brand=citroen&businessType=leasing&features=campaignVariantsSection,variantsSection&modelCode=Ny_%C3%AB-C5_Aircross;513;nej;210;73,7;forhjul;565;
2026-10-09;citroen-e-c5-aircross-vtr-sport-210-el-udb-14-995-10000-36;Citroën;ë-C5 Aircross;VTR Sport · 210 EL · udb 14.995;suv;el;10000;36;4495;14995;780;177595;4933;289990;20,4;61,2;61,2;E;nej;importoer;Citroën;;manuel;2026-10-02;2026-10-06;;https://price-list-public.cars4ever.eu/?brand=citroen&businessType=leasing&features=campaignVariantsSection,variantsSection&modelCode=Ny_%C3%AB-C5_Aircross;513;nej;210;73,7;forhjul;565;
2026-10-09;cupra-born-190-hk-udb-29-995-10000-48;Cupra;Born;190 hk · udb 29.995;kompakt;el;10000;48;2795;29995;600;164755;3432;249990;16,5;49,4;65,9;C;nej;importoer;Cupra;;automatisk;2026-09-28;2026-10-09;;https://prislister.cupradanmark.dk/leasingpriser;481;nej;190;58,0;baghjul;385;5
2026-10-09;cupra-born-190-hk-10000-48;Cupra;Born;190 hk;kompakt;el;10000;48;3195;14995;600;168955;3520;249990;16,9;50,7;67,6;C;nej;importoer;Cupra;;automatisk;2026-08-14;2026-10-09;;https://prislister.cupradanmark.dk/leasingpriser;481;nej;190;58,0;baghjul;385;5
2026-10-09;cupra-born-plus-190-hk-udb-29-995-10000-48;Cupra;Born;Plus 190 hk · udb 29.995;kompakt;el;10000;48;2995;29995;600;174355;3632;269990;16,1;48,4;64,6;C;nej;importoer;Cupra;;automatisk;2026-09-28;2026-10-09;;https://prislister.cupradanmark.dk/leasingpriser;478;nej;190;58,0;baghjul;385;5
2026-10-09;cupra-born-plus-190-hk-udb-14-995-10000-48;Cupra;Born;Plus 190 hk · udb 14.995;kompakt;el;10000;48;3395;14995;600;178555;3720;269990;16,5;49,6;66,1;C;nej;importoer;Cupra;;automatisk;2026-09-28;2026-10-09;;https://prislister.cupradanmark.dk/leasingpriser;478;nej;190;58,0;baghjul;385;5
2026-10-09;cupra-born-190-hk-udb-4-995-10000-48;Cupra;Born;190 hk · udb 4.995;kompakt;el;10000;48;3795;4995;600;187755;3912;249990;18,8;56,3;75,1;D;nej;importoer;Cupra;;automatisk;2026-09-28;2026-10-09;;https://prislister.cupradanmark.dk/leasingpriser;481;nej;190;58,0;baghjul;385;5
2026-10-09;cupra-born-endurance-231-hk-udb-29-995-10000-48;Cupra;Born;Endurance 231 hk · udb 29.995;kompakt;el;10000;48;3295;29995;600;188755;3932;299990;15,7;47,2;62,9;C;nej;importoer;Cupra;;automatisk;2026-09-28;2026-10-09;;https://prislister.cupradanmark.dk/leasingpriser;619;nej;231;79,0;baghjul;385;5
2026-10-09;cupra-born-endurance-231-hk-udb-14-995-10000-48;Cupra;Born;Endurance 231 hk · udb 14.995;kompakt;el;10000;48;3695;14995;600;192955;4020;299990;16,1;48,2;64,3;C;nej;importoer;Cupra;;automatisk;2026-09-28;2026-10-09;;https://prislister.cupradanmark.dk/leasingpriser;619;nej;231;79,0;baghjul;385;5
2026-10-09;cupra-born-plus-190-hk-10000-48;Cupra;Born;Plus 190 hk;kompakt;el;10000;48;3995;4995;600;197355;4112;269990;18,3;54,8;73,1;D;nej;importoer;Cupra;;automatisk;2026-07-19;2026-10-09;;https://prislister.cupradanmark.dk/leasingpriser;478;nej;190;58,0;baghjul;385;5
2026-10-09;cupra-born-endurance-231-hk-10000-48;Cupra;Born;Endurance 231 hk;kompakt;el;10000;48;4295;4995;600;211755;4412;299990;17,6;52,9;70,6;C;nej;importoer;Cupra;;automatisk;2026-07-19;2026-10-09;;https://prislister.cupradanmark.dk/leasingpriser;619;nej;231;79,0;baghjul;385;5
2026-10-09;cupra-born-vz-326-hk-10000-48;Cupra;Born;VZ 326 hk;kompakt;el;10000;48;3795;29995;600;212755;4432;349990;15,2;45,6;60,8;C;nej;importoer;Cupra;;automatisk;2026-07-19;2026-10-09;;https://prislister.cupradanmark.dk/leasingpriser;624;nej;326;79,0;baghjul;385;5
2026-10-09;cupra-born-190-hk-udb-29-995-15000-48;Cupra;Born;190 hk · udb 29.995;kompakt;el;15000;48;2995;29995;600;174355;3632;249990;17,4;52,3;69,7;C;nej;importoer;Cupra;;automatisk;2026-09-28;2026-10-09;;https://prislister.cupradanmark.dk/leasingpriser;481;nej;190;58,0;baghjul;385;5
2026-10-09;cupra-born-190-hk-15000-48;Cupra;Born;190 hk;kompakt;el;15000;48;3395;14995;600;178555;3720;249990;17,9;53,6;71,4;C;nej;importoer;Cupra;;automatisk;2026-08-15;2026-10-09;;https://prislister.cupradanmark.dk/leasingpriser;481;nej;190;58,0;baghjul;385;5
2026-10-09;cupra-born-plus-190-hk-udb-29-995-15000-48;Cupra;Born;Plus 190 hk · udb 29.995;kompakt;el;15000;48;3205;29995;600;184435;3842;269990;17,1;51,2;68,3;C;nej;importoer;Cupra;;automatisk;2026-09-28;2026-10-09;;https://prislister.cupradanmark.dk/leasingpriser;478;nej;190;58,0;baghjul;385;5
2026-10-09;cupra-born-plus-190-hk-udb-14-995-15000-48;Cupra;Born;Plus 190 hk · udb 14.995;kompakt;el;15000;48;3610;14995;600;188875;3935;269990;17,5;52,5;70,0;C;nej;importoer;Cupra;;automatisk;2026-09-28;2026-10-09;;https://prislister.cupradanmark.dk/leasingpriser;478;nej;190;58,0;baghjul;385;5
2026-10-09;cupra-born-endurance-231-hk-udb-29-995-15000-48;Cupra;Born;Endurance 231 hk · udb 29.995;kompakt;el;15000;48;3510;29995;600;199075;4147;299990;16,6;49,8;66,4;C;nej;importoer;Cupra;;automatisk;2026-09-28;2026-10-09;;https://prislister.cupradanmark.dk/leasingpriser;619;nej;231;79,0;baghjul;385;5
2026-10-09;cupra-born-endurance-231-hk-udb-14-995-15000-48;Cupra;Born;Endurance 231 hk · udb 14.995;kompakt;el;15000;48;3905;14995;600;203035;4230;299990;16,9;50,8;67,7;C;nej;importoer;Cupra;;automatisk;2026-09-28;2026-10-09;;https://prislister.cupradanmark.dk/leasingpriser;619;nej;231;79,0;baghjul;385;5
2026-10-09;cupra-born-plus-190-hk-15000-48;Cupra;Born;Plus 190 hk;kompakt;el;15000;48;4195;4995;600;206955;4312;269990;19,2;57,5;76,7;D;nej;importoer;Cupra;;automatisk;2026-07-19;2026-10-09;;https://prislister.cupradanmark.dk/leasingpriser;478;nej;190;58,0;baghjul;385;5
2026-10-09;cupra-born-endurance-231-hk-15000-48;Cupra;Born;Endurance 231 hk;kompakt;el;15000;48;4495;4995;600;221355;4612;299990;18,4;55,3;73,8;D;nej;importoer;Cupra;;automatisk;2026-07-19;2026-10-09;;https://prislister.cupradanmark.dk/leasingpriser;619;nej;231;79,0;baghjul;385;5
2026-10-09;cupra-born-vz-326-hk-15000-48;Cupra;Born;VZ 326 hk;kompakt;el;15000;48;4045;29995;600;224755;4682;349990;16,1;48,2;64,2;C;nej;importoer;Cupra;;automatisk;2026-07-19;2026-10-09;;https://prislister.cupradanmark.dk/leasingpriser;624;nej;326;79,0;baghjul;385;5
2026-10-09;cupra-born-190-hk-udb-29-995-20000-48;Cupra;Born;190 hk · udb 29.995;kompakt;el;20000;48;3175;29995;600;182995;3812;249990;18,3;54,9;73,2;D;nej;importoer;Cupra;;automatisk;2026-09-28;2026-10-09;;https://prislister.cupradanmark.dk/leasingpriser;481;nej;190;58,0;baghjul;385;5
2026-10-09;cupra-born-190-hk-20000-48;Cupra;Born;190 hk;kompakt;el;20000;48;3580;14995;600;187435;3905;249990;18,7;56,2;75,0;D;nej;importoer;Cupra;;automatisk;2026-08-15;2026-10-09;;https://prislister.cupradanmark.dk/leasingpriser;481;nej;190;58,0;baghjul;385;5
2026-10-09;cupra-born-plus-190-hk-udb-29-995-20000-48;Cupra;Born;Plus 190 hk · udb 29.995;kompakt;el;20000;48;3430;29995;600;195235;4067;269990;18,1;54,2;72,3;D;nej;importoer;Cupra;;automatisk;2026-09-28;2026-10-09;;https://prislister.cupradanmark.dk/leasingpriser;478;nej;190;58,0;baghjul;385;5
2026-10-09;cupra-born-plus-190-hk-udb-14-995-20000-48;Cupra;Born;Plus 190 hk · udb 14.995;kompakt;el;20000;48;3825;14995;600;199195;4150;269990;18,4;55,3;73,8;D;nej;importoer;Cupra;;automatisk;2026-09-28;2026-10-09;;https://prislister.cupradanmark.dk/leasingpriser;478;nej;190;58,0;baghjul;385;5
2026-10-09;cupra-born-endurance-231-hk-udb-29-995-20000-48;Cupra;Born;Endurance 231 hk · udb 29.995;kompakt;el;20000;48;3720;29995;600;209155;4357;299990;17,4;52,3;69,7;C;nej;importoer;Cupra;;automatisk;2026-09-28;2026-10-09;;https://prislister.cupradanmark.dk/leasingpriser;619;nej;231;79,0;baghjul;385;5
2026-10-09;cupra-born-endurance-231-hk-udb-14-995-20000-48;Cupra;Born;Endurance 231 hk · udb 14.995;kompakt;el;20000;48;4125;14995;600;213595;4450;299990;17,8;53,4;71,2;C;nej;importoer;Cupra;;automatisk;2026-09-28;2026-10-09;;https://prislister.cupradanmark.dk/leasingpriser;619;nej;231;79,0;baghjul;385;5
2026-10-09;cupra-born-plus-190-hk-20000-48;Cupra;Born;Plus 190 hk;kompakt;el;20000;48;4375;4995;600;215595;4492;269990;20,0;59,9;79,9;E;nej;importoer;Cupra;;automatisk;2026-07-19;2026-10-09;;https://prislister.cupradanmark.dk/leasingpriser;478;nej;190;58,0;baghjul;385;5
2026-10-09;cupra-born-endurance-231-hk-20000-48;Cupra;Born;Endurance 231 hk;kompakt;el;20000;48;4675;4995;600;229995;4792;299990;19,2;57,5;76,7;D;nej;importoer;Cupra;;automatisk;2026-07-19;2026-10-09;;https://prislister.cupradanmark.dk/leasingpriser;619;nej;231;79,0;baghjul;385;5
2026-10-09;cupra-born-vz-326-hk-20000-48;Cupra;Born;VZ 326 hk;kompakt;el;20000;48;4260;29995;600;235075;4897;349990;16,8;50,4;67,2;C;nej;importoer;Cupra;;automatisk;2026-07-19;2026-10-09;;https://prislister.cupradanmark.dk/leasingpriser;624;nej;326;79,0;baghjul;385;5
2026-10-09;cupra-raval-plus-135-hk-udb-14-995-10000-48;Cupra;Raval;Plus 135 hk · udb 14.995;minibil;el;10000;48;2295;14995;600;125755;2620;199990;15,7;47,2;62,9;C;nej;importoer;Cupra;;automatisk;2026-09-28;2026-10-09;;https://prislister.cupradanmark.dk/leasingpriser;328;nej;135;37,0;forhjul;441;5
2026-10-09;cupra-raval-endurance-211-hk-10000-48;Cupra;Raval;Endurance 211 hk;minibil;el;10000;48;2595;14995;600;140155;2920;234990;14,9;44,7;59,6;B;nej;importoer;Cupra;;automatisk;2026-07-19;2026-10-09;;https://prislister.cupradanmark.dk/leasingpriser;444;nej;211;52,0;forhjul;441;5
2026-10-09;cupra-raval-plus-135-hk-10000-48;Cupra;Raval;Plus 135 hk;minibil;el;10000;48;2895;4995;600;144555;3012;199990;18,1;54,2;72,3;D;nej;importoer;Cupra;;automatisk;2026-07-19;2026-10-09;;https://prislister.cupradanmark.dk/leasingpriser;328;nej;135;37,0;forhjul;441;5
2026-10-09;cupra-raval-endurance-211-hk-udb-4-995-10000-48;Cupra;Raval;Endurance 211 hk · udb 4.995;minibil;el;10000;48;3195;4995;600;158955;3312;234990;16,9;50,7;67,6;C;nej;importoer;Cupra;;automatisk;2026-09-28;2026-10-09;;https://prislister.cupradanmark.dk/leasingpriser;444;nej;211;52,0;forhjul;441;5
2026-10-09;cupra-raval-vz-226-hk-10000-48;Cupra;Raval;VZ 226 hk;minibil;el;10000;48;2995;14995;600;159355;3320;259990;15,3;46,0;61,3;C;nej;importoer;Cupra;;automatisk;2026-07-19;2026-10-09;;https://prislister.cupradanmark.dk/leasingpriser;387;nej;226;52,0;forhjul;441;5
2026-10-09;cupra-raval-plus-135-hk-udb-14-995-15000-48;Cupra;Raval;Plus 135 hk · udb 14.995;minibil;el;15000;48;2475;14995;600;134395;2800;199990;16,8;50,4;67,2;C;nej;importoer;Cupra;;automatisk;2026-09-28;2026-10-09;;https://prislister.cupradanmark.dk/leasingpriser;328;nej;135;37,0;forhjul;441;5
2026-10-09;cupra-raval-endurance-211-hk-udb-14-995-15000-48;Cupra;Raval;Endurance 211 hk · udb 14.995;minibil;el;15000;48;2775;14995;600;148795;3100;234990;15,8;47,5;63,3;C;nej;importoer;Cupra;;automatisk;2026-09-28;2026-10-09;;https://prislister.cupradanmark.dk/leasingpriser;444;nej;211;52,0;forhjul;441;5
2026-10-09;cupra-raval-plus-135-hk-15000-48;Cupra;Raval;Plus 135 hk;minibil;el;15000;48;3065;4995;600;152715;3182;199990;19,1;57,3;76,4;D;nej;importoer;Cupra;;automatisk;2026-07-19;2026-10-09;;https://prislister.cupradanmark.dk/leasingpriser;328;nej;135;37,0;forhjul;441;5
2026-10-09;cupra-raval-endurance-211-hk-15000-48;Cupra;Raval;Endurance 211 hk;minibil;el;15000;48;3375;4995;600;167595;3492;234990;17,8;53,5;71,3;C;nej;importoer;Cupra;;automatisk;2026-07-19;2026-10-09;;https://prislister.cupradanmark.dk/leasingpriser;444;nej;211;52,0;forhjul;441;5
2026-10-09;cupra-raval-vz-226-hk-15000-48;Cupra;Raval;VZ 226 hk;minibil;el;15000;48;3175;14995;600;167995;3500;259990;16,2;48,5;64,6;C;nej;importoer;Cupra;;automatisk;2026-07-19;2026-10-09;;https://prislister.cupradanmark.dk/leasingpriser;387;nej;226;52,0;forhjul;441;5
2026-10-09;cupra-raval-plus-135-hk-20000-48;Cupra;Raval;Plus 135 hk;minibil;el;20000;48;2649;14995;600;142747;2974;199990;17,8;53,5;71,4;C;nej;importoer;Cupra;;automatisk;2026-07-19;2026-10-09;;https://prislister.cupradanmark.dk/leasingpriser;328;nej;135;37,0;forhjul;441;5
2026-10-09;cupra-raval-endurance-211-hk-20000-48;Cupra;Raval;Endurance 211 hk;minibil;el;20000;48;2950;14995;600;157195;3275;234990;16,7;50,2;66,9;C;nej;importoer;Cupra;;automatisk;2026-07-19;2026-10-09;;https://prislister.cupradanmark.dk/leasingpriser;444;nej;211;52,0;forhjul;441;5
2026-10-09;cupra-raval-plus-135-hk-udb-4-995-20000-48;Cupra;Raval;Plus 135 hk · udb 4.995;minibil;el;20000;48;3225;4995;600;160395;3342;199990;20,1;60,2;80,2;E;nej;importoer;Cupra;;automatisk;2026-09-28;2026-10-09;;https://prislister.cupradanmark.dk/leasingpriser;328;nej;135;37,0;forhjul;441;5
2026-10-09;cupra-raval-vz-226-hk-20000-48;Cupra;Raval;VZ 226 hk;minibil;el;20000;48;3345;14995;600;176155;3670;259990;16,9;50,8;67,8;C;nej;importoer;Cupra;;automatisk;2026-07-19;2026-10-09;;https://prislister.cupradanmark.dk/leasingpriser;387;nej;226;52,0;forhjul;441;5
2026-10-09;cupra-raval-endurance-211-hk-udb-4-995-20000-48;Cupra;Raval;Endurance 211 hk · udb 4.995;minibil;el;20000;48;3575;4995;600;177195;3692;234990;18,9;56,6;75,4;D;nej;importoer;Cupra;;automatisk;2026-09-28;2026-10-09;;https://prislister.cupradanmark.dk/leasingpriser;444;nej;211;52,0;forhjul;441;5
2026-10-09;cupra-tavascan-plus-190-hk-10000-48;Cupra;Tavascan;Plus 190 hk;suv;el;10000;48;2495;39995;600;160355;3341;299990;13,4;40,1;53,5;B;nej;importoer;Cupra;;automatisk;2026-08-18;2026-10-09;;https://prislister.cupradanmark.dk/leasingpriser;439;nej;190;58,0;baghjul;540;5
2026-10-09;cupra-tavascan-plus-190-hk-udb-19-995-10000-48;Cupra;Tavascan;Plus 190 hk · udb 19.995;suv;el;10000;48;3195;19995;600;173955;3624;299990;14,5;43,5;58,0;B;nej;importoer;Cupra;;automatisk;2026-09-28;2026-10-09;;https://prislister.cupradanmark.dk/leasingpriser;439;nej;190;58,0;baghjul;540;5
2026-10-09;cupra-tavascan-endurance-286-hk-udb-39-995-10000-48;Cupra;Tavascan;Endurance 286 hk · udb 39.995;suv;el;10000;48;2895;39995;600;179555;3741;334990;13,4;40,2;53,6;B;nej;importoer;Cupra;;automatisk;2026-09-28;2026-10-09;;https://prislister.cupradanmark.dk/leasingpriser;542;nej;286;77,0;baghjul;540;5
2026-10-09;cupra-tavascan-endurance-286-hk-10000-48;Cupra;Tavascan;Endurance 286 hk;suv;el;10000;48;3595;19995;600;193155;4024;334990;14,4;43,2;57,7;B;nej;importoer;Cupra;;automatisk;2026-07-19;2026-10-09;;https://prislister.cupradanmark.dk/leasingpriser;542;nej;286;77,0;baghjul;540;5
2026-10-09;cupra-tavascan-adrenaline-286-hk-10000-48;Cupra;Tavascan;Adrenaline 286 hk;suv;el;10000;48;3495;39995;600;208355;4341;364990;14,3;42,8;57,1;B;nej;importoer;Cupra;;automatisk;2026-07-19;2026-10-09;;https://prislister.cupradanmark.dk/leasingpriser;532;nej;286;77,0;baghjul;540;5
2026-10-09;cupra-tavascan-adrenaline-286-hk-udb-19-995-10000-48;Cupra;Tavascan;Adrenaline 286 hk · udb 19.995;suv;el;10000;48;4195;19995;600;221955;4624;364990;15,2;45,6;60,8;C;nej;importoer;Cupra;;automatisk;2026-09-28;2026-10-09;;https://prislister.cupradanmark.dk/leasingpriser;532;nej;286;77,0;baghjul;540;5
2026-10-09;cupra-tavascan-plus-190-hk-udb-39-995-15000-48;Cupra;Tavascan;Plus 190 hk · udb 39.995;suv;el;15000;48;2740;39995;600;172115;3586;299990;14,3;43,0;57,4;B;nej;importoer;Cupra;;automatisk;2026-09-28;2026-10-09;;https://prislister.cupradanmark.dk/leasingpriser;439;nej;190;58,0;baghjul;540;5
2026-10-09;cupra-tavascan-plus-190-hk-15000-48;Cupra;Tavascan;Plus 190 hk;suv;el;15000;48;3440;19995;600;185715;3869;299990;15,5;46,4;61,9;C;nej;importoer;Cupra;;automatisk;2026-08-18;2026-10-09;;https://prislister.cupradanmark.dk/leasingpriser;439;nej;190;58,0;baghjul;540;5
2026-10-09;cupra-tavascan-endurance-286-hk-15000-48;Cupra;Tavascan;Endurance 286 hk;suv;el;15000;48;3155;39995;600;192035;4001;334990;14,3;43,0;57,3;B;nej;importoer;Cupra;;automatisk;2026-07-19;2026-10-09;;https://prislister.cupradanmark.dk/leasingpriser;542;nej;286;77,0;baghjul;540;5
2026-10-09;cupra-tavascan-endurance-286-hk-udb-19-995-15000-48;Cupra;Tavascan;Endurance 286 hk · udb 19.995;suv;el;15000;48;3855;19995;600;205635;4284;334990;15,3;46,0;61,4;C;nej;importoer;Cupra;;automatisk;2026-09-28;2026-10-09;;https://prislister.cupradanmark.dk/leasingpriser;542;nej;286;77,0;baghjul;540;5
2026-10-09;cupra-tavascan-adrenaline-286-hk-15000-48;Cupra;Tavascan;Adrenaline 286 hk;suv;el;15000;48;3765;39995;600;221315;4611;364990;15,2;45,5;60,6;C;nej;importoer;Cupra;;automatisk;2026-07-19;2026-10-09;;https://prislister.cupradanmark.dk/leasingpriser;532;nej;286;77,0;baghjul;540;5
2026-10-09;cupra-tavascan-adrenaline-286-hk-udb-19-995-15000-48;Cupra;Tavascan;Adrenaline 286 hk · udb 19.995;suv;el;15000;48;4455;19995;600;234435;4884;364990;16,1;48,2;64,2;C;nej;importoer;Cupra;;automatisk;2026-09-28;2026-10-09;;https://prislister.cupradanmark.dk/leasingpriser;532;nej;286;77,0;baghjul;540;5
2026-10-09;cupra-tavascan-plus-190-hk-udb-39-995-20000-48;Cupra;Tavascan;Plus 190 hk · udb 39.995;suv;el;20000;48;2945;39995;600;181955;3791;299990;15,2;45,5;60,7;C;nej;importoer;Cupra;;automatisk;2026-09-28;2026-10-09;;https://prislister.cupradanmark.dk/leasingpriser;439;nej;190;58,0;baghjul;540;5
2026-10-09;cupra-tavascan-plus-190-hk-20000-48;Cupra;Tavascan;Plus 190 hk;suv;el;20000;48;3645;19995;600;195555;4074;299990;16,3;48,9;65,2;C;nej;importoer;Cupra;;automatisk;2026-08-18;2026-10-09;;https://prislister.cupradanmark.dk/leasingpriser;439;nej;190;58,0;baghjul;540;5
2026-10-09;cupra-tavascan-endurance-286-hk-20000-48;Cupra;Tavascan;Endurance 286 hk;suv;el;20000;48;3395;39995;600;203555;4241;334990;15,2;45,6;60,8;C;nej;importoer;Cupra;;automatisk;2026-07-19;2026-10-09;;https://prislister.cupradanmark.dk/leasingpriser;542;nej;286;77,0;baghjul;540;5
2026-10-09;cupra-tavascan-endurance-286-hk-udb-19-995-20000-48;Cupra;Tavascan;Endurance 286 hk · udb 19.995;suv;el;20000;48;4095;19995;600;217155;4524;334990;16,2;48,6;64,8;C;nej;importoer;Cupra;;automatisk;2026-09-28;2026-10-09;;https://prislister.cupradanmark.dk/leasingpriser;542;nej;286;77,0;baghjul;540;5
2026-10-09;cupra-tavascan-adrenaline-286-hk-udb-39-995-20000-48;Cupra;Tavascan;Adrenaline 286 hk · udb 39.995;suv;el;20000;48;3995;39995;600;232355;4841;364990;15,9;47,7;63,7;C;nej;importoer;Cupra;;automatisk;2026-09-28;2026-10-09;;https://prislister.cupradanmark.dk/leasingpriser;532;nej;286;77,0;baghjul;540;5
2026-10-09;cupra-tavascan-adrenaline-286-hk-20000-48;Cupra;Tavascan;Adrenaline 286 hk;suv;el;20000;48;4695;19995;600;245955;5124;364990;16,8;50,5;67,4;C;nej;importoer;Cupra;;automatisk;2026-07-19;2026-10-09;;https://prislister.cupradanmark.dk/leasingpriser;532;nej;286;77,0;baghjul;540;5
2026-10-09;ford-capri-premium-rwd-sr-udb-49-995-10000-36;Ford;Capri;Premium RWD SR · udb 49.995;suv;el;10000;36;2545;49995;780;142395;3955;284990;16,7;50,0;50,0;C;nej;importoer;Ford;;automatisk;2026-10-02;2026-10-09;;https://www.ford.dk/koeb/privatleasing;439;nej;190;58,0;baghjul;572;
2026-10-09;ford-capri-premium-rwd-sr-udb-14-995-10000-36;Ford;Capri;Premium RWD SR · udb 14.995;suv;el;10000;36;3745;14995;780;150595;4183;284990;17,6;52,8;52,8;C;nej;importoer;Ford;;automatisk;2026-10-02;2026-10-09;;https://www.ford.dk/koeb/privatleasing;439;nej;190;58,0;baghjul;572;
2026-10-09;ford-capri-premium-rwd-sr-10000-36;Ford;Capri;Premium RWD SR;suv;el;10000;36;4145;4995;780;154995;4305;284990;18,1;54,4;54,4;D;nej;importoer;Ford;;automatisk;2026-10-02;2026-10-09;;https://www.ford.dk/koeb/privatleasing;439;nej;190;58,0;baghjul;572;
2026-10-09;ford-e-tourneo-custom-titanium-x-rwd-udb-49-995-10000-36;Ford;E-Tourneo Custom;Titanium X RWD · udb 49.995;stor-suv;el;10000;36;4145;49995;780;199995;5555;419995;15,9;47,6;47,6;C;nej;importoer;Ford;;automatisk;2026-10-02;2026-10-09;;https://www.ford.dk/koeb/privatleasing;326;nej;218;71,0;baghjul;;
2026-10-09;ford-e-tourneo-custom-titanium-x-rwd-udb-29-995-10000-36;Ford;E-Tourneo Custom;Titanium X RWD · udb 29.995;stor-suv;el;10000;36;4795;29995;780;203395;5650;419995;16,1;48,4;48,4;C;nej;importoer;Ford;;automatisk;2026-10-02;2026-10-09;;https://www.ford.dk/koeb/privatleasing;326;nej;218;71,0;baghjul;;
2026-10-09;ford-e-tourneo-custom-titanium-x-rwd-10000-36;Ford;E-Tourneo Custom;Titanium X RWD;stor-suv;el;10000;36;5295;14995;780;206395;5733;419995;16,4;49,1;49,1;C;nej;importoer;Ford;;automatisk;2026-10-02;2026-10-09;;https://www.ford.dk/koeb/privatleasing;326;nej;218;71,0;baghjul;;
2026-10-09;ford-explorer-premium-rwd-sr-udb-49-995-10000-36;Ford;Explorer;Premium RWD SR · udb 49.995;suv;el;10000;36;2545;49995;780;142395;3955;284990;16,7;50,0;50,0;C;nej;importoer;Ford;;automatisk;2026-10-02;2026-10-09;;https://www.ford.dk/koeb/privatleasing;417;nej;190;58,0;baghjul;472;
2026-10-09;ford-explorer-premium-rwd-sr-udb-14-995-10000-36;Ford;Explorer;Premium RWD SR · udb 14.995;suv;el;10000;36;3745;14995;780;150595;4183;284990;17,6;52,8;52,8;C;nej;importoer;Ford;;automatisk;2026-10-02;2026-10-09;;https://www.ford.dk/koeb/privatleasing;417;nej;190;58,0;baghjul;472;
2026-10-09;ford-explorer-premium-rwd-sr-med-10-10000-36;Ford;Explorer;Premium RWD SR;suv;el;10000;36;4145;4995;780;154995;4305;284990;18,1;54,4;54,4;D;nej;importoer;Ford;;automatisk;2026-07-19;2026-10-09;;https://www.ford.dk/koeb/privatleasing;417;nej;190;58,0;baghjul;472;
2026-10-09;ford-puma-gen-e-premium-fwd-sr-udb-49-995-10000-36;Ford;Puma Gen-E;Premium FWD SR · udb 49.995;suv;el;10000;36;2195;49995;780;129795;3605;224990;19,2;57,7;57,7;D;nej;importoer;Ford;;automatisk;2026-10-02;2026-10-09;;https://www.ford.dk/koeb/privatleasing;404;nej;168;46,8;forhjul;523;
2026-10-09;ford-puma-gen-e-premium-fwd-sr-udb-14-995-10000-36;Ford;Puma Gen-E;Premium FWD SR · udb 14.995;suv;el;10000;36;3395;14995;780;137995;3833;224990;20,4;61,3;61,3;E;nej;importoer;Ford;;automatisk;2026-10-02;2026-10-09;;https://www.ford.dk/koeb/privatleasing;404;nej;168;46,8;forhjul;523;
2026-10-09;ford-puma-gen-e-premium-fwd-sr-med-10-10000-36;Ford;Puma Gen-E;Premium FWD SR;suv;el;10000;36;3795;4995;780;142395;3955;224990;21,1;63,3;63,3;E;nej;importoer;Ford;;automatisk;2026-07-19;2026-10-09;;https://www.ford.dk/koeb/privatleasing;404;nej;168;46,8;forhjul;523;
2026-10-09;honda-hr-v-15000-36;Honda;HR-V;;suv;hybrid;15000;36;3995;14995;0;158815;4412;299900;17,7;53,0;53,0;C;nej;importoer;Honda;;automatisk;2026-07-24;2026-10-09;;https://www.honda.dk/cars/new/hr-v-hybrid-2026/offers.html;;;131;;;319;5
2026-10-09;honda-jazz-15000-36;Honda;Jazz;;minibil;hybrid;15000;36;3595;14995;0;144415;4012;259900;18,5;55,6;55,6;D;nej;importoer;Honda;;automatisk;2026-07-24;2026-10-09;;https://www.honda.dk/cars/new/jazz-hybrid/finanisering.html;;;122;;;304;5
2026-10-09;honda-zr-v-15000-36;Honda;ZR-V;;suv;hybrid;15000;36;4545;14995;0;178615;4962;379900;15,7;47,0;47,0;C;nej;importoer;Honda;;automatisk;2026-07-24;2026-10-09;;https://www.honda.dk/cars/new/zr-v-hybrid-suv/offers.html;;;184;;;380;5
2026-10-09;hyundai-inster-essential-42-kwh-97-hk-10000-36;Hyundai;Inster;Essential 42 kWh 97 hk;minibil;el;10000;36;2295;29995;780;113395;3150;174995;21,6;64,8;64,8;E;nej;importoer;Hyundai;;automatisk;2026-07-25;2026-10-09;;https://katalog.hyundai.dk/NicChristiansenGruppen/Hyundai/Prislister/inster-privatleasing/;327;nej;97;42,0;forhjul;280;4
2026-10-09;hyundai-inster-essential-49-kwh-115-hk-10000-36;Hyundai;Inster;Essential 49 kWh 115 hk;minibil;el;10000;36;2395;29995;780;116995;3250;184995;21,1;63,2;63,2;E;nej;importoer;Hyundai;;automatisk;2026-07-25;2026-10-09;;https://katalog.hyundai.dk/NicChristiansenGruppen/Hyundai/Prislister/inster-privatleasing/;370;nej;115;49,0;forhjul;280;4
2026-10-09;hyundai-inster-essential-42-kwh-97-hk-udb-9-995-10000-36;Hyundai;Inster;Essential 42 kWh 97 hk · udb 9.995;minibil;el;10000;36;2995;9995;780;118595;3294;174995;22,6;67,8;67,8;E;nej;importoer;Hyundai;;automatisk;2026-07-25;2026-10-09;;https://katalog.hyundai.dk/NicChristiansenGruppen/Hyundai/Prislister/inster-privatleasing/;327;nej;97;42,0;forhjul;280;4
2026-10-09;hyundai-inster-essential-42-kwh-97-hk-udb-4-995-10000-36;Hyundai;Inster;Essential 42 kWh 97 hk · udb 4.995;minibil;el;10000;36;3195;4995;780;120795;3355;174995;23,0;69,0;69,0;E;nej;importoer;Hyundai;;automatisk;2026-07-25;2026-10-09;;https://katalog.hyundai.dk/NicChristiansenGruppen/Hyundai/Prislister/inster-privatleasing/;327;nej;97;42,0;forhjul;280;4
2026-10-09;hyundai-inster-essential-49-kwh-115-hk-udb-9-995-10000-36;Hyundai;Inster;Essential 49 kWh 115 hk · udb 9.995;minibil;el;10000;36;3095;9995;780;122195;3394;184995;22,0;66,0;66,1;E;nej;importoer;Hyundai;;automatisk;2026-07-25;2026-10-09;;https://katalog.hyundai.dk/NicChristiansenGruppen/Hyundai/Prislister/inster-privatleasing/;370;nej;115;49,0;forhjul;280;4
2026-10-09;hyundai-inster-essential-49-kwh-115-hk-udb-4-995-10000-36;Hyundai;Inster;Essential 49 kWh 115 hk · udb 4.995;minibil;el;10000;36;3295;4995;780;124395;3455;184995;22,4;67,2;67,2;E;nej;importoer;Hyundai;;automatisk;2026-07-25;2026-10-09;;https://katalog.hyundai.dk/NicChristiansenGruppen/Hyundai/Prislister/inster-privatleasing/;370;nej;115;49,0;forhjul;280;4
2026-10-09;hyundai-inster-advanced-49-kwh-115-hk-10000-36;Hyundai;Inster;Advanced 49 kWh 115 hk;minibil;el;10000;36;2695;29995;780;127795;3550;199995;21,3;63,9;63,9;E;nej;importoer;Hyundai;;automatisk;2026-07-25;2026-10-09;;https://katalog.hyundai.dk/NicChristiansenGruppen/Hyundai/Prislister/inster-privatleasing/;370;nej;115;49,0;forhjul;280;4
2026-10-09;hyundai-inster-advanced-49-kwh-115-hk-5-pers-10000-36;Hyundai;Inster;Advanced 49 kWh 115 hk (5 pers.);minibil;el;10000;36;2795;29995;780;131395;3650;199995;21,9;65,7;65,7;E;nej;importoer;Hyundai;;automatisk;2026-07-25;2026-10-09;;https://katalog.hyundai.dk/NicChristiansenGruppen/Hyundai/Prislister/inster-privatleasing/;369;nej;115;49,0;forhjul;280;5
2026-10-09;hyundai-inster-advanced-49-kwh-115-hk-udb-9-995-10000-36;Hyundai;Inster;Advanced 49 kWh 115 hk · udb 9.995;minibil;el;10000;36;3395;9995;780;132995;3694;199995;22,2;66,5;66,5;E;nej;importoer;Hyundai;;automatisk;2026-07-25;2026-10-09;;https://katalog.hyundai.dk/NicChristiansenGruppen/Hyundai/Prislister/inster-privatleasing/;370;nej;115;49,0;forhjul;280;4
2026-10-09;hyundai-inster-advanced-49-kwh-115-hk-udb-4-995-10000-36;Hyundai;Inster;Advanced 49 kWh 115 hk · udb 4.995;minibil;el;10000;36;3595;4995;780;135195;3755;199995;22,5;67,6;67,6;E;nej;importoer;Hyundai;;automatisk;2026-07-25;2026-10-09;;https://katalog.hyundai.dk/NicChristiansenGruppen/Hyundai/Prislister/inster-privatleasing/;370;nej;115;49,0;forhjul;280;4
2026-10-09;hyundai-inster-advanced-49-kwh-115-hk-5-pers-udb-9-995-10000-36;Hyundai;Inster;Advanced 49 kWh 115 hk (5 pers.) · udb 9.995;minibil;el;10000;36;3495;9995;780;136595;3794;199995;22,8;68,3;68,3;E;nej;importoer;Hyundai;;automatisk;2026-07-25;2026-10-09;;https://katalog.hyundai.dk/NicChristiansenGruppen/Hyundai/Prislister/inster-privatleasing/;369;nej;115;49,0;forhjul;280;5
2026-10-09;hyundai-inster-cross-49-kwh-115-hk-10000-36;Hyundai;Inster;Cross 49 kWh 115 hk;minibil;el;10000;36;2995;29995;780;138595;3850;216995;21,3;63,9;63,9;E;nej;importoer;Hyundai;;automatisk;2026-07-25;2026-10-09;;https://katalog.hyundai.dk/NicChristiansenGruppen/Hyundai/Prislister/inster-privatleasing/;;;115;49,0;forhjul;280;4
2026-10-09;hyundai-inster-advanced-49-kwh-115-hk-5-pers-udb-4-995-10000-36;Hyundai;Inster;Advanced 49 kWh 115 hk (5 pers.) · udb 4.995;minibil;el;10000;36;3695;4995;780;138795;3855;199995;23,1;69,4;69,4;E;nej;importoer;Hyundai;;automatisk;2026-07-25;2026-10-09;;https://katalog.hyundai.dk/NicChristiansenGruppen/Hyundai/Prislister/inster-privatleasing/;369;nej;115;49,0;forhjul;280;5
2026-10-09;hyundai-inster-cross-49-kwh-115-hk-udb-9-995-10000-36;Hyundai;Inster;Cross 49 kWh 115 hk · udb 9.995;minibil;el;10000;36;3695;9995;780;143795;3994;216995;22,1;66,3;66,3;E;nej;importoer;Hyundai;;automatisk;2026-07-25;2026-10-09;;https://katalog.hyundai.dk/NicChristiansenGruppen/Hyundai/Prislister/inster-privatleasing/;;;115;49,0;forhjul;280;4
2026-10-09;hyundai-inster-cross-49-kwh-115-hk-udb-4-995-10000-36;Hyundai;Inster;Cross 49 kWh 115 hk · udb 4.995;minibil;el;10000;36;3895;4995;780;145995;4055;216995;22,4;67,3;67,3;E;nej;importoer;Hyundai;;automatisk;2026-07-25;2026-10-09;;https://katalog.hyundai.dk/NicChristiansenGruppen/Hyundai/Prislister/inster-privatleasing/;;;115;49,0;forhjul;280;4
2026-10-09;hyundai-inster-essential-42-kwh-97-hk-15000-36;Hyundai;Inster;Essential 42 kWh 97 hk;minibil;el;15000;36;2595;29995;780;124195;3450;174995;23,7;71,0;71,0;E;nej;importoer;Hyundai;;automatisk;2026-10-02;2026-10-09;;https://katalog.hyundai.dk/NicChristiansenGruppen/Hyundai/Prislister/inster-privatleasing/;327;nej;97;42,0;forhjul;280;4
2026-10-09;hyundai-inster-essential-49-kwh-115-hk-15000-36;Hyundai;Inster;Essential 49 kWh 115 hk;minibil;el;15000;36;2695;29995;780;127795;3550;184995;23,0;69,1;69,1;E;nej;importoer;Hyundai;;automatisk;2026-10-02;2026-10-09;;https://katalog.hyundai.dk/NicChristiansenGruppen/Hyundai/Prislister/inster-privatleasing/;370;nej;115;49,0;forhjul;280;4
2026-10-09;hyundai-inster-essential-42-kwh-97-hk-udb-9-995-15000-36;Hyundai;Inster;Essential 42 kWh 97 hk · udb 9.995;minibil;el;15000;36;3295;9995;780;129395;3594;174995;24,6;73,9;73,9;E;nej;importoer;Hyundai;;automatisk;2026-10-02;2026-10-09;;https://katalog.hyundai.dk/NicChristiansenGruppen/Hyundai/Prislister/inster-privatleasing/;327;nej;97;42,0;forhjul;280;4
2026-10-09;hyundai-inster-essential-42-kwh-97-hk-udb-4-995-15000-36;Hyundai;Inster;Essential 42 kWh 97 hk · udb 4.995;minibil;el;15000;36;3495;4995;780;131595;3655;174995;25,1;75,2;75,2;E;nej;importoer;Hyundai;;automatisk;2026-10-02;2026-10-09;;https://katalog.hyundai.dk/NicChristiansenGruppen/Hyundai/Prislister/inster-privatleasing/;327;nej;97;42,0;forhjul;280;4
2026-10-09;hyundai-inster-essential-49-kwh-115-hk-udb-9-995-15000-36;Hyundai;Inster;Essential 49 kWh 115 hk · udb 9.995;minibil;el;15000;36;3395;9995;780;132995;3694;184995;24,0;71,9;71,9;E;nej;importoer;Hyundai;;automatisk;2026-10-02;2026-10-09;;https://katalog.hyundai.dk/NicChristiansenGruppen/Hyundai/Prislister/inster-privatleasing/;370;nej;115;49,0;forhjul;280;4
2026-10-09;hyundai-inster-essential-49-kwh-115-hk-udb-4-995-15000-36;Hyundai;Inster;Essential 49 kWh 115 hk · udb 4.995;minibil;el;15000;36;3595;4995;780;135195;3755;184995;24,4;73,1;73,1;E;nej;importoer;Hyundai;;automatisk;2026-10-02;2026-10-09;;https://katalog.hyundai.dk/NicChristiansenGruppen/Hyundai/Prislister/inster-privatleasing/;370;nej;115;49,0;forhjul;280;4
2026-10-09;hyundai-inster-advanced-49-kwh-115-hk-15000-36;Hyundai;Inster;Advanced 49 kWh 115 hk;minibil;el;15000;36;2995;29995;780;138595;3850;199995;23,1;69,3;69,3;E;nej;importoer;Hyundai;;automatisk;2026-10-02;2026-10-09;;https://katalog.hyundai.dk/NicChristiansenGruppen/Hyundai/Prislister/inster-privatleasing/;370;nej;115;49,0;forhjul;280;4
2026-10-09;hyundai-inster-advanced-49-kwh-115-hk-5-pers-15000-36;Hyundai;Inster;Advanced 49 kWh 115 hk (5 pers.);minibil;el;15000;36;3095;29995;780;142195;3950;199995;23,7;71,1;71,1;E;nej;importoer;Hyundai;;automatisk;2026-10-02;2026-10-09;;https://katalog.hyundai.dk/NicChristiansenGruppen/Hyundai/Prislister/inster-privatleasing/;369;nej;115;49,0;forhjul;280;5
2026-10-09;hyundai-inster-advanced-49-kwh-115-hk-udb-9-995-15000-36;Hyundai;Inster;Advanced 49 kWh 115 hk · udb 9.995;minibil;el;15000;36;3695;9995;780;143795;3994;199995;24,0;71,9;71,9;E;nej;importoer;Hyundai;;automatisk;2026-10-02;2026-10-09;;https://katalog.hyundai.dk/NicChristiansenGruppen/Hyundai/Prislister/inster-privatleasing/;370;nej;115;49,0;forhjul;280;4
2026-10-09;hyundai-inster-advanced-49-kwh-115-hk-udb-4-995-15000-36;Hyundai;Inster;Advanced 49 kWh 115 hk · udb 4.995;minibil;el;15000;36;3895;4995;780;145995;4055;199995;24,3;73,0;73,0;E;nej;importoer;Hyundai;;automatisk;2026-10-02;2026-10-09;;https://katalog.hyundai.dk/NicChristiansenGruppen/Hyundai/Prislister/inster-privatleasing/;370;nej;115;49,0;forhjul;280;4
2026-10-09;hyundai-inster-advanced-49-kwh-115-hk-5-pers-udb-9-995-15000-36;Hyundai;Inster;Advanced 49 kWh 115 hk (5 pers.) · udb 9.995;minibil;el;15000;36;3795;9995;780;147395;4094;199995;24,6;73,7;73,7;E;nej;importoer;Hyundai;;automatisk;2026-10-02;2026-10-09;;https://katalog.hyundai.dk/NicChristiansenGruppen/Hyundai/Prislister/inster-privatleasing/;369;nej;115;49,0;forhjul;280;5
2026-10-09;hyundai-inster-cross-49-kwh-115-hk-15000-36;Hyundai;Inster;Cross 49 kWh 115 hk;minibil;el;15000;36;3295;29995;780;149395;4150;216995;22,9;68,8;68,8;E;nej;importoer;Hyundai;;automatisk;2026-10-02;2026-10-09;;https://katalog.hyundai.dk/NicChristiansenGruppen/Hyundai/Prislister/inster-privatleasing/;;;115;49,0;forhjul;280;4
2026-10-09;hyundai-inster-advanced-49-kwh-115-hk-5-pers-udb-4-995-15000-36;Hyundai;Inster;Advanced 49 kWh 115 hk (5 pers.) · udb 4.995;minibil;el;15000;36;3995;4995;780;149595;4155;199995;24,9;74,8;74,8;E;nej;importoer;Hyundai;;automatisk;2026-10-02;2026-10-09;;https://katalog.hyundai.dk/NicChristiansenGruppen/Hyundai/Prislister/inster-privatleasing/;369;nej;115;49,0;forhjul;280;5
2026-10-09;hyundai-inster-cross-49-kwh-115-hk-udb-9-995-15000-36;Hyundai;Inster;Cross 49 kWh 115 hk · udb 9.995;minibil;el;15000;36;3995;9995;780;154595;4294;216995;23,7;71,2;71,2;E;nej;importoer;Hyundai;;automatisk;2026-10-02;2026-10-09;;https://katalog.hyundai.dk/NicChristiansenGruppen/Hyundai/Prislister/inster-privatleasing/;;;115;49,0;forhjul;280;4
2026-10-09;hyundai-inster-cross-49-kwh-115-hk-udb-4-995-15000-36;Hyundai;Inster;Cross 49 kWh 115 hk · udb 4.995;minibil;el;15000;36;4195;4995;780;156795;4355;216995;24,1;72,3;72,3;E;nej;importoer;Hyundai;;automatisk;2026-10-02;2026-10-09;;https://katalog.hyundai.dk/NicChristiansenGruppen/Hyundai/Prislister/inster-privatleasing/;;;115;49,0;forhjul;280;4
2026-10-09;hyundai-inster-essential-42-kwh-97-hk-20000-36;Hyundai;Inster;Essential 42 kWh 97 hk;minibil;el;20000;36;2895;29995;780;134995;3750;174995;25,7;77,1;77,1;E;nej;importoer;Hyundai;;automatisk;2026-10-02;2026-10-09;;https://katalog.hyundai.dk/NicChristiansenGruppen/Hyundai/Prislister/inster-privatleasing/;327;nej;97;42,0;forhjul;280;4
2026-10-09;hyundai-inster-essential-49-kwh-115-hk-20000-36;Hyundai;Inster;Essential 49 kWh 115 hk;minibil;el;20000;36;2995;29995;780;138595;3850;184995;25,0;74,9;74,9;E;nej;importoer;Hyundai;;automatisk;2026-10-02;2026-10-09;;https://katalog.hyundai.dk/NicChristiansenGruppen/Hyundai/Prislister/inster-privatleasing/;370;nej;115;49,0;forhjul;280;4
2026-10-09;hyundai-inster-essential-42-kwh-97-hk-udb-9-995-20000-36;Hyundai;Inster;Essential 42 kWh 97 hk · udb 9.995;minibil;el;20000;36;3595;9995;780;140195;3894;174995;26,7;80,1;80,1;E;nej;importoer;Hyundai;;automatisk;2026-10-02;2026-10-09;;https://katalog.hyundai.dk/NicChristiansenGruppen/Hyundai/Prislister/inster-privatleasing/;327;nej;97;42,0;forhjul;280;4
2026-10-09;hyundai-inster-essential-42-kwh-97-hk-udb-4-995-20000-36;Hyundai;Inster;Essential 42 kWh 97 hk · udb 4.995;minibil;el;20000;36;3795;4995;780;142395;3955;174995;27,1;81,4;81,4;E;nej;importoer;Hyundai;;automatisk;2026-10-02;2026-10-09;;https://katalog.hyundai.dk/NicChristiansenGruppen/Hyundai/Prislister/inster-privatleasing/;327;nej;97;42,0;forhjul;280;4
2026-10-09;hyundai-inster-essential-49-kwh-115-hk-udb-9-995-20000-36;Hyundai;Inster;Essential 49 kWh 115 hk · udb 9.995;minibil;el;20000;36;3695;9995;780;143795;3994;184995;25,9;77,7;77,7;E;nej;importoer;Hyundai;;automatisk;2026-10-02;2026-10-09;;https://katalog.hyundai.dk/NicChristiansenGruppen/Hyundai/Prislister/inster-privatleasing/;370;nej;115;49,0;forhjul;280;4
2026-10-09;hyundai-inster-essential-49-kwh-115-hk-udb-4-995-20000-36;Hyundai;Inster;Essential 49 kWh 115 hk · udb 4.995;minibil;el;20000;36;3895;4995;780;145995;4055;184995;26,3;78,9;78,9;E;nej;importoer;Hyundai;;automatisk;2026-10-02;2026-10-09;;https://katalog.hyundai.dk/NicChristiansenGruppen/Hyundai/Prislister/inster-privatleasing/;370;nej;115;49,0;forhjul;280;4
2026-10-09;hyundai-inster-advanced-49-kwh-115-hk-20000-36;Hyundai;Inster;Advanced 49 kWh 115 hk;minibil;el;20000;36;3295;29995;780;149395;4150;199995;24,9;74,7;74,7;E;nej;importoer;Hyundai;;automatisk;2026-10-02;2026-10-09;;https://katalog.hyundai.dk/NicChristiansenGruppen/Hyundai/Prislister/inster-privatleasing/;370;nej;115;49,0;forhjul;280;4
2026-10-09;hyundai-inster-advanced-49-kwh-115-hk-5-pers-20000-36;Hyundai;Inster;Advanced 49 kWh 115 hk (5 pers.);minibil;el;20000;36;3395;29995;780;152995;4250;199995;25,5;76,5;76,5;E;nej;importoer;Hyundai;;automatisk;2026-10-02;2026-10-09;;https://katalog.hyundai.dk/NicChristiansenGruppen/Hyundai/Prislister/inster-privatleasing/;369;nej;115;49,0;forhjul;280;5
2026-10-09;hyundai-inster-advanced-49-kwh-115-hk-udb-9-995-20000-36;Hyundai;Inster;Advanced 49 kWh 115 hk · udb 9.995;minibil;el;20000;36;3995;9995;780;154595;4294;199995;25,8;77,3;77,3;E;nej;importoer;Hyundai;;automatisk;2026-10-02;2026-10-09;;https://katalog.hyundai.dk/NicChristiansenGruppen/Hyundai/Prislister/inster-privatleasing/;370;nej;115;49,0;forhjul;280;4
2026-10-09;hyundai-inster-advanced-49-kwh-115-hk-udb-4-995-20000-36;Hyundai;Inster;Advanced 49 kWh 115 hk · udb 4.995;minibil;el;20000;36;4195;4995;780;156795;4355;199995;26,1;78,4;78,4;E;nej;importoer;Hyundai;;automatisk;2026-10-02;2026-10-09;;https://katalog.hyundai.dk/NicChristiansenGruppen/Hyundai/Prislister/inster-privatleasing/;370;nej;115;49,0;forhjul;280;4
2026-10-09;hyundai-inster-advanced-49-kwh-115-hk-5-pers-udb-9-995-20000-36;Hyundai;Inster;Advanced 49 kWh 115 hk (5 pers.) · udb 9.995;minibil;el;20000;36;4095;9995;780;158195;4394;199995;26,4;79,1;79,1;E;nej;importoer;Hyundai;;automatisk;2026-10-02;2026-10-09;;https://katalog.hyundai.dk/NicChristiansenGruppen/Hyundai/Prislister/inster-privatleasing/;369;nej;115;49,0;forhjul;280;5
2026-10-09;hyundai-inster-cross-49-kwh-115-hk-20000-36;Hyundai;Inster;Cross 49 kWh 115 hk;minibil;el;20000;36;3595;29995;780;160195;4450;216995;24,6;73,8;73,8;E;nej;importoer;Hyundai;;automatisk;2026-10-02;2026-10-09;;https://katalog.hyundai.dk/NicChristiansenGruppen/Hyundai/Prislister/inster-privatleasing/;;;115;49,0;forhjul;280;4
2026-10-09;hyundai-inster-advanced-49-kwh-115-hk-5-pers-udb-4-995-20000-36;Hyundai;Inster;Advanced 49 kWh 115 hk (5 pers.) · udb 4.995;minibil;el;20000;36;4295;4995;780;160395;4455;199995;26,7;80,2;80,2;E;nej;importoer;Hyundai;;automatisk;2026-10-02;2026-10-09;;https://katalog.hyundai.dk/NicChristiansenGruppen/Hyundai/Prislister/inster-privatleasing/;369;nej;115;49,0;forhjul;280;5
2026-10-09;hyundai-inster-cross-49-kwh-115-hk-udb-9-995-20000-36;Hyundai;Inster;Cross 49 kWh 115 hk · udb 9.995;minibil;el;20000;36;4295;9995;780;165395;4594;216995;25,4;76,2;76,2;E;nej;importoer;Hyundai;;automatisk;2026-10-02;2026-10-09;;https://katalog.hyundai.dk/NicChristiansenGruppen/Hyundai/Prislister/inster-privatleasing/;;;115;49,0;forhjul;280;4
2026-10-09;hyundai-inster-cross-49-kwh-115-hk-udb-4-995-20000-36;Hyundai;Inster;Cross 49 kWh 115 hk · udb 4.995;minibil;el;20000;36;4495;4995;780;167595;4655;216995;25,7;77,2;77,2;E;nej;importoer;Hyundai;;automatisk;2026-10-02;2026-10-09;;https://katalog.hyundai.dk/NicChristiansenGruppen/Hyundai/Prislister/inster-privatleasing/;;;115;49,0;forhjul;280;4
2026-10-09;hyundai-inster-essential-42-kwh-97-hk-25000-36;Hyundai;Inster;Essential 42 kWh 97 hk;minibil;el;25000;36;3245;29995;780;147595;4100;174995;28,1;84,3;84,3;E;nej;importoer;Hyundai;;automatisk;2026-07-25;2026-10-09;;https://katalog.hyundai.dk/NicChristiansenGruppen/Hyundai/Prislister/inster-privatleasing/;327;nej;97;42,0;forhjul;280;4
2026-10-09;hyundai-inster-essential-49-kwh-115-hk-25000-36;Hyundai;Inster;Essential 49 kWh 115 hk;minibil;el;25000;36;3345;29995;780;151195;4200;184995;27,2;81,7;81,7;E;nej;importoer;Hyundai;;automatisk;2026-07-25;2026-10-09;;https://katalog.hyundai.dk/NicChristiansenGruppen/Hyundai/Prislister/inster-privatleasing/;370;nej;115;49,0;forhjul;280;4
2026-10-09;hyundai-inster-essential-42-kwh-97-hk-udb-9-995-25000-36;Hyundai;Inster;Essential 42 kWh 97 hk · udb 9.995;minibil;el;25000;36;3945;9995;780;152795;4244;174995;29,1;87,3;87,3;E;nej;importoer;Hyundai;;automatisk;2026-07-25;2026-10-09;;https://katalog.hyundai.dk/NicChristiansenGruppen/Hyundai/Prislister/inster-privatleasing/;327;nej;97;42,0;forhjul;280;4
2026-10-09;hyundai-inster-essential-42-kwh-97-hk-udb-4-995-25000-36;Hyundai;Inster;Essential 42 kWh 97 hk · udb 4.995;minibil;el;25000;36;4145;4995;780;154995;4305;174995;29,5;88,6;88,6;E;nej;importoer;Hyundai;;automatisk;2026-07-25;2026-10-09;;https://katalog.hyundai.dk/NicChristiansenGruppen/Hyundai/Prislister/inster-privatleasing/;327;nej;97;42,0;forhjul;280;4
2026-10-09;hyundai-inster-essential-49-kwh-115-hk-udb-9-995-25000-36;Hyundai;Inster;Essential 49 kWh 115 hk · udb 9.995;minibil;el;25000;36;4045;9995;780;156395;4344;184995;28,2;84,5;84,5;E;nej;importoer;Hyundai;;automatisk;2026-07-25;2026-10-09;;https://katalog.hyundai.dk/NicChristiansenGruppen/Hyundai/Prislister/inster-privatleasing/;370;nej;115;49,0;forhjul;280;4
2026-10-09;hyundai-inster-essential-49-kwh-115-hk-udb-4-995-25000-36;Hyundai;Inster;Essential 49 kWh 115 hk · udb 4.995;minibil;el;25000;36;4245;4995;780;158595;4405;184995;28,6;85,7;85,7;E;nej;importoer;Hyundai;;automatisk;2026-07-25;2026-10-09;;https://katalog.hyundai.dk/NicChristiansenGruppen/Hyundai/Prislister/inster-privatleasing/;370;nej;115;49,0;forhjul;280;4
2026-10-09;hyundai-inster-advanced-49-kwh-115-hk-25000-36;Hyundai;Inster;Advanced 49 kWh 115 hk;minibil;el;25000;36;3645;29995;780;161995;4500;199995;27,0;81,0;81,0;E;nej;importoer;Hyundai;;automatisk;2026-07-25;2026-10-09;;https://katalog.hyundai.dk/NicChristiansenGruppen/Hyundai/Prislister/inster-privatleasing/;370;nej;115;49,0;forhjul;280;4
2026-10-09;hyundai-inster-advanced-49-kwh-115-hk-5-pers-25000-36;Hyundai;Inster;Advanced 49 kWh 115 hk (5 pers.);minibil;el;25000;36;3745;29995;780;165595;4600;199995;27,6;82,8;82,8;E;nej;importoer;Hyundai;;automatisk;2026-07-25;2026-10-09;;https://katalog.hyundai.dk/NicChristiansenGruppen/Hyundai/Prislister/inster-privatleasing/;369;nej;115;49,0;forhjul;280;5
2026-10-09;hyundai-inster-advanced-49-kwh-115-hk-udb-9-995-25000-36;Hyundai;Inster;Advanced 49 kWh 115 hk · udb 9.995;minibil;el;25000;36;4345;9995;780;167195;4644;199995;27,9;83,6;83,6;E;nej;importoer;Hyundai;;automatisk;2026-07-25;2026-10-09;;https://katalog.hyundai.dk/NicChristiansenGruppen/Hyundai/Prislister/inster-privatleasing/;370;nej;115;49,0;forhjul;280;4
2026-10-09;hyundai-inster-advanced-49-kwh-115-hk-udb-4-995-25000-36;Hyundai;Inster;Advanced 49 kWh 115 hk · udb 4.995;minibil;el;25000;36;4545;4995;780;169395;4705;199995;28,2;84,7;84,7;E;nej;importoer;Hyundai;;automatisk;2026-07-25;2026-10-09;;https://katalog.hyundai.dk/NicChristiansenGruppen/Hyundai/Prislister/inster-privatleasing/;370;nej;115;49,0;forhjul;280;4
2026-10-09;hyundai-inster-advanced-49-kwh-115-hk-5-pers-udb-9-995-25000-36;Hyundai;Inster;Advanced 49 kWh 115 hk (5 pers.) · udb 9.995;minibil;el;25000;36;4445;9995;780;170795;4744;199995;28,5;85,4;85,4;E;nej;importoer;Hyundai;;automatisk;2026-07-25;2026-10-09;;https://katalog.hyundai.dk/NicChristiansenGruppen/Hyundai/Prislister/inster-privatleasing/;369;nej;115;49,0;forhjul;280;5
2026-10-09;hyundai-inster-cross-49-kwh-115-hk-25000-36;Hyundai;Inster;Cross 49 kWh 115 hk;minibil;el;25000;36;3945;29995;780;172795;4800;216995;26,5;79,6;79,6;E;nej;importoer;Hyundai;;automatisk;2026-07-25;2026-10-09;;https://katalog.hyundai.dk/NicChristiansenGruppen/Hyundai/Prislister/inster-privatleasing/;;;115;49,0;forhjul;280;4
2026-10-09;hyundai-inster-advanced-49-kwh-115-hk-5-pers-udb-4-995-25000-36;Hyundai;Inster;Advanced 49 kWh 115 hk (5 pers.) · udb 4.995;minibil;el;25000;36;4645;4995;780;172995;4805;199995;28,8;86,5;86,5;E;nej;importoer;Hyundai;;automatisk;2026-07-25;2026-10-09;;https://katalog.hyundai.dk/NicChristiansenGruppen/Hyundai/Prislister/inster-privatleasing/;369;nej;115;49,0;forhjul;280;5
2026-10-09;hyundai-inster-cross-49-kwh-115-hk-udb-9-995-25000-36;Hyundai;Inster;Cross 49 kWh 115 hk · udb 9.995;minibil;el;25000;36;4645;9995;780;177995;4944;216995;27,3;82,0;82,0;E;nej;importoer;Hyundai;;automatisk;2026-07-25;2026-10-09;;https://katalog.hyundai.dk/NicChristiansenGruppen/Hyundai/Prislister/inster-privatleasing/;;;115;49,0;forhjul;280;4
2026-10-09;hyundai-inster-cross-49-kwh-115-hk-udb-4-995-25000-36;Hyundai;Inster;Cross 49 kWh 115 hk · udb 4.995;minibil;el;25000;36;4845;4995;780;180195;5005;216995;27,7;83,0;83,0;E;nej;importoer;Hyundai;;automatisk;2026-07-25;2026-10-09;;https://katalog.hyundai.dk/NicChristiansenGruppen/Hyundai/Prislister/inster-privatleasing/;;;115;49,0;forhjul;280;4
2026-10-09;hyundai-inster-essential-42-kwh-97-hk-30000-36;Hyundai;Inster;Essential 42 kWh 97 hk;minibil;el;30000;36;3595;29995;780;160195;4450;174995;30,5;91,5;91,5;E;nej;importoer;Hyundai;;automatisk;2026-07-25;2026-10-09;;https://katalog.hyundai.dk/NicChristiansenGruppen/Hyundai/Prislister/inster-privatleasing/;327;nej;97;42,0;forhjul;280;4
2026-10-09;hyundai-inster-essential-49-kwh-115-hk-30000-36;Hyundai;Inster;Essential 49 kWh 115 hk;minibil;el;30000;36;3695;29995;780;163795;4550;184995;29,5;88,5;88,5;E;nej;importoer;Hyundai;;automatisk;2026-07-25;2026-10-09;;https://katalog.hyundai.dk/NicChristiansenGruppen/Hyundai/Prislister/inster-privatleasing/;370;nej;115;49,0;forhjul;280;4
2026-10-09;hyundai-inster-essential-42-kwh-97-hk-udb-9-995-30000-36;Hyundai;Inster;Essential 42 kWh 97 hk · udb 9.995;minibil;el;30000;36;4295;9995;780;165395;4594;174995;31,5;94,5;94,5;E;nej;importoer;Hyundai;;automatisk;2026-07-25;2026-10-09;;https://katalog.hyundai.dk/NicChristiansenGruppen/Hyundai/Prislister/inster-privatleasing/;327;nej;97;42,0;forhjul;280;4
2026-10-09;hyundai-inster-essential-42-kwh-97-hk-udb-4-995-30000-36;Hyundai;Inster;Essential 42 kWh 97 hk · udb 4.995;minibil;el;30000;36;4495;4995;780;167595;4655;174995;31,9;95,8;95,8;E;nej;importoer;Hyundai;;automatisk;2026-07-25;2026-10-09;;https://katalog.hyundai.dk/NicChristiansenGruppen/Hyundai/Prislister/inster-privatleasing/;327;nej;97;42,0;forhjul;280;4
2026-10-09;hyundai-inster-essential-49-kwh-115-hk-udb-9-995-30000-36;Hyundai;Inster;Essential 49 kWh 115 hk · udb 9.995;minibil;el;30000;36;4395;9995;780;168995;4694;184995;30,4;91,3;91,4;E;nej;importoer;Hyundai;;automatisk;2026-07-25;2026-10-09;;https://katalog.hyundai.dk/NicChristiansenGruppen/Hyundai/Prislister/inster-privatleasing/;370;nej;115;49,0;forhjul;280;4
2026-10-09;hyundai-inster-essential-49-kwh-115-hk-udb-4-995-30000-36;Hyundai;Inster;Essential 49 kWh 115 hk · udb 4.995;minibil;el;30000;36;4595;4995;780;171195;4755;184995;30,8;92,5;92,5;E;nej;importoer;Hyundai;;automatisk;2026-07-25;2026-10-09;;https://katalog.hyundai.dk/NicChristiansenGruppen/Hyundai/Prislister/inster-privatleasing/;370;nej;115;49,0;forhjul;280;4
2026-10-09;hyundai-inster-advanced-49-kwh-115-hk-30000-36;Hyundai;Inster;Advanced 49 kWh 115 hk;minibil;el;30000;36;3995;29995;780;174595;4850;199995;29,1;87,3;87,3;E;nej;importoer;Hyundai;;automatisk;2026-07-25;2026-10-09;;https://katalog.hyundai.dk/NicChristiansenGruppen/Hyundai/Prislister/inster-privatleasing/;370;nej;115;49,0;forhjul;280;4
2026-10-09;hyundai-inster-advanced-49-kwh-115-hk-5-pers-30000-36;Hyundai;Inster;Advanced 49 kWh 115 hk (5 pers.);minibil;el;30000;36;4095;29995;780;178195;4950;199995;29,7;89,1;89,1;E;nej;importoer;Hyundai;;automatisk;2026-07-25;2026-10-09;;https://katalog.hyundai.dk/NicChristiansenGruppen/Hyundai/Prislister/inster-privatleasing/;369;nej;115;49,0;forhjul;280;5
2026-10-09;hyundai-inster-advanced-49-kwh-115-hk-udb-9-995-30000-36;Hyundai;Inster;Advanced 49 kWh 115 hk · udb 9.995;minibil;el;30000;36;4695;9995;780;179795;4994;199995;30,0;89,9;89,9;E;nej;importoer;Hyundai;;automatisk;2026-07-25;2026-10-09;;https://katalog.hyundai.dk/NicChristiansenGruppen/Hyundai/Prislister/inster-privatleasing/;370;nej;115;49,0;forhjul;280;4
2026-10-09;hyundai-inster-advanced-49-kwh-115-hk-udb-4-995-30000-36;Hyundai;Inster;Advanced 49 kWh 115 hk · udb 4.995;minibil;el;30000;36;4895;4995;780;181995;5055;199995;30,3;91,0;91,0;E;nej;importoer;Hyundai;;automatisk;2026-07-25;2026-10-09;;https://katalog.hyundai.dk/NicChristiansenGruppen/Hyundai/Prislister/inster-privatleasing/;370;nej;115;49,0;forhjul;280;4
2026-10-09;hyundai-inster-advanced-49-kwh-115-hk-5-pers-udb-9-995-30000-36;Hyundai;Inster;Advanced 49 kWh 115 hk (5 pers.) · udb 9.995;minibil;el;30000;36;4795;9995;780;183395;5094;199995;30,6;91,7;91,7;E;nej;importoer;Hyundai;;automatisk;2026-07-25;2026-10-09;;https://katalog.hyundai.dk/NicChristiansenGruppen/Hyundai/Prislister/inster-privatleasing/;369;nej;115;49,0;forhjul;280;5
2026-10-09;hyundai-inster-cross-49-kwh-115-hk-30000-36;Hyundai;Inster;Cross 49 kWh 115 hk;minibil;el;30000;36;4295;29995;780;185395;5150;216995;28,5;85,4;85,4;E;nej;importoer;Hyundai;;automatisk;2026-07-25;2026-10-09;;https://katalog.hyundai.dk/NicChristiansenGruppen/Hyundai/Prislister/inster-privatleasing/;;;115;49,0;forhjul;280;4
2026-10-09;hyundai-inster-advanced-49-kwh-115-hk-5-pers-udb-4-995-30000-36;Hyundai;Inster;Advanced 49 kWh 115 hk (5 pers.) · udb 4.995;minibil;el;30000;36;4995;4995;780;185595;5155;199995;30,9;92,8;92,8;E;nej;importoer;Hyundai;;automatisk;2026-07-25;2026-10-09;;https://katalog.hyundai.dk/NicChristiansenGruppen/Hyundai/Prislister/inster-privatleasing/;369;nej;115;49,0;forhjul;280;5
2026-10-09;hyundai-inster-cross-49-kwh-115-hk-udb-9-995-30000-36;Hyundai;Inster;Cross 49 kWh 115 hk · udb 9.995;minibil;el;30000;36;4995;9995;780;190595;5294;216995;29,3;87,8;87,8;E;nej;importoer;Hyundai;;automatisk;2026-07-25;2026-10-09;;https://katalog.hyundai.dk/NicChristiansenGruppen/Hyundai/Prislister/inster-privatleasing/;;;115;49,0;forhjul;280;4
2026-10-09;hyundai-inster-cross-49-kwh-115-hk-udb-4-995-30000-36;Hyundai;Inster;Cross 49 kWh 115 hk · udb 4.995;minibil;el;30000;36;5195;4995;780;192795;5355;216995;29,6;88,8;88,8;E;nej;importoer;Hyundai;;automatisk;2026-07-25;2026-10-09;;https://katalog.hyundai.dk/NicChristiansenGruppen/Hyundai/Prislister/inster-privatleasing/;;;115;49,0;forhjul;280;4
2026-10-09;hyundai-ioniq-5-rwd-essential-63-kwh-170-hk-10000-48;Hyundai;Ioniq 5;RWD Essential 63 kWh 170 hk;suv;el;10000;48;2895;49995;1000;189955;3957;279995;17,0;50,9;67,8;C;nej;importoer;Hyundai;;automatisk;2026-09-28;2026-10-09;;https://katalog.hyundai.dk/NicChristiansenGruppen/Hyundai/Prislister/ioniq-5-privatleasing/;440;nej;170;63,0;baghjul;520;
2026-10-09;hyundai-ioniq-5-rwd-essential-84-kwh-229-hk-10000-48;Hyundai;Ioniq 5;RWD Essential 84 kWh 229 hk;suv;el;10000;48;2995;49995;1000;194755;4057;309995;15,7;47,1;62,8;C;nej;importoer;Hyundai;;automatisk;2026-09-28;2026-10-09;;https://katalog.hyundai.dk/NicChristiansenGruppen/Hyundai/Prislister/ioniq-5-privatleasing/;570;nej;229;84,0;baghjul;520;
2026-10-09;hyundai-ioniq-5-rwd-essential-63-kwh-170-hk-udb-29-995-10000-48;Hyundai;Ioniq 5;RWD Essential 63 kWh 170 hk · udb 29.995;suv;el;10000;48;3495;29995;1000;198755;4141;279995;17,7;53,2;71,0;C;nej;importoer;Hyundai;;automatisk;2026-09-28;2026-10-09;;https://katalog.hyundai.dk/NicChristiansenGruppen/Hyundai/Prislister/ioniq-5-privatleasing/;440;nej;170;63,0;baghjul;520;
2026-10-09;hyundai-ioniq-5-rwd-essential-84-kwh-229-hk-udb-29-995-10000-48;Hyundai;Ioniq 5;RWD Essential 84 kWh 229 hk · udb 29.995;suv;el;10000;48;3595;29995;1000;203555;4241;309995;16,4;49,3;65,7;C;nej;importoer;Hyundai;;automatisk;2026-09-28;2026-10-09;;https://katalog.hyundai.dk/NicChristiansenGruppen/Hyundai/Prislister/ioniq-5-privatleasing/;570;nej;229;84,0;baghjul;520;
2026-10-09;hyundai-ioniq-5-rwd-advanced-84-kwh-229-hk-10000-48;Hyundai;Ioniq 5;RWD Advanced 84 kWh 229 hk;suv;el;10000;48;3195;49995;1000;204355;4257;334995;15,2;45,7;61,0;C;nej;importoer;Hyundai;;automatisk;2026-09-28;2026-10-09;;https://katalog.hyundai.dk/NicChristiansenGruppen/Hyundai/Prislister/ioniq-5-privatleasing/;570;nej;229;84,0;baghjul;520;
2026-10-09;hyundai-ioniq-5-rwd-ultimate-84-kwh-229-hk-10000-48;Hyundai;Ioniq 5;RWD Ultimate 84 kWh 229 hk;suv;el;10000;48;3295;49995;1000;209155;4357;354995;14,7;44,2;58,9;B;nej;importoer;Hyundai;;automatisk;2026-09-28;2026-10-09;;https://katalog.hyundai.dk/NicChristiansenGruppen/Hyundai/Prislister/ioniq-5-privatleasing/;;;229;84,0;baghjul;520;
2026-10-09;hyundai-ioniq-5-rwd-advanced-84-kwh-229-hk-udb-29-995-10000-48;Hyundai;Ioniq 5;RWD Advanced 84 kWh 229 hk · udb 29.995;suv;el;10000;48;3795;29995;1000;213155;4441;334995;15,9;47,7;63,6;C;nej;importoer;Hyundai;;automatisk;2026-09-28;2026-10-09;;https://katalog.hyundai.dk/NicChristiansenGruppen/Hyundai/Prislister/ioniq-5-privatleasing/;570;nej;229;84,0;baghjul;520;
2026-10-09;hyundai-ioniq-5-rwd-ultimate-84-kwh-229-hk-udb-29-995-10000-48;Hyundai;Ioniq 5;RWD Ultimate 84 kWh 229 hk · udb 29.995;suv;el;10000;48;3895;29995;1000;217955;4541;354995;15,4;46,1;61,4;C;nej;importoer;Hyundai;;automatisk;2026-09-28;2026-10-09;;https://katalog.hyundai.dk/NicChristiansenGruppen/Hyundai/Prislister/ioniq-5-privatleasing/;;;229;84,0;baghjul;520;
2026-10-09;hyundai-ioniq-5-4wd-ultimate-84-kwh-325-hk-10000-48;Hyundai;Ioniq 5;4WD Ultimate 84 kWh 325 hk;suv;el;10000;48;3595;49995;1000;223555;4657;379995;14,7;44,1;58,8;B;nej;importoer;Hyundai;;automatisk;2026-09-28;2026-10-09;;https://katalog.hyundai.dk/NicChristiansenGruppen/Hyundai/Prislister/ioniq-5-privatleasing/;546;nej;325;84,0;4wd;520;
2026-10-09;hyundai-ioniq-5-rwd-n-line-plus-84-kwh-229-hk-10000-48;Hyundai;Ioniq 5;RWD N Line Plus 84 kWh 229 hk;suv;el;10000;48;3595;49995;1000;223555;4657;369995;15,1;45,3;60,4;C;nej;importoer;Hyundai;;automatisk;2026-09-28;2026-10-09;;https://katalog.hyundai.dk/NicChristiansenGruppen/Hyundai/Prislister/ioniq-5-privatleasing/;515;nej;229;84,0;baghjul;520;
2026-10-09;hyundai-ioniq-5-rwd-n-line-plus-84-kwh-229-hk-udb-29-995-10000-48;Hyundai;Ioniq 5;RWD N Line Plus 84 kWh 229 hk · udb 29.995;suv;el;10000;48;4195;29995;1000;232355;4841;369995;15,7;47,1;62,8;C;nej;importoer;Hyundai;;automatisk;2026-09-28;2026-10-09;;https://katalog.hyundai.dk/NicChristiansenGruppen/Hyundai/Prislister/ioniq-5-privatleasing/;515;nej;229;84,0;baghjul;520;
2026-10-09;hyundai-ioniq-5-4wd-n-line-plus-84-kwh-325-hk-10000-48;Hyundai;Ioniq 5;4WD N Line Plus 84 kWh 325 hk;suv;el;10000;48;3995;49995;1000;242755;5057;394995;15,4;46,1;61,5;C;nej;importoer;Hyundai;;automatisk;2026-09-28;2026-10-09;;https://katalog.hyundai.dk/NicChristiansenGruppen/Hyundai/Prislister/ioniq-5-privatleasing/;495;nej;325;84,0;4wd;520;
2026-10-09;hyundai-ioniq-5-4wd-n-line-plus-84-kwh-325-hk-udb-29-995-10000-48;Hyundai;Ioniq 5;4WD N Line Plus 84 kWh 325 hk · udb 29.995;suv;el;10000;48;4595;29995;1000;251555;5241;394995;15,9;47,8;63,7;C;nej;importoer;Hyundai;;automatisk;2026-09-28;2026-10-09;;https://katalog.hyundai.dk/NicChristiansenGruppen/Hyundai/Prislister/ioniq-5-privatleasing/;495;nej;325;84,0;4wd;520;
2026-10-09;hyundai-ioniq-5-rwd-essential-63-kwh-170-hk-15000-48;Hyundai;Ioniq 5;RWD Essential 63 kWh 170 hk;suv;el;15000;48;3195;49995;1000;204355;4257;279995;18,2;54,7;73,0;D;nej;importoer;Hyundai;;automatisk;2026-10-02;2026-10-09;;https://katalog.hyundai.dk/NicChristiansenGruppen/Hyundai/Prislister/ioniq-5-privatleasing/;440;nej;170;63,0;baghjul;520;
2026-10-09;hyundai-ioniq-5-rwd-essential-84-kwh-229-hk-15000-48;Hyundai;Ioniq 5;RWD Essential 84 kWh 229 hk;suv;el;15000;48;3295;49995;1000;209155;4357;309995;16,9;50,6;67,5;C;nej;importoer;Hyundai;;automatisk;2026-10-02;2026-10-09;;https://katalog.hyundai.dk/NicChristiansenGruppen/Hyundai/Prislister/ioniq-5-privatleasing/;570;nej;229;84,0;baghjul;520;
2026-10-09;hyundai-ioniq-5-rwd-essential-63-kwh-170-hk-udb-29-995-15000-48;Hyundai;Ioniq 5;RWD Essential 63 kWh 170 hk · udb 29.995;suv;el;15000;48;3795;29995;1000;213155;4441;279995;19,0;57,1;76,1;D;nej;importoer;Hyundai;;automatisk;2026-10-02;2026-10-09;;https://katalog.hyundai.dk/NicChristiansenGruppen/Hyundai/Prislister/ioniq-5-privatleasing/;440;nej;170;63,0;baghjul;520;
2026-10-09;hyundai-ioniq-5-rwd-essential-84-kwh-229-hk-udb-29-995-15000-48;Hyundai;Ioniq 5;RWD Essential 84 kWh 229 hk · udb 29.995;suv;el;15000;48;3895;29995;1000;217955;4541;309995;17,6;52,7;70,3;C;nej;importoer;Hyundai;;automatisk;2026-10-02;2026-10-09;;https://katalog.hyundai.dk/NicChristiansenGruppen/Hyundai/Prislister/ioniq-5-privatleasing/;570;nej;229;84,0;baghjul;520;
2026-10-09;hyundai-ioniq-5-rwd-advanced-84-kwh-229-hk-15000-48;Hyundai;Ioniq 5;RWD Advanced 84 kWh 229 hk;suv;el;15000;48;3495;49995;1000;218755;4557;334995;16,3;49,0;65,3;C;nej;importoer;Hyundai;;automatisk;2026-10-02;2026-10-09;;https://katalog.hyundai.dk/NicChristiansenGruppen/Hyundai/Prislister/ioniq-5-privatleasing/;570;nej;229;84,0;baghjul;520;
2026-10-09;hyundai-ioniq-5-rwd-ultimate-84-kwh-229-hk-15000-48;Hyundai;Ioniq 5;RWD Ultimate 84 kWh 229 hk;suv;el;15000;48;3595;49995;1000;223555;4657;354995;15,7;47,2;63,0;C;nej;importoer;Hyundai;;automatisk;2026-10-02;2026-10-09;;https://katalog.hyundai.dk/NicChristiansenGruppen/Hyundai/Prislister/ioniq-5-privatleasing/;;;229;84,0;baghjul;520;
2026-10-09;hyundai-ioniq-5-rwd-advanced-84-kwh-229-hk-udb-29-995-15000-48;Hyundai;Ioniq 5;RWD Advanced 84 kWh 229 hk · udb 29.995;suv;el;15000;48;4095;29995;1000;227555;4741;334995;17,0;50,9;67,9;C;nej;importoer;Hyundai;;automatisk;2026-10-02;2026-10-09;;https://katalog.hyundai.dk/NicChristiansenGruppen/Hyundai/Prislister/ioniq-5-privatleasing/;570;nej;229;84,0;baghjul;520;
2026-10-09;hyundai-ioniq-5-rwd-ultimate-84-kwh-229-hk-udb-29-995-15000-48;Hyundai;Ioniq 5;RWD Ultimate 84 kWh 229 hk · udb 29.995;suv;el;15000;48;4195;29995;1000;232355;4841;354995;16,4;49,1;65,5;C;nej;importoer;Hyundai;;automatisk;2026-10-02;2026-10-09;;https://katalog.hyundai.dk/NicChristiansenGruppen/Hyundai/Prislister/ioniq-5-privatleasing/;;;229;84,0;baghjul;520;
2026-10-09;hyundai-ioniq-5-4wd-ultimate-84-kwh-325-hk-15000-48;Hyundai;Ioniq 5;4WD Ultimate 84 kWh 325 hk;suv;el;15000;48;3895;49995;1000;237955;4957;379995;15,7;47,0;62,6;C;nej;importoer;Hyundai;;automatisk;2026-10-02;2026-10-09;;https://katalog.hyundai.dk/NicChristiansenGruppen/Hyundai/Prislister/ioniq-5-privatleasing/;546;nej;325;84,0;4wd;520;
2026-10-09;hyundai-ioniq-5-rwd-n-line-plus-84-kwh-229-hk-15000-48;Hyundai;Ioniq 5;RWD N Line Plus 84 kWh 229 hk;suv;el;15000;48;3895;49995;1000;237955;4957;369995;16,1;48,2;64,3;C;nej;importoer;Hyundai;;automatisk;2026-10-02;2026-10-09;;https://katalog.hyundai.dk/NicChristiansenGruppen/Hyundai/Prislister/ioniq-5-privatleasing/;515;nej;229;84,0;baghjul;520;
2026-10-09;hyundai-ioniq-5-rwd-n-line-plus-84-kwh-229-hk-udb-29-995-15000-48;Hyundai;Ioniq 5;RWD N Line Plus 84 kWh 229 hk · udb 29.995;suv;el;15000;48;4495;29995;1000;246755;5141;369995;16,7;50,0;66,7;C;nej;importoer;Hyundai;;automatisk;2026-10-02;2026-10-09;;https://katalog.hyundai.dk/NicChristiansenGruppen/Hyundai/Prislister/ioniq-5-privatleasing/;515;nej;229;84,0;baghjul;520;
2026-10-09;hyundai-ioniq-5-4wd-n-line-plus-84-kwh-325-hk-15000-48;Hyundai;Ioniq 5;4WD N Line Plus 84 kWh 325 hk;suv;el;15000;48;4295;49995;1000;257155;5357;394995;16,3;48,8;65,1;C;nej;importoer;Hyundai;;automatisk;2026-10-02;2026-10-09;;https://katalog.hyundai.dk/NicChristiansenGruppen/Hyundai/Prislister/ioniq-5-privatleasing/;495;nej;325;84,0;4wd;520;
2026-10-09;hyundai-ioniq-5-4wd-n-line-plus-84-kwh-325-hk-udb-29-995-15000-48;Hyundai;Ioniq 5;4WD N Line Plus 84 kWh 325 hk · udb 29.995;suv;el;15000;48;4895;29995;1000;265955;5541;394995;16,8;50,5;67,3;C;nej;importoer;Hyundai;;automatisk;2026-10-02;2026-10-09;;https://katalog.hyundai.dk/NicChristiansenGruppen/Hyundai/Prislister/ioniq-5-privatleasing/;495;nej;325;84,0;4wd;520;
2026-10-09;hyundai-ioniq-5-rwd-essential-63-kwh-170-hk-20000-48;Hyundai;Ioniq 5;RWD Essential 63 kWh 170 hk;suv;el;20000;48;3495;49995;1000;218755;4557;279995;19,5;58,6;78,1;D;nej;importoer;Hyundai;;automatisk;2026-10-02;2026-10-09;;https://katalog.hyundai.dk/NicChristiansenGruppen/Hyundai/Prislister/ioniq-5-privatleasing/;440;nej;170;63,0;baghjul;520;
2026-10-09;hyundai-ioniq-5-rwd-essential-84-kwh-229-hk-20000-48;Hyundai;Ioniq 5;RWD Essential 84 kWh 229 hk;suv;el;20000;48;3595;49995;1000;223555;4657;309995;18,0;54,1;72,1;D;nej;importoer;Hyundai;;automatisk;2026-10-02;2026-10-09;;https://katalog.hyundai.dk/NicChristiansenGruppen/Hyundai/Prislister/ioniq-5-privatleasing/;570;nej;229;84,0;baghjul;520;
2026-10-09;hyundai-ioniq-5-rwd-essential-63-kwh-170-hk-udb-29-995-20000-48;Hyundai;Ioniq 5;RWD Essential 63 kWh 170 hk · udb 29.995;suv;el;20000;48;4095;29995;1000;227555;4741;279995;20,3;61,0;81,3;E;nej;importoer;Hyundai;;automatisk;2026-10-02;2026-10-09;;https://katalog.hyundai.dk/NicChristiansenGruppen/Hyundai/Prislister/ioniq-5-privatleasing/;440;nej;170;63,0;baghjul;520;
2026-10-09;hyundai-ioniq-5-rwd-essential-84-kwh-229-hk-udb-29-995-20000-48;Hyundai;Ioniq 5;RWD Essential 84 kWh 229 hk · udb 29.995;suv;el;20000;48;4195;29995;1000;232355;4841;309995;18,7;56,2;75,0;D;nej;importoer;Hyundai;;automatisk;2026-10-02;2026-10-09;;https://katalog.hyundai.dk/NicChristiansenGruppen/Hyundai/Prislister/ioniq-5-privatleasing/;570;nej;229;84,0;baghjul;520;
2026-10-09;hyundai-ioniq-5-rwd-advanced-84-kwh-229-hk-20000-48;Hyundai;Ioniq 5;RWD Advanced 84 kWh 229 hk;suv;el;20000;48;3795;49995;1000;233155;4857;334995;17,4;52,2;69,6;C;nej;importoer;Hyundai;;automatisk;2026-10-02;2026-10-09;;https://katalog.hyundai.dk/NicChristiansenGruppen/Hyundai/Prislister/ioniq-5-privatleasing/;570;nej;229;84,0;baghjul;520;
2026-10-09;hyundai-ioniq-5-rwd-ultimate-84-kwh-229-hk-20000-48;Hyundai;Ioniq 5;RWD Ultimate 84 kWh 229 hk;suv;el;20000;48;3895;49995;1000;237955;4957;354995;16,8;50,3;67,0;C;nej;importoer;Hyundai;;automatisk;2026-10-02;2026-10-09;;https://katalog.hyundai.dk/NicChristiansenGruppen/Hyundai/Prislister/ioniq-5-privatleasing/;;;229;84,0;baghjul;520;
2026-10-09;hyundai-ioniq-5-rwd-advanced-84-kwh-229-hk-udb-29-995-20000-48;Hyundai;Ioniq 5;RWD Advanced 84 kWh 229 hk · udb 29.995;suv;el;20000;48;4395;29995;1000;241955;5041;334995;18,1;54,2;72,2;D;nej;importoer;Hyundai;;automatisk;2026-10-02;2026-10-09;;https://katalog.hyundai.dk/NicChristiansenGruppen/Hyundai/Prislister/ioniq-5-privatleasing/;570;nej;229;84,0;baghjul;520;
2026-10-09;hyundai-ioniq-5-rwd-ultimate-84-kwh-229-hk-udb-29-995-20000-48;Hyundai;Ioniq 5;RWD Ultimate 84 kWh 229 hk · udb 29.995;suv;el;20000;48;4495;29995;1000;246755;5141;354995;17,4;52,1;69,5;C;nej;importoer;Hyundai;;automatisk;2026-10-02;2026-10-09;;https://katalog.hyundai.dk/NicChristiansenGruppen/Hyundai/Prislister/ioniq-5-privatleasing/;;;229;84,0;baghjul;520;
2026-10-09;hyundai-ioniq-5-4wd-ultimate-84-kwh-325-hk-20000-48;Hyundai;Ioniq 5;4WD Ultimate 84 kWh 325 hk;suv;el;20000;48;4195;49995;1000;252355;5257;379995;16,6;49,8;66,4;C;nej;importoer;Hyundai;;automatisk;2026-10-02;2026-10-09;;https://katalog.hyundai.dk/NicChristiansenGruppen/Hyundai/Prislister/ioniq-5-privatleasing/;546;nej;325;84,0;4wd;520;
2026-10-09;hyundai-ioniq-5-rwd-n-line-plus-84-kwh-229-hk-20000-48;Hyundai;Ioniq 5;RWD N Line Plus 84 kWh 229 hk;suv;el;20000;48;4195;49995;1000;252355;5257;369995;17,0;51,1;68,2;C;nej;importoer;Hyundai;;automatisk;2026-10-02;2026-10-09;;https://katalog.hyundai.dk/NicChristiansenGruppen/Hyundai/Prislister/ioniq-5-privatleasing/;515;nej;229;84,0;baghjul;520;
2026-10-09;hyundai-ioniq-5-rwd-n-line-plus-84-kwh-229-hk-udb-29-995-20000-48;Hyundai;Ioniq 5;RWD N Line Plus 84 kWh 229 hk · udb 29.995;suv;el;20000;48;4795;29995;1000;261155;5441;369995;17,6;52,9;70,6;C;nej;importoer;Hyundai;;automatisk;2026-10-02;2026-10-09;;https://katalog.hyundai.dk/NicChristiansenGruppen/Hyundai/Prislister/ioniq-5-privatleasing/;515;nej;229;84,0;baghjul;520;
2026-10-09;hyundai-ioniq-5-4wd-n-line-plus-84-kwh-325-hk-20000-48;Hyundai;Ioniq 5;4WD N Line Plus 84 kWh 325 hk;suv;el;20000;48;4595;49995;1000;271555;5657;394995;17,2;51,6;68,7;C;nej;importoer;Hyundai;;automatisk;2026-10-02;2026-10-09;;https://katalog.hyundai.dk/NicChristiansenGruppen/Hyundai/Prislister/ioniq-5-privatleasing/;495;nej;325;84,0;4wd;520;
2026-10-09;hyundai-ioniq-5-4wd-n-line-plus-84-kwh-325-hk-udb-29-995-20000-48;Hyundai;Ioniq 5;4WD N Line Plus 84 kWh 325 hk · udb 29.995;suv;el;20000;48;5195;29995;1000;280355;5841;394995;17,7;53,2;71,0;C;nej;importoer;Hyundai;;automatisk;2026-10-02;2026-10-09;;https://katalog.hyundai.dk/NicChristiansenGruppen/Hyundai/Prislister/ioniq-5-privatleasing/;495;nej;325;84,0;4wd;520;
2026-10-09;hyundai-ioniq-5-rwd-essential-63-kwh-170-hk-25000-48;Hyundai;Ioniq 5;RWD Essential 63 kWh 170 hk;suv;el;25000;48;3795;49995;1000;233155;4857;279995;20,8;62,4;83,3;E;nej;importoer;Hyundai;;automatisk;2026-09-28;2026-10-09;;https://katalog.hyundai.dk/NicChristiansenGruppen/Hyundai/Prislister/ioniq-5-privatleasing/;440;nej;170;63,0;baghjul;520;
2026-10-09;hyundai-ioniq-5-rwd-essential-84-kwh-229-hk-25000-48;Hyundai;Ioniq 5;RWD Essential 84 kWh 229 hk;suv;el;25000;48;3895;49995;1000;237955;4957;309995;19,2;57,6;76,8;D;nej;importoer;Hyundai;;automatisk;2026-09-28;2026-10-09;;https://katalog.hyundai.dk/NicChristiansenGruppen/Hyundai/Prislister/ioniq-5-privatleasing/;570;nej;229;84,0;baghjul;520;
2026-10-09;hyundai-ioniq-5-rwd-essential-63-kwh-170-hk-udb-29-995-25000-48;Hyundai;Ioniq 5;RWD Essential 63 kWh 170 hk · udb 29.995;suv;el;25000;48;4395;29995;1000;241955;5041;279995;21,6;64,8;86,4;E;nej;importoer;Hyundai;;automatisk;2026-09-28;2026-10-09;;https://katalog.hyundai.dk/NicChristiansenGruppen/Hyundai/Prislister/ioniq-5-privatleasing/;440;nej;170;63,0;baghjul;520;
2026-10-09;hyundai-ioniq-5-rwd-essential-84-kwh-229-hk-udb-29-995-25000-48;Hyundai;Ioniq 5;RWD Essential 84 kWh 229 hk · udb 29.995;suv;el;25000;48;4495;29995;1000;246755;5141;309995;19,9;59,7;79,6;D;nej;importoer;Hyundai;;automatisk;2026-09-28;2026-10-09;;https://katalog.hyundai.dk/NicChristiansenGruppen/Hyundai/Prislister/ioniq-5-privatleasing/;570;nej;229;84,0;baghjul;520;
2026-10-09;hyundai-ioniq-5-rwd-advanced-84-kwh-229-hk-25000-48;Hyundai;Ioniq 5;RWD Advanced 84 kWh 229 hk;suv;el;25000;48;4095;49995;1000;247555;5157;334995;18,5;55,4;73,9;D;nej;importoer;Hyundai;;automatisk;2026-09-28;2026-10-09;;https://katalog.hyundai.dk/NicChristiansenGruppen/Hyundai/Prislister/ioniq-5-privatleasing/;570;nej;229;84,0;baghjul;520;
2026-10-09;hyundai-ioniq-5-rwd-ultimate-84-kwh-229-hk-25000-48;Hyundai;Ioniq 5;RWD Ultimate 84 kWh 229 hk;suv;el;25000;48;4195;49995;1000;252355;5257;354995;17,8;53,3;71,1;C;nej;importoer;Hyundai;;automatisk;2026-09-28;2026-10-09;;https://katalog.hyundai.dk/NicChristiansenGruppen/Hyundai/Prislister/ioniq-5-privatleasing/;;;229;84,0;baghjul;520;
2026-10-09;hyundai-ioniq-5-rwd-advanced-84-kwh-229-hk-udb-29-995-25000-48;Hyundai;Ioniq 5;RWD Advanced 84 kWh 229 hk · udb 29.995;suv;el;25000;48;4695;29995;1000;256355;5341;334995;19,1;57,4;76,5;D;nej;importoer;Hyundai;;automatisk;2026-09-28;2026-10-09;;https://katalog.hyundai.dk/NicChristiansenGruppen/Hyundai/Prislister/ioniq-5-privatleasing/;570;nej;229;84,0;baghjul;520;
2026-10-09;hyundai-ioniq-5-rwd-ultimate-84-kwh-229-hk-udb-29-995-25000-48;Hyundai;Ioniq 5;RWD Ultimate 84 kWh 229 hk · udb 29.995;suv;el;25000;48;4795;29995;1000;261155;5441;354995;18,4;55,2;73,6;D;nej;importoer;Hyundai;;automatisk;2026-09-28;2026-10-09;;https://katalog.hyundai.dk/NicChristiansenGruppen/Hyundai/Prislister/ioniq-5-privatleasing/;;;229;84,0;baghjul;520;
2026-10-09;hyundai-ioniq-5-4wd-ultimate-84-kwh-325-hk-25000-48;Hyundai;Ioniq 5;4WD Ultimate 84 kWh 325 hk;suv;el;25000;48;4495;49995;1000;266755;5557;379995;17,5;52,6;70,2;C;nej;importoer;Hyundai;;automatisk;2026-09-28;2026-10-09;;https://katalog.hyundai.dk/NicChristiansenGruppen/Hyundai/Prislister/ioniq-5-privatleasing/;546;nej;325;84,0;4wd;520;
2026-10-09;hyundai-ioniq-5-rwd-n-line-plus-84-kwh-229-hk-25000-48;Hyundai;Ioniq 5;RWD N Line Plus 84 kWh 229 hk;suv;el;25000;48;4495;49995;1000;266755;5557;369995;18,0;54,1;72,1;D;nej;importoer;Hyundai;;automatisk;2026-09-28;2026-10-09;;https://katalog.hyundai.dk/NicChristiansenGruppen/Hyundai/Prislister/ioniq-5-privatleasing/;515;nej;229;84,0;baghjul;520;
2026-10-09;hyundai-ioniq-5-rwd-n-line-plus-84-kwh-229-hk-udb-29-995-25000-48;Hyundai;Ioniq 5;RWD N Line Plus 84 kWh 229 hk · udb 29.995;suv;el;25000;48;5095;29995;1000;275555;5741;369995;18,6;55,9;74,5;D;nej;importoer;Hyundai;;automatisk;2026-09-28;2026-10-09;;https://katalog.hyundai.dk/NicChristiansenGruppen/Hyundai/Prislister/ioniq-5-privatleasing/;515;nej;229;84,0;baghjul;520;
2026-10-09;hyundai-ioniq-5-4wd-n-line-plus-84-kwh-325-hk-25000-48;Hyundai;Ioniq 5;4WD N Line Plus 84 kWh 325 hk;suv;el;25000;48;4895;49995;1000;285955;5957;394995;18,1;54,3;72,4;D;nej;importoer;Hyundai;;automatisk;2026-09-28;2026-10-09;;https://katalog.hyundai.dk/NicChristiansenGruppen/Hyundai/Prislister/ioniq-5-privatleasing/;495;nej;325;84,0;4wd;520;
2026-10-09;hyundai-ioniq-5-4wd-n-line-plus-84-kwh-325-hk-udb-29-995-25000-48;Hyundai;Ioniq 5;4WD N Line Plus 84 kWh 325 hk · udb 29.995;suv;el;25000;48;5495;29995;1000;294755;6141;394995;18,7;56,0;74,6;D;nej;importoer;Hyundai;;automatisk;2026-09-28;2026-10-09;;https://katalog.hyundai.dk/NicChristiansenGruppen/Hyundai/Prislister/ioniq-5-privatleasing/;495;nej;325;84,0;4wd;520;
2026-10-09;hyundai-ioniq-5-rwd-essential-63-kwh-170-hk-30000-48;Hyundai;Ioniq 5;RWD Essential 63 kWh 170 hk;suv;el;30000;48;4095;49995;1000;247555;5157;279995;22,1;66,3;88,4;E;nej;importoer;Hyundai;;automatisk;2026-09-28;2026-10-09;;https://katalog.hyundai.dk/NicChristiansenGruppen/Hyundai/Prislister/ioniq-5-privatleasing/;440;nej;170;63,0;baghjul;520;
2026-10-09;hyundai-ioniq-5-rwd-essential-84-kwh-229-hk-30000-48;Hyundai;Ioniq 5;RWD Essential 84 kWh 229 hk;suv;el;30000;48;4195;49995;1000;252355;5257;309995;20,4;61,1;81,4;E;nej;importoer;Hyundai;;automatisk;2026-09-28;2026-10-09;;https://katalog.hyundai.dk/NicChristiansenGruppen/Hyundai/Prislister/ioniq-5-privatleasing/;570;nej;229;84,0;baghjul;520;
2026-10-09;hyundai-ioniq-5-rwd-essential-63-kwh-170-hk-udb-29-995-30000-48;Hyundai;Ioniq 5;RWD Essential 63 kWh 170 hk · udb 29.995;suv;el;30000;48;4695;29995;1000;256355;5341;279995;22,9;68,7;91,6;E;nej;importoer;Hyundai;;automatisk;2026-09-28;2026-10-09;;https://katalog.hyundai.dk/NicChristiansenGruppen/Hyundai/Prislister/ioniq-5-privatleasing/;440;nej;170;63,0;baghjul;520;
2026-10-09;hyundai-ioniq-5-rwd-essential-84-kwh-229-hk-udb-29-995-30000-48;Hyundai;Ioniq 5;RWD Essential 84 kWh 229 hk · udb 29.995;suv;el;30000;48;4795;29995;1000;261155;5441;309995;21,1;63,2;84,2;E;nej;importoer;Hyundai;;automatisk;2026-09-28;2026-10-09;;https://katalog.hyundai.dk/NicChristiansenGruppen/Hyundai/Prislister/ioniq-5-privatleasing/;570;nej;229;84,0;baghjul;520;
2026-10-09;hyundai-ioniq-5-rwd-advanced-84-kwh-229-hk-30000-48;Hyundai;Ioniq 5;RWD Advanced 84 kWh 229 hk;suv;el;30000;48;4395;49995;1000;261955;5457;334995;19,5;58,6;78,2;D;nej;importoer;Hyundai;;automatisk;2026-09-28;2026-10-09;;https://katalog.hyundai.dk/NicChristiansenGruppen/Hyundai/Prislister/ioniq-5-privatleasing/;570;nej;229;84,0;baghjul;520;
2026-10-09;hyundai-ioniq-5-rwd-ultimate-84-kwh-229-hk-30000-48;Hyundai;Ioniq 5;RWD Ultimate 84 kWh 229 hk;suv;el;30000;48;4495;49995;1000;266755;5557;354995;18,8;56,4;75,1;D;nej;importoer;Hyundai;;automatisk;2026-09-28;2026-10-09;;https://katalog.hyundai.dk/NicChristiansenGruppen/Hyundai/Prislister/ioniq-5-privatleasing/;;;229;84,0;baghjul;520;
2026-10-09;hyundai-ioniq-5-rwd-advanced-84-kwh-229-hk-udb-29-995-30000-48;Hyundai;Ioniq 5;RWD Advanced 84 kWh 229 hk · udb 29.995;suv;el;30000;48;4995;29995;1000;270755;5641;334995;20,2;60,6;80,8;E;nej;importoer;Hyundai;;automatisk;2026-09-28;2026-10-09;;https://katalog.hyundai.dk/NicChristiansenGruppen/Hyundai/Prislister/ioniq-5-privatleasing/;570;nej;229;84,0;baghjul;520;
2026-10-09;hyundai-ioniq-5-rwd-ultimate-84-kwh-229-hk-udb-29-995-30000-48;Hyundai;Ioniq 5;RWD Ultimate 84 kWh 229 hk · udb 29.995;suv;el;30000;48;5095;29995;1000;275555;5741;354995;19,4;58,2;77,6;D;nej;importoer;Hyundai;;automatisk;2026-09-28;2026-10-09;;https://katalog.hyundai.dk/NicChristiansenGruppen/Hyundai/Prislister/ioniq-5-privatleasing/;;;229;84,0;baghjul;520;
2026-10-09;hyundai-ioniq-5-4wd-ultimate-84-kwh-325-hk-30000-48;Hyundai;Ioniq 5;4WD Ultimate 84 kWh 325 hk;suv;el;30000;48;4795;49995;1000;281155;5857;379995;18,5;55,5;74,0;D;nej;importoer;Hyundai;;automatisk;2026-09-28;2026-10-09;;https://katalog.hyundai.dk/NicChristiansenGruppen/Hyundai/Prislister/ioniq-5-privatleasing/;546;nej;325;84,0;4wd;520;
2026-10-09;hyundai-ioniq-5-rwd-n-line-plus-84-kwh-229-hk-30000-48;Hyundai;Ioniq 5;RWD N Line Plus 84 kWh 229 hk;suv;el;30000;48;4795;49995;1000;281155;5857;369995;19,0;57,0;76,0;D;nej;importoer;Hyundai;;automatisk;2026-09-28;2026-10-09;;https://katalog.hyundai.dk/NicChristiansenGruppen/Hyundai/Prislister/ioniq-5-privatleasing/;515;nej;229;84,0;baghjul;520;
2026-10-09;hyundai-ioniq-5-rwd-n-line-plus-84-kwh-229-hk-udb-29-995-30000-48;Hyundai;Ioniq 5;RWD N Line Plus 84 kWh 229 hk · udb 29.995;suv;el;30000;48;5395;29995;1000;289955;6041;369995;19,6;58,8;78,4;D;nej;importoer;Hyundai;;automatisk;2026-09-28;2026-10-09;;https://katalog.hyundai.dk/NicChristiansenGruppen/Hyundai/Prislister/ioniq-5-privatleasing/;515;nej;229;84,0;baghjul;520;
2026-10-09;hyundai-ioniq-5-4wd-n-line-plus-84-kwh-325-hk-30000-48;Hyundai;Ioniq 5;4WD N Line Plus 84 kWh 325 hk;suv;el;30000;48;5195;49995;1000;300355;6257;394995;19,0;57,0;76,0;D;nej;importoer;Hyundai;;automatisk;2026-09-28;2026-10-09;;https://katalog.hyundai.dk/NicChristiansenGruppen/Hyundai/Prislister/ioniq-5-privatleasing/;495;nej;325;84,0;4wd;520;
2026-10-09;hyundai-ioniq-5-4wd-n-line-plus-84-kwh-325-hk-udb-29-995-30000-48;Hyundai;Ioniq 5;4WD N Line Plus 84 kWh 325 hk · udb 29.995;suv;el;30000;48;5795;29995;1000;309155;6441;394995;19,6;58,7;78,3;D;nej;importoer;Hyundai;;automatisk;2026-09-28;2026-10-09;;https://katalog.hyundai.dk/NicChristiansenGruppen/Hyundai/Prislister/ioniq-5-privatleasing/;495;nej;325;84,0;4wd;520;
2026-10-09;hyundai-ioniq-9-advanced-110-3-kwh-218-hk-10000-36;Hyundai;Ioniq 9;Advanced 110.3 kWh 218 hk;stor-suv;el;10000;36;6395;49995;780;280995;7805;509995;18,4;55,1;55,1;D;nej;importoer;Hyundai;;automatisk;2026-07-25;2026-10-09;;https://katalog.hyundai.dk/NicChristiansenGruppen/Hyundai/Prislister/ioniq-9-privatleasing/;620;nej;218;110,3;baghjul;;7
2026-10-09;hyundai-ioniq-9-advanced-110-3-kwh-218-hk-udb-29-995-10000-36;Hyundai;Ioniq 9;Advanced 110.3 kWh 218 hk · udb 29.995;stor-suv;el;10000;36;7095;29995;780;286195;7950;509995;18,7;56,1;56,1;D;nej;importoer;Hyundai;;automatisk;2026-07-25;2026-10-09;;https://katalog.hyundai.dk/NicChristiansenGruppen/Hyundai/Prislister/ioniq-9-privatleasing/;620;nej;218;110,3;baghjul;;7
2026-10-09;hyundai-ioniq-9-advanced-110-3-kwh-218-hk-udb-14-995-10000-36;Hyundai;Ioniq 9;Advanced 110.3 kWh 218 hk · udb 14.995;stor-suv;el;10000;36;7595;14995;780;289195;8033;509995;18,9;56,7;56,7;D;nej;importoer;Hyundai;;automatisk;2026-07-25;2026-10-09;;https://katalog.hyundai.dk/NicChristiansenGruppen/Hyundai/Prislister/ioniq-9-privatleasing/;620;nej;218;110,3;baghjul;;7
2026-10-09;hyundai-ioniq-9-advanced-110-3-kwh-303-hk-10000-36;Hyundai;Ioniq 9;Advanced 110.3 kWh 303 hk;stor-suv;el;10000;36;6895;49995;780;298995;8305;559995;17,8;53,4;53,4;C;nej;importoer;Hyundai;;automatisk;2026-07-25;2026-10-09;;https://katalog.hyundai.dk/NicChristiansenGruppen/Hyundai/Prislister/ioniq-9-privatleasing/;606;nej;303;110,3;4wd;;7
2026-10-09;hyundai-ioniq-9-advanced-110-3-kwh-303-hk-udb-29-995-10000-36;Hyundai;Ioniq 9;Advanced 110.3 kWh 303 hk · udb 29.995;stor-suv;el;10000;36;7595;29995;780;304195;8450;559995;18,1;54,3;54,3;D;nej;importoer;Hyundai;;automatisk;2026-07-25;2026-10-09;;https://katalog.hyundai.dk/NicChristiansenGruppen/Hyundai/Prislister/ioniq-9-privatleasing/;606;nej;303;110,3;4wd;;7
2026-10-09;hyundai-ioniq-9-ultimate-110-3-kwh-218-hk-10000-36;Hyundai;Ioniq 9;Ultimate 110.3 kWh 218 hk;stor-suv;el;10000;36;7095;49995;780;306195;8505;569995;17,9;53,7;53,7;C;nej;importoer;Hyundai;;automatisk;2026-07-25;2026-10-09;;https://katalog.hyundai.dk/NicChristiansenGruppen/Hyundai/Prislister/ioniq-9-privatleasing/;620;nej;218;110,3;baghjul;;7
2026-10-09;hyundai-ioniq-9-advanced-110-3-kwh-303-hk-udb-14-995-10000-36;Hyundai;Ioniq 9;Advanced 110.3 kWh 303 hk · udb 14.995;stor-suv;el;10000;36;8095;14995;780;307195;8533;559995;18,3;54,9;54,9;D;nej;importoer;Hyundai;;automatisk;2026-07-25;2026-10-09;;https://katalog.hyundai.dk/NicChristiansenGruppen/Hyundai/Prislister/ioniq-9-privatleasing/;606;nej;303;110,3;4wd;;7
2026-10-09;hyundai-ioniq-9-ultimate-110-3-kwh-218-hk-udb-29-995-10000-36;Hyundai;Ioniq 9;Ultimate 110.3 kWh 218 hk · udb 29.995;stor-suv;el;10000;36;7795;29995;780;311395;8650;569995;18,2;54,6;54,6;D;nej;importoer;Hyundai;;automatisk;2026-07-25;2026-10-09;;https://katalog.hyundai.dk/NicChristiansenGruppen/Hyundai/Prislister/ioniq-9-privatleasing/;620;nej;218;110,3;baghjul;;7
2026-10-09;hyundai-ioniq-9-ultimate-110-3-kwh-218-hk-udb-14-995-10000-36;Hyundai;Ioniq 9;Ultimate 110.3 kWh 218 hk · udb 14.995;stor-suv;el;10000;36;8295;14995;780;314395;8733;569995;18,4;55,2;55,2;D;nej;importoer;Hyundai;;automatisk;2026-07-25;2026-10-09;;https://katalog.hyundai.dk/NicChristiansenGruppen/Hyundai/Prislister/ioniq-9-privatleasing/;620;nej;218;110,3;baghjul;;7
2026-10-09;hyundai-ioniq-9-ultimate-110-3-kwh-303-hk-10000-36;Hyundai;Ioniq 9;Ultimate 110.3 kWh 303 hk;stor-suv;el;10000;36;7595;49995;780;324195;9005;614995;17,6;52,7;52,7;C;nej;importoer;Hyundai;;automatisk;2026-07-25;2026-10-09;;https://katalog.hyundai.dk/NicChristiansenGruppen/Hyundai/Prislister/ioniq-9-privatleasing/;606;nej;303;110,3;4wd;;7
2026-10-09;hyundai-ioniq-9-ultimate-110-3-kwh-303-hk-udb-29-995-10000-36;Hyundai;Ioniq 9;Ultimate 110.3 kWh 303 hk · udb 29.995;stor-suv;el;10000;36;8295;29995;780;329395;9150;614995;17,9;53,6;53,6;C;nej;importoer;Hyundai;;automatisk;2026-07-25;2026-10-09;;https://katalog.hyundai.dk/NicChristiansenGruppen/Hyundai/Prislister/ioniq-9-privatleasing/;606;nej;303;110,3;4wd;;7
2026-10-09;hyundai-ioniq-9-ultimate-110-3-kwh-303-hk-udb-14-995-10000-36;Hyundai;Ioniq 9;Ultimate 110.3 kWh 303 hk · udb 14.995;stor-suv;el;10000;36;8795;14995;780;332395;9233;614995;18,0;54,0;54,0;D;nej;importoer;Hyundai;;automatisk;2026-07-25;2026-10-09;;https://katalog.hyundai.dk/NicChristiansenGruppen/Hyundai/Prislister/ioniq-9-privatleasing/;606;nej;303;110,3;4wd;;7
2026-10-09;hyundai-ioniq-9-calligraphy-110-3-kwh-303-hk-10000-36;Hyundai;Ioniq 9;Calligraphy 110.3 kWh 303 hk;stor-suv;el;10000;36;7895;49995;780;334995;9305;644995;17,3;51,9;51,9;C;nej;importoer;Hyundai;;automatisk;2026-07-25;2026-10-09;;https://katalog.hyundai.dk/NicChristiansenGruppen/Hyundai/Prislister/ioniq-9-privatleasing/;600;nej;303;110,3;4wd;;7
2026-10-09;hyundai-ioniq-9-calligraphy-110-3-kwh-303-hk-udb-29-995-10000-36;Hyundai;Ioniq 9;Calligraphy 110.3 kWh 303 hk · udb 29.995;stor-suv;el;10000;36;8595;29995;780;340195;9450;644995;17,6;52,7;52,7;C;nej;importoer;Hyundai;;automatisk;2026-07-25;2026-10-09;;https://katalog.hyundai.dk/NicChristiansenGruppen/Hyundai/Prislister/ioniq-9-privatleasing/;600;nej;303;110,3;4wd;;7
2026-10-09;hyundai-ioniq-9-calligraphy-110-3-kwh-303-hk-udb-14-995-10000-36;Hyundai;Ioniq 9;Calligraphy 110.3 kWh 303 hk · udb 14.995;stor-suv;el;10000;36;9095;14995;780;343195;9533;644995;17,7;53,2;53,2;C;nej;importoer;Hyundai;;automatisk;2026-07-25;2026-10-09;;https://katalog.hyundai.dk/NicChristiansenGruppen/Hyundai/Prislister/ioniq-9-privatleasing/;600;nej;303;110,3;4wd;;7
2026-10-09;hyundai-ioniq-9-calligraphy-black-ink-110-3-kwh-308-hk-10000-36;Hyundai;Ioniq 9;Calligraphy Black Ink 110.3 kWh 308 hk;stor-suv;el;10000;36;8395;49995;780;352995;9805;662990;17,7;53,2;53,2;C;nej;importoer;Hyundai;;automatisk;2026-10-02;2026-10-09;;https://katalog.hyundai.dk/NicChristiansenGruppen/Hyundai/Prislister/ioniq-9-privatleasing/;600;nej;308;110,3;4wd;;7
2026-10-09;hyundai-ioniq-9-calligraphy-performance-110-3-kwh-422-hk-10000-36;Hyundai;Ioniq 9;Calligraphy Performance 110.3 kWh 422 hk;stor-suv;el;10000;36;8395;49995;780;352995;9805;664995;17,7;53,1;53,1;C;nej;importoer;Hyundai;;automatisk;2026-10-02;2026-10-09;;https://katalog.hyundai.dk/NicChristiansenGruppen/Hyundai/Prislister/ioniq-9-privatleasing/;600;nej;422;110,3;4wd;;7
2026-10-09;hyundai-ioniq-9-calligraphy-performance-110-3-kwh-422-hk-6-pers-10000-36;Hyundai;Ioniq 9;Calligraphy Performance 110.3 kWh 422 hk (6 pers.);stor-suv;el;10000;36;8396;49995;780;353031;9806;664995;17,7;53,1;53,1;C;nej;importoer;Hyundai;;automatisk;2026-10-02;2026-10-09;;https://katalog.hyundai.dk/NicChristiansenGruppen/Hyundai/Prislister/ioniq-9-privatleasing/;600;nej;422;110,3;4wd;;6
2026-10-09;hyundai-ioniq-9-calligraphy-black-ink-110-3-kwh-308-hk-udb-29-995-10000-36;Hyundai;Ioniq 9;Calligraphy Black Ink 110.3 kWh 308 hk · udb 29.995;stor-suv;el;10000;36;9095;29995;780;358195;9950;662990;18,0;54,0;54,0;D;nej;importoer;Hyundai;;automatisk;2026-10-02;2026-10-09;;https://katalog.hyundai.dk/NicChristiansenGruppen/Hyundai/Prislister/ioniq-9-privatleasing/;600;nej;308;110,3;4wd;;7
2026-10-09;hyundai-ioniq-9-calligraphy-performance-110-3-kwh-422-hk-udb-29-995-10000-36;Hyundai;Ioniq 9;Calligraphy Performance 110.3 kWh 422 hk · udb 29.995;stor-suv;el;10000;36;9095;29995;780;358195;9950;664995;18,0;53,9;53,9;D;nej;importoer;Hyundai;;automatisk;2026-10-02;2026-10-09;;https://katalog.hyundai.dk/NicChristiansenGruppen/Hyundai/Prislister/ioniq-9-privatleasing/;600;nej;422;110,3;4wd;;7
2026-10-09;hyundai-ioniq-9-calligraphy-performance-110-3-kwh-422-hk-udb-14-995-10000-36;Hyundai;Ioniq 9;Calligraphy Performance 110.3 kWh 422 hk · udb 14.995;stor-suv;el;10000;36;9595;14995;780;361195;10033;664995;18,1;54,3;54,3;D;nej;importoer;Hyundai;;automatisk;2026-10-02;2026-10-09;;https://katalog.hyundai.dk/NicChristiansenGruppen/Hyundai/Prislister/ioniq-9-privatleasing/;600;nej;422;110,3;4wd;;7
2026-10-09;hyundai-ioniq-9-calligraphy-black-ink-110-3-kwh-308-hk-udb-14-995-10000-36;Hyundai;Ioniq 9;Calligraphy Black Ink 110.3 kWh 308 hk · udb 14.995;stor-suv;el;10000;36;9595;14995;780;361195;10033;662990;18,2;54,5;54,5;D;nej;importoer;Hyundai;;automatisk;2026-10-02;2026-10-09;;https://katalog.hyundai.dk/NicChristiansenGruppen/Hyundai/Prislister/ioniq-9-privatleasing/;600;nej;308;110,3;4wd;;7
2026-10-09;hyundai-ioniq-9-calligraphy-black-ink-110-3-kwh-428-hk-10000-36;Hyundai;Ioniq 9;Calligraphy Black Ink 110.3 kWh 428 hk;stor-suv;el;10000;36;8895;49995;780;370995;10305;682990;18,1;54,3;54,3;D;nej;importoer;Hyundai;;automatisk;2026-10-02;2026-10-09;;https://katalog.hyundai.dk/NicChristiansenGruppen/Hyundai/Prislister/ioniq-9-privatleasing/;600;nej;428;110,3;4wd;;7
2026-10-09;hyundai-ioniq-9-calligraphy-black-ink-110-3-kwh-428-hk-udb-29-995-10000-36;Hyundai;Ioniq 9;Calligraphy Black Ink 110.3 kWh 428 hk · udb 29.995;stor-suv;el;10000;36;9595;29995;780;376195;10450;682990;18,4;55,1;55,1;D;nej;importoer;Hyundai;;automatisk;2026-10-02;2026-10-09;;https://katalog.hyundai.dk/NicChristiansenGruppen/Hyundai/Prislister/ioniq-9-privatleasing/;600;nej;428;110,3;4wd;;7
2026-10-09;hyundai-ioniq-9-calligraphy-black-ink-110-3-kwh-428-hk-udb-14-995-10000-36;Hyundai;Ioniq 9;Calligraphy Black Ink 110.3 kWh 428 hk · udb 14.995;stor-suv;el;10000;36;10095;14995;780;379195;10533;682990;18,5;55,5;55,5;D;nej;importoer;Hyundai;;automatisk;2026-10-02;2026-10-09;;https://katalog.hyundai.dk/NicChristiansenGruppen/Hyundai/Prislister/ioniq-9-privatleasing/;600;nej;428;110,3;4wd;;7
2026-10-09;hyundai-ioniq-9-advanced-110-3-kwh-218-hk-15000-36;Hyundai;Ioniq 9;Advanced 110.3 kWh 218 hk;stor-suv;el;15000;36;6795;49995;780;295395;8205;509995;19,3;57,9;57,9;D;nej;importoer;Hyundai;;automatisk;2026-10-02;2026-10-09;;https://katalog.hyundai.dk/NicChristiansenGruppen/Hyundai/Prislister/ioniq-9-privatleasing/;620;nej;218;110,3;baghjul;;7
2026-10-09;hyundai-ioniq-9-advanced-110-3-kwh-218-hk-udb-29-995-15000-36;Hyundai;Ioniq 9;Advanced 110.3 kWh 218 hk · udb 29.995;stor-suv;el;15000;36;7495;29995;780;300595;8350;509995;19,6;58,9;58,9;D;nej;importoer;Hyundai;;automatisk;2026-10-02;2026-10-09;;https://katalog.hyundai.dk/NicChristiansenGruppen/Hyundai/Prislister/ioniq-9-privatleasing/;620;nej;218;110,3;baghjul;;7
2026-10-09;hyundai-ioniq-9-advanced-110-3-kwh-218-hk-udb-14-995-15000-36;Hyundai;Ioniq 9;Advanced 110.3 kWh 218 hk · udb 14.995;stor-suv;el;15000;36;7995;14995;780;303595;8433;509995;19,8;59,5;59,5;D;nej;importoer;Hyundai;;automatisk;2026-10-02;2026-10-09;;https://katalog.hyundai.dk/NicChristiansenGruppen/Hyundai/Prislister/ioniq-9-privatleasing/;620;nej;218;110,3;baghjul;;7
2026-10-09;hyundai-ioniq-9-advanced-110-3-kwh-303-hk-15000-36;Hyundai;Ioniq 9;Advanced 110.3 kWh 303 hk;stor-suv;el;15000;36;7295;49995;780;313395;8705;559995;18,7;56,0;56,0;D;nej;importoer;Hyundai;;automatisk;2026-10-02;2026-10-09;;https://katalog.hyundai.dk/NicChristiansenGruppen/Hyundai/Prislister/ioniq-9-privatleasing/;606;nej;303;110,3;4wd;;7
2026-10-09;hyundai-ioniq-9-advanced-110-3-kwh-303-hk-udb-29-995-15000-36;Hyundai;Ioniq 9;Advanced 110.3 kWh 303 hk · udb 29.995;stor-suv;el;15000;36;7995;29995;780;318595;8850;559995;19,0;56,9;56,9;D;nej;importoer;Hyundai;;automatisk;2026-10-02;2026-10-09;;https://katalog.hyundai.dk/NicChristiansenGruppen/Hyundai/Prislister/ioniq-9-privatleasing/;606;nej;303;110,3;4wd;;7
2026-10-09;hyundai-ioniq-9-ultimate-110-3-kwh-218-hk-15000-36;Hyundai;Ioniq 9;Ultimate 110.3 kWh 218 hk;stor-suv;el;15000;36;7495;49995;780;320595;8905;569995;18,7;56,2;56,2;D;nej;importoer;Hyundai;;automatisk;2026-10-02;2026-10-09;;https://katalog.hyundai.dk/NicChristiansenGruppen/Hyundai/Prislister/ioniq-9-privatleasing/;620;nej;218;110,3;baghjul;;7
2026-10-09;hyundai-ioniq-9-advanced-110-3-kwh-303-hk-udb-14-995-15000-36;Hyundai;Ioniq 9;Advanced 110.3 kWh 303 hk · udb 14.995;stor-suv;el;15000;36;8495;14995;780;321595;8933;559995;19,1;57,4;57,4;D;nej;importoer;Hyundai;;automatisk;2026-10-02;2026-10-09;;https://katalog.hyundai.dk/NicChristiansenGruppen/Hyundai/Prislister/ioniq-9-privatleasing/;606;nej;303;110,3;4wd;;7
2026-10-09;hyundai-ioniq-9-ultimate-110-3-kwh-218-hk-udb-29-995-15000-36;Hyundai;Ioniq 9;Ultimate 110.3 kWh 218 hk · udb 29.995;stor-suv;el;15000;36;8195;29995;780;325795;9050;569995;19,1;57,2;57,2;D;nej;importoer;Hyundai;;automatisk;2026-10-02;2026-10-09;;https://katalog.hyundai.dk/NicChristiansenGruppen/Hyundai/Prislister/ioniq-9-privatleasing/;620;nej;218;110,3;baghjul;;7
2026-10-09;hyundai-ioniq-9-ultimate-110-3-kwh-218-hk-udb-14-995-15000-36;Hyundai;Ioniq 9;Ultimate 110.3 kWh 218 hk · udb 14.995;stor-suv;el;15000;36;8695;14995;780;328795;9133;569995;19,2;57,7;57,7;D;nej;importoer;Hyundai;;automatisk;2026-10-02;2026-10-09;;https://katalog.hyundai.dk/NicChristiansenGruppen/Hyundai/Prislister/ioniq-9-privatleasing/;620;nej;218;110,3;baghjul;;7
2026-10-09;hyundai-ioniq-9-ultimate-110-3-kwh-303-hk-15000-36;Hyundai;Ioniq 9;Ultimate 110.3 kWh 303 hk;stor-suv;el;15000;36;7995;49995;780;338595;9405;614995;18,4;55,1;55,1;D;nej;importoer;Hyundai;;automatisk;2026-10-02;2026-10-09;;https://katalog.hyundai.dk/NicChristiansenGruppen/Hyundai/Prislister/ioniq-9-privatleasing/;606;nej;303;110,3;4wd;;7
2026-10-09;hyundai-ioniq-9-ultimate-110-3-kwh-303-hk-udb-29-995-15000-36;Hyundai;Ioniq 9;Ultimate 110.3 kWh 303 hk · udb 29.995;stor-suv;el;15000;36;8695;29995;780;343795;9550;614995;18,6;55,9;55,9;D;nej;importoer;Hyundai;;automatisk;2026-10-02;2026-10-09;;https://katalog.hyundai.dk/NicChristiansenGruppen/Hyundai/Prislister/ioniq-9-privatleasing/;606;nej;303;110,3;4wd;;7
2026-10-09;hyundai-ioniq-9-ultimate-110-3-kwh-303-hk-udb-14-995-15000-36;Hyundai;Ioniq 9;Ultimate 110.3 kWh 303 hk · udb 14.995;stor-suv;el;15000;36;9195;14995;780;346795;9633;614995;18,8;56,4;56,4;D;nej;importoer;Hyundai;;automatisk;2026-10-02;2026-10-09;;https://katalog.hyundai.dk/NicChristiansenGruppen/Hyundai/Prislister/ioniq-9-privatleasing/;606;nej;303;110,3;4wd;;7
2026-10-09;hyundai-ioniq-9-calligraphy-110-3-kwh-303-hk-15000-36;Hyundai;Ioniq 9;Calligraphy 110.3 kWh 303 hk;stor-suv;el;15000;36;8295;49995;780;349395;9705;644995;18,1;54,2;54,2;D;nej;importoer;Hyundai;;automatisk;2026-10-02;2026-10-09;;https://katalog.hyundai.dk/NicChristiansenGruppen/Hyundai/Prislister/ioniq-9-privatleasing/;600;nej;303;110,3;4wd;;7
2026-10-09;hyundai-ioniq-9-calligraphy-110-3-kwh-303-hk-udb-29-995-15000-36;Hyundai;Ioniq 9;Calligraphy 110.3 kWh 303 hk · udb 29.995;stor-suv;el;15000;36;8995;29995;780;354595;9850;644995;18,3;55,0;55,0;D;nej;importoer;Hyundai;;automatisk;2026-10-02;2026-10-09;;https://katalog.hyundai.dk/NicChristiansenGruppen/Hyundai/Prislister/ioniq-9-privatleasing/;600;nej;303;110,3;4wd;;7
2026-10-09;hyundai-ioniq-9-calligraphy-110-3-kwh-303-hk-udb-14-995-15000-36;Hyundai;Ioniq 9;Calligraphy 110.3 kWh 303 hk · udb 14.995;stor-suv;el;15000;36;9495;14995;780;357595;9933;644995;18,5;55,4;55,4;D;nej;importoer;Hyundai;;automatisk;2026-10-02;2026-10-09;;https://katalog.hyundai.dk/NicChristiansenGruppen/Hyundai/Prislister/ioniq-9-privatleasing/;600;nej;303;110,3;4wd;;7
2026-10-09;hyundai-ioniq-9-calligraphy-performance-110-3-kwh-422-hk-15000-36;Hyundai;Ioniq 9;Calligraphy Performance 110.3 kWh 422 hk;stor-suv;el;15000;36;8795;49995;780;367395;10205;664995;18,4;55,2;55,2;D;nej;importoer;Hyundai;;automatisk;2026-10-02;2026-10-09;;https://katalog.hyundai.dk/NicChristiansenGruppen/Hyundai/Prislister/ioniq-9-privatleasing/;600;nej;422;110,3;4wd;;7
2026-10-09;hyundai-ioniq-9-calligraphy-black-ink-110-3-kwh-308-hk-15000-36;Hyundai;Ioniq 9;Calligraphy Black Ink 110.3 kWh 308 hk;stor-suv;el;15000;36;8795;49995;780;367395;10205;662990;18,5;55,4;55,4;D;nej;importoer;Hyundai;;automatisk;2026-10-02;2026-10-09;;https://katalog.hyundai.dk/NicChristiansenGruppen/Hyundai/Prislister/ioniq-9-privatleasing/;600;nej;308;110,3;4wd;;7
2026-10-09;hyundai-ioniq-9-calligraphy-performance-110-3-kwh-422-hk-6-pers-15000-36;Hyundai;Ioniq 9;Calligraphy Performance 110.3 kWh 422 hk (6 pers.);stor-suv;el;15000;36;8796;49995;780;367431;10206;664995;18,4;55,3;55,3;D;nej;importoer;Hyundai;;automatisk;2026-10-02;2026-10-09;;https://katalog.hyundai.dk/NicChristiansenGruppen/Hyundai/Prislister/ioniq-9-privatleasing/;600;nej;422;110,3;4wd;;6
2026-10-09;hyundai-ioniq-9-calligraphy-black-ink-110-3-kwh-308-hk-udb-29-995-15000-36;Hyundai;Ioniq 9;Calligraphy Black Ink 110.3 kWh 308 hk · udb 29.995;stor-suv;el;15000;36;9495;29995;780;372595;10350;662990;18,7;56,2;56,2;D;nej;importoer;Hyundai;;automatisk;2026-10-02;2026-10-09;;https://katalog.hyundai.dk/NicChristiansenGruppen/Hyundai/Prislister/ioniq-9-privatleasing/;600;nej;308;110,3;4wd;;7
2026-10-09;hyundai-ioniq-9-calligraphy-performance-110-3-kwh-422-hk-udb-29-995-15000-36;Hyundai;Ioniq 9;Calligraphy Performance 110.3 kWh 422 hk · udb 29.995;stor-suv;el;15000;36;9495;29995;780;372595;10350;664995;18,7;56,0;56,0;D;nej;importoer;Hyundai;;automatisk;2026-10-02;2026-10-09;;https://katalog.hyundai.dk/NicChristiansenGruppen/Hyundai/Prislister/ioniq-9-privatleasing/;600;nej;422;110,3;4wd;;7
2026-10-09;hyundai-ioniq-9-calligraphy-performance-110-3-kwh-422-hk-udb-14-995-15000-36;Hyundai;Ioniq 9;Calligraphy Performance 110.3 kWh 422 hk · udb 14.995;stor-suv;el;15000;36;9995;14995;780;375595;10433;664995;18,8;56,5;56,5;D;nej;importoer;Hyundai;;automatisk;2026-10-02;2026-10-09;;https://katalog.hyundai.dk/NicChristiansenGruppen/Hyundai/Prislister/ioniq-9-privatleasing/;600;nej;422;110,3;4wd;;7
2026-10-09;hyundai-ioniq-9-calligraphy-black-ink-110-3-kwh-308-hk-udb-14-995-15000-36;Hyundai;Ioniq 9;Calligraphy Black Ink 110.3 kWh 308 hk · udb 14.995;stor-suv;el;15000;36;9995;14995;780;375595;10433;662990;18,9;56,7;56,7;D;nej;importoer;Hyundai;;automatisk;2026-10-02;2026-10-09;;https://katalog.hyundai.dk/NicChristiansenGruppen/Hyundai/Prislister/ioniq-9-privatleasing/;600;nej;308;110,3;4wd;;7
2026-10-09;hyundai-ioniq-9-calligraphy-black-ink-110-3-kwh-428-hk-15000-36;Hyundai;Ioniq 9;Calligraphy Black Ink 110.3 kWh 428 hk;stor-suv;el;15000;36;9295;49995;780;385395;10705;682990;18,8;56,4;56,4;D;nej;importoer;Hyundai;;automatisk;2026-10-02;2026-10-09;;https://katalog.hyundai.dk/NicChristiansenGruppen/Hyundai/Prislister/ioniq-9-privatleasing/;600;nej;428;110,3;4wd;;7
2026-10-09;hyundai-ioniq-9-calligraphy-black-ink-110-3-kwh-428-hk-udb-29-995-15000-36;Hyundai;Ioniq 9;Calligraphy Black Ink 110.3 kWh 428 hk · udb 29.995;stor-suv;el;15000;36;9995;29995;780;390595;10850;682990;19,1;57,2;57,2;D;nej;importoer;Hyundai;;automatisk;2026-10-02;2026-10-09;;https://katalog.hyundai.dk/NicChristiansenGruppen/Hyundai/Prislister/ioniq-9-privatleasing/;600;nej;428;110,3;4wd;;7
2026-10-09;hyundai-ioniq-9-calligraphy-black-ink-110-3-kwh-428-hk-udb-14-995-15000-36;Hyundai;Ioniq 9;Calligraphy Black Ink 110.3 kWh 428 hk · udb 14.995;stor-suv;el;15000;36;10495;14995;780;393595;10933;682990;19,2;57,6;57,6;D;nej;importoer;Hyundai;;automatisk;2026-10-02;2026-10-09;;https://katalog.hyundai.dk/NicChristiansenGruppen/Hyundai/Prislister/ioniq-9-privatleasing/;600;nej;428;110,3;4wd;;7
2026-10-09;hyundai-ioniq-9-advanced-110-3-kwh-218-hk-20000-36;Hyundai;Ioniq 9;Advanced 110.3 kWh 218 hk;stor-suv;el;20000;36;7195;49995;780;309795;8605;509995;20,2;60,7;60,7;E;nej;importoer;Hyundai;;automatisk;2026-10-02;2026-10-09;;https://katalog.hyundai.dk/NicChristiansenGruppen/Hyundai/Prislister/ioniq-9-privatleasing/;620;nej;218;110,3;baghjul;;7
2026-10-09;hyundai-ioniq-9-advanced-110-3-kwh-218-hk-udb-29-995-20000-36;Hyundai;Ioniq 9;Advanced 110.3 kWh 218 hk · udb 29.995;stor-suv;el;20000;36;7895;29995;780;314995;8750;509995;20,6;61,8;61,8;E;nej;importoer;Hyundai;;automatisk;2026-10-02;2026-10-09;;https://katalog.hyundai.dk/NicChristiansenGruppen/Hyundai/Prislister/ioniq-9-privatleasing/;620;nej;218;110,3;baghjul;;7
2026-10-09;hyundai-ioniq-9-advanced-110-3-kwh-218-hk-udb-14-995-20000-36;Hyundai;Ioniq 9;Advanced 110.3 kWh 218 hk · udb 14.995;stor-suv;el;20000;36;8395;14995;780;317995;8833;509995;20,8;62,4;62,4;E;nej;importoer;Hyundai;;automatisk;2026-10-02;2026-10-09;;https://katalog.hyundai.dk/NicChristiansenGruppen/Hyundai/Prislister/ioniq-9-privatleasing/;620;nej;218;110,3;baghjul;;7
2026-10-09;hyundai-ioniq-9-advanced-110-3-kwh-303-hk-20000-36;Hyundai;Ioniq 9;Advanced 110.3 kWh 303 hk;stor-suv;el;20000;36;7695;49995;780;327795;9105;559995;19,5;58,5;58,5;D;nej;importoer;Hyundai;;automatisk;2026-10-02;2026-10-09;;https://katalog.hyundai.dk/NicChristiansenGruppen/Hyundai/Prislister/ioniq-9-privatleasing/;606;nej;303;110,3;4wd;;7
2026-10-09;hyundai-ioniq-9-advanced-110-3-kwh-303-hk-udb-29-995-20000-36;Hyundai;Ioniq 9;Advanced 110.3 kWh 303 hk · udb 29.995;stor-suv;el;20000;36;8395;29995;780;332995;9250;559995;19,8;59,5;59,5;D;nej;importoer;Hyundai;;automatisk;2026-10-02;2026-10-09;;https://katalog.hyundai.dk/NicChristiansenGruppen/Hyundai/Prislister/ioniq-9-privatleasing/;606;nej;303;110,3;4wd;;7
2026-10-09;hyundai-ioniq-9-ultimate-110-3-kwh-218-hk-20000-36;Hyundai;Ioniq 9;Ultimate 110.3 kWh 218 hk;stor-suv;el;20000;36;7895;49995;780;334995;9305;569995;19,6;58,8;58,8;D;nej;importoer;Hyundai;;automatisk;2026-10-02;2026-10-09;;https://katalog.hyundai.dk/NicChristiansenGruppen/Hyundai/Prislister/ioniq-9-privatleasing/;620;nej;218;110,3;baghjul;;7
2026-10-09;hyundai-ioniq-9-advanced-110-3-kwh-303-hk-udb-14-995-20000-36;Hyundai;Ioniq 9;Advanced 110.3 kWh 303 hk · udb 14.995;stor-suv;el;20000;36;8895;14995;780;335995;9333;559995;20,0;60,0;60,0;E;nej;importoer;Hyundai;;automatisk;2026-10-02;2026-10-09;;https://katalog.hyundai.dk/NicChristiansenGruppen/Hyundai/Prislister/ioniq-9-privatleasing/;606;nej;303;110,3;4wd;;7
2026-10-09;hyundai-ioniq-9-ultimate-110-3-kwh-218-hk-udb-29-995-20000-36;Hyundai;Ioniq 9;Ultimate 110.3 kWh 218 hk · udb 29.995;stor-suv;el;20000;36;8595;29995;780;340195;9450;569995;19,9;59,7;59,7;D;nej;importoer;Hyundai;;automatisk;2026-10-02;2026-10-09;;https://katalog.hyundai.dk/NicChristiansenGruppen/Hyundai/Prislister/ioniq-9-privatleasing/;620;nej;218;110,3;baghjul;;7
2026-10-09;hyundai-ioniq-9-ultimate-110-3-kwh-218-hk-udb-14-995-20000-36;Hyundai;Ioniq 9;Ultimate 110.3 kWh 218 hk · udb 14.995;stor-suv;el;20000;36;9095;14995;780;343195;9533;569995;20,1;60,2;60,2;E;nej;importoer;Hyundai;;automatisk;2026-10-02;2026-10-09;;https://katalog.hyundai.dk/NicChristiansenGruppen/Hyundai/Prislister/ioniq-9-privatleasing/;620;nej;218;110,3;baghjul;;7
2026-10-09;hyundai-ioniq-9-ultimate-110-3-kwh-303-hk-20000-36;Hyundai;Ioniq 9;Ultimate 110.3 kWh 303 hk;stor-suv;el;20000;36;8395;49995;780;352995;9805;614995;19,1;57,4;57,4;D;nej;importoer;Hyundai;;automatisk;2026-10-02;2026-10-09;;https://katalog.hyundai.dk/NicChristiansenGruppen/Hyundai/Prislister/ioniq-9-privatleasing/;606;nej;303;110,3;4wd;;7
2026-10-09;hyundai-ioniq-9-ultimate-110-3-kwh-303-hk-udb-29-995-20000-36;Hyundai;Ioniq 9;Ultimate 110.3 kWh 303 hk · udb 29.995;stor-suv;el;20000;36;9095;29995;780;358195;9950;614995;19,4;58,2;58,2;D;nej;importoer;Hyundai;;automatisk;2026-10-02;2026-10-09;;https://katalog.hyundai.dk/NicChristiansenGruppen/Hyundai/Prislister/ioniq-9-privatleasing/;606;nej;303;110,3;4wd;;7
2026-10-09;hyundai-ioniq-9-ultimate-110-3-kwh-303-hk-udb-14-995-20000-36;Hyundai;Ioniq 9;Ultimate 110.3 kWh 303 hk · udb 14.995;stor-suv;el;20000;36;9595;14995;780;361195;10033;614995;19,6;58,7;58,7;D;nej;importoer;Hyundai;;automatisk;2026-10-02;2026-10-09;;https://katalog.hyundai.dk/NicChristiansenGruppen/Hyundai/Prislister/ioniq-9-privatleasing/;606;nej;303;110,3;4wd;;7
2026-10-09;hyundai-ioniq-9-calligraphy-110-3-kwh-303-hk-20000-36;Hyundai;Ioniq 9;Calligraphy 110.3 kWh 303 hk;stor-suv;el;20000;36;8695;49995;780;363795;10105;644995;18,8;56,4;56,4;D;nej;importoer;Hyundai;;automatisk;2026-10-02;2026-10-09;;https://katalog.hyundai.dk/NicChristiansenGruppen/Hyundai/Prislister/ioniq-9-privatleasing/;600;nej;303;110,3;4wd;;7
2026-10-09;hyundai-ioniq-9-calligraphy-110-3-kwh-303-hk-udb-29-995-20000-36;Hyundai;Ioniq 9;Calligraphy 110.3 kWh 303 hk · udb 29.995;stor-suv;el;20000;36;9395;29995;780;368995;10250;644995;19,1;57,2;57,2;D;nej;importoer;Hyundai;;automatisk;2026-10-02;2026-10-09;;https://katalog.hyundai.dk/NicChristiansenGruppen/Hyundai/Prislister/ioniq-9-privatleasing/;600;nej;303;110,3;4wd;;7
2026-10-09;hyundai-ioniq-9-calligraphy-110-3-kwh-303-hk-udb-14-995-20000-36;Hyundai;Ioniq 9;Calligraphy 110.3 kWh 303 hk · udb 14.995;stor-suv;el;20000;36;9895;14995;780;371995;10333;644995;19,2;57,7;57,7;D;nej;importoer;Hyundai;;automatisk;2026-10-02;2026-10-09;;https://katalog.hyundai.dk/NicChristiansenGruppen/Hyundai/Prislister/ioniq-9-privatleasing/;600;nej;303;110,3;4wd;;7
2026-10-09;hyundai-ioniq-9-calligraphy-performance-110-3-kwh-422-hk-20000-36;Hyundai;Ioniq 9;Calligraphy Performance 110.3 kWh 422 hk;stor-suv;el;20000;36;9195;49995;780;381795;10605;664995;19,1;57,4;57,4;D;nej;importoer;Hyundai;;automatisk;2026-10-02;2026-10-09;;https://katalog.hyundai.dk/NicChristiansenGruppen/Hyundai/Prislister/ioniq-9-privatleasing/;600;nej;422;110,3;4wd;;7
2026-10-09;hyundai-ioniq-9-calligraphy-black-ink-110-3-kwh-308-hk-20000-36;Hyundai;Ioniq 9;Calligraphy Black Ink 110.3 kWh 308 hk;stor-suv;el;20000;36;9195;49995;780;381795;10605;662990;19,2;57,6;57,6;D;nej;importoer;Hyundai;;automatisk;2026-10-02;2026-10-09;;https://katalog.hyundai.dk/NicChristiansenGruppen/Hyundai/Prislister/ioniq-9-privatleasing/;600;nej;308;110,3;4wd;;7
2026-10-09;hyundai-ioniq-9-calligraphy-performance-110-3-kwh-422-hk-6-pers-20000-36;Hyundai;Ioniq 9;Calligraphy Performance 110.3 kWh 422 hk (6 pers.);stor-suv;el;20000;36;9196;49995;780;381831;10606;664995;19,1;57,4;57,4;D;nej;importoer;Hyundai;;automatisk;2026-10-02;2026-10-09;;https://katalog.hyundai.dk/NicChristiansenGruppen/Hyundai/Prislister/ioniq-9-privatleasing/;600;nej;422;110,3;4wd;;6
2026-10-09;hyundai-ioniq-9-calligraphy-performance-110-3-kwh-422-hk-udb-29-995-20000-36;Hyundai;Ioniq 9;Calligraphy Performance 110.3 kWh 422 hk · udb 29.995;stor-suv;el;20000;36;9895;29995;780;386995;10750;664995;19,4;58,2;58,2;D;nej;importoer;Hyundai;;automatisk;2026-10-02;2026-10-09;;https://katalog.hyundai.dk/NicChristiansenGruppen/Hyundai/Prislister/ioniq-9-privatleasing/;600;nej;422;110,3;4wd;;7
2026-10-09;hyundai-ioniq-9-calligraphy-black-ink-110-3-kwh-308-hk-udb-29-995-20000-36;Hyundai;Ioniq 9;Calligraphy Black Ink 110.3 kWh 308 hk · udb 29.995;stor-suv;el;20000;36;9895;29995;780;386995;10750;662990;19,5;58,4;58,4;D;nej;importoer;Hyundai;;automatisk;2026-10-02;2026-10-09;;https://katalog.hyundai.dk/NicChristiansenGruppen/Hyundai/Prislister/ioniq-9-privatleasing/;600;nej;308;110,3;4wd;;7
2026-10-09;hyundai-ioniq-9-calligraphy-performance-110-3-kwh-422-hk-udb-14-995-20000-36;Hyundai;Ioniq 9;Calligraphy Performance 110.3 kWh 422 hk · udb 14.995;stor-suv;el;20000;36;10395;14995;780;389995;10833;664995;19,5;58,6;58,6;D;nej;importoer;Hyundai;;automatisk;2026-10-02;2026-10-09;;https://katalog.hyundai.dk/NicChristiansenGruppen/Hyundai/Prislister/ioniq-9-privatleasing/;600;nej;422;110,3;4wd;;7
2026-10-09;hyundai-ioniq-9-calligraphy-black-ink-110-3-kwh-308-hk-udb-14-995-20000-36;Hyundai;Ioniq 9;Calligraphy Black Ink 110.3 kWh 308 hk · udb 14.995;stor-suv;el;20000;36;10395;14995;780;389995;10833;662990;19,6;58,8;58,8;D;nej;importoer;Hyundai;;automatisk;2026-10-02;2026-10-09;;https://katalog.hyundai.dk/NicChristiansenGruppen/Hyundai/Prislister/ioniq-9-privatleasing/;600;nej;308;110,3;4wd;;7
2026-10-09;hyundai-ioniq-9-calligraphy-black-ink-110-3-kwh-428-hk-20000-36;Hyundai;Ioniq 9;Calligraphy Black Ink 110.3 kWh 428 hk;stor-suv;el;20000;36;9695;49995;780;399795;11105;682990;19,5;58,5;58,5;D;nej;importoer;Hyundai;;automatisk;2026-10-02;2026-10-09;;https://katalog.hyundai.dk/NicChristiansenGruppen/Hyundai/Prislister/ioniq-9-privatleasing/;600;nej;428;110,3;4wd;;7
2026-10-09;hyundai-ioniq-9-calligraphy-black-ink-110-3-kwh-428-hk-udb-29-995-20000-36;Hyundai;Ioniq 9;Calligraphy Black Ink 110.3 kWh 428 hk · udb 29.995;stor-suv;el;20000;36;10395;29995;780;404995;11250;682990;19,8;59,3;59,3;D;nej;importoer;Hyundai;;automatisk;2026-10-02;2026-10-09;;https://katalog.hyundai.dk/NicChristiansenGruppen/Hyundai/Prislister/ioniq-9-privatleasing/;600;nej;428;110,3;4wd;;7
2026-10-09;hyundai-ioniq-9-calligraphy-black-ink-110-3-kwh-428-hk-udb-14-995-20000-36;Hyundai;Ioniq 9;Calligraphy Black Ink 110.3 kWh 428 hk · udb 14.995;stor-suv;el;20000;36;10895;14995;780;407995;11333;682990;19,9;59,7;59,7;D;nej;importoer;Hyundai;;automatisk;2026-10-02;2026-10-09;;https://katalog.hyundai.dk/NicChristiansenGruppen/Hyundai/Prislister/ioniq-9-privatleasing/;600;nej;428;110,3;4wd;;7
2026-10-09;hyundai-ioniq-9-advanced-110-3-kwh-218-hk-25000-36;Hyundai;Ioniq 9;Advanced 110.3 kWh 218 hk;stor-suv;el;25000;36;7695;49995;780;327795;9105;509995;21,4;64,3;64,3;E;nej;importoer;Hyundai;;automatisk;2026-10-02;2026-10-09;;https://katalog.hyundai.dk/NicChristiansenGruppen/Hyundai/Prislister/ioniq-9-privatleasing/;620;nej;218;110,3;baghjul;;7
2026-10-09;hyundai-ioniq-9-advanced-110-3-kwh-218-hk-udb-29-995-25000-36;Hyundai;Ioniq 9;Advanced 110.3 kWh 218 hk · udb 29.995;stor-suv;el;25000;36;8395;29995;780;332995;9250;509995;21,8;65,3;65,3;E;nej;importoer;Hyundai;;automatisk;2026-07-25;2026-10-09;;https://katalog.hyundai.dk/NicChristiansenGruppen/Hyundai/Prislister/ioniq-9-privatleasing/;620;nej;218;110,3;baghjul;;7
2026-10-09;hyundai-ioniq-9-advanced-110-3-kwh-218-hk-udb-14-995-25000-36;Hyundai;Ioniq 9;Advanced 110.3 kWh 218 hk · udb 14.995;stor-suv;el;25000;36;8895;14995;780;335995;9333;509995;22,0;65,9;65,9;E;nej;importoer;Hyundai;;automatisk;2026-07-25;2026-10-09;;https://katalog.hyundai.dk/NicChristiansenGruppen/Hyundai/Prislister/ioniq-9-privatleasing/;620;nej;218;110,3;baghjul;;7
2026-10-09;hyundai-ioniq-9-advanced-110-3-kwh-303-hk-25000-36;Hyundai;Ioniq 9;Advanced 110.3 kWh 303 hk;stor-suv;el;25000;36;8195;49995;780;345795;9605;559995;20,6;61,7;61,7;E;nej;importoer;Hyundai;;automatisk;2026-10-02;2026-10-09;;https://katalog.hyundai.dk/NicChristiansenGruppen/Hyundai/Prislister/ioniq-9-privatleasing/;606;nej;303;110,3;4wd;;7
2026-10-09;hyundai-ioniq-9-advanced-110-3-kwh-303-hk-udb-29-995-25000-36;Hyundai;Ioniq 9;Advanced 110.3 kWh 303 hk · udb 29.995;stor-suv;el;25000;36;8895;29995;780;350995;9750;559995;20,9;62,7;62,7;E;nej;importoer;Hyundai;;automatisk;2026-07-25;2026-10-09;;https://katalog.hyundai.dk/NicChristiansenGruppen/Hyundai/Prislister/ioniq-9-privatleasing/;606;nej;303;110,3;4wd;;7
2026-10-09;hyundai-ioniq-9-ultimate-110-3-kwh-218-hk-25000-36;Hyundai;Ioniq 9;Ultimate 110.3 kWh 218 hk;stor-suv;el;25000;36;8395;49995;780;352995;9805;569995;20,6;61,9;61,9;E;nej;importoer;Hyundai;;automatisk;2026-10-02;2026-10-09;;https://katalog.hyundai.dk/NicChristiansenGruppen/Hyundai/Prislister/ioniq-9-privatleasing/;620;nej;218;110,3;baghjul;;7
2026-10-09;hyundai-ioniq-9-advanced-110-3-kwh-303-hk-udb-14-995-25000-36;Hyundai;Ioniq 9;Advanced 110.3 kWh 303 hk · udb 14.995;stor-suv;el;25000;36;9395;14995;780;353995;9833;559995;21,1;63,2;63,2;E;nej;importoer;Hyundai;;automatisk;2026-07-25;2026-10-09;;https://katalog.hyundai.dk/NicChristiansenGruppen/Hyundai/Prislister/ioniq-9-privatleasing/;606;nej;303;110,3;4wd;;7
2026-10-09;hyundai-ioniq-9-ultimate-110-3-kwh-218-hk-udb-29-995-25000-36;Hyundai;Ioniq 9;Ultimate 110.3 kWh 218 hk · udb 29.995;stor-suv;el;25000;36;9095;29995;780;358195;9950;569995;20,9;62,8;62,8;E;nej;importoer;Hyundai;;automatisk;2026-07-25;2026-10-09;;https://katalog.hyundai.dk/NicChristiansenGruppen/Hyundai/Prislister/ioniq-9-privatleasing/;620;nej;218;110,3;baghjul;;7
2026-10-09;hyundai-ioniq-9-ultimate-110-3-kwh-218-hk-udb-14-995-25000-36;Hyundai;Ioniq 9;Ultimate 110.3 kWh 218 hk · udb 14.995;stor-suv;el;25000;36;9595;14995;780;361195;10033;569995;21,1;63,4;63,4;E;nej;importoer;Hyundai;;automatisk;2026-07-25;2026-10-09;;https://katalog.hyundai.dk/NicChristiansenGruppen/Hyundai/Prislister/ioniq-9-privatleasing/;620;nej;218;110,3;baghjul;;7
2026-10-09;hyundai-ioniq-9-ultimate-110-3-kwh-303-hk-25000-36;Hyundai;Ioniq 9;Ultimate 110.3 kWh 303 hk;stor-suv;el;25000;36;8895;49995;780;370995;10305;614995;20,1;60,3;60,3;E;nej;importoer;Hyundai;;automatisk;2026-10-02;2026-10-09;;https://katalog.hyundai.dk/NicChristiansenGruppen/Hyundai/Prislister/ioniq-9-privatleasing/;606;nej;303;110,3;4wd;;7
2026-10-09;hyundai-ioniq-9-ultimate-110-3-kwh-303-hk-udb-29-995-25000-36;Hyundai;Ioniq 9;Ultimate 110.3 kWh 303 hk · udb 29.995;stor-suv;el;25000;36;9595;29995;780;376195;10450;614995;20,4;61,2;61,2;E;nej;importoer;Hyundai;;automatisk;2026-07-25;2026-10-09;;https://katalog.hyundai.dk/NicChristiansenGruppen/Hyundai/Prislister/ioniq-9-privatleasing/;606;nej;303;110,3;4wd;;7
2026-10-09;hyundai-ioniq-9-ultimate-110-3-kwh-303-hk-udb-14-995-25000-36;Hyundai;Ioniq 9;Ultimate 110.3 kWh 303 hk · udb 14.995;stor-suv;el;25000;36;10095;14995;780;379195;10533;614995;20,6;61,7;61,7;E;nej;importoer;Hyundai;;automatisk;2026-10-02;2026-10-09;;https://katalog.hyundai.dk/NicChristiansenGruppen/Hyundai/Prislister/ioniq-9-privatleasing/;606;nej;303;110,3;4wd;;7
2026-10-09;hyundai-ioniq-9-calligraphy-110-3-kwh-303-hk-25000-36;Hyundai;Ioniq 9;Calligraphy 110.3 kWh 303 hk;stor-suv;el;25000;36;9195;49995;780;381795;10605;644995;19,7;59,2;59,2;D;nej;importoer;Hyundai;;automatisk;2026-10-02;2026-10-09;;https://katalog.hyundai.dk/NicChristiansenGruppen/Hyundai/Prislister/ioniq-9-privatleasing/;600;nej;303;110,3;4wd;;7
2026-10-09;hyundai-ioniq-9-calligraphy-110-3-kwh-303-hk-udb-29-995-25000-36;Hyundai;Ioniq 9;Calligraphy 110.3 kWh 303 hk · udb 29.995;stor-suv;el;25000;36;9895;29995;780;386995;10750;644995;20,0;60,0;60,0;E;nej;importoer;Hyundai;;automatisk;2026-07-25;2026-10-09;;https://katalog.hyundai.dk/NicChristiansenGruppen/Hyundai/Prislister/ioniq-9-privatleasing/;600;nej;303;110,3;4wd;;7
2026-10-09;hyundai-ioniq-9-calligraphy-110-3-kwh-303-hk-udb-14-995-25000-36;Hyundai;Ioniq 9;Calligraphy 110.3 kWh 303 hk · udb 14.995;stor-suv;el;25000;36;10395;14995;780;389995;10833;644995;20,2;60,5;60,5;E;nej;importoer;Hyundai;;automatisk;2026-10-02;2026-10-09;;https://katalog.hyundai.dk/NicChristiansenGruppen/Hyundai/Prislister/ioniq-9-privatleasing/;600;nej;303;110,3;4wd;;7
2026-10-09;hyundai-ioniq-9-calligraphy-performance-110-3-kwh-422-hk-25000-36;Hyundai;Ioniq 9;Calligraphy Performance 110.3 kWh 422 hk;stor-suv;el;25000;36;9695;49995;780;399795;11105;664995;20,0;60,1;60,1;E;nej;importoer;Hyundai;;automatisk;2026-10-02;2026-10-09;;https://katalog.hyundai.dk/NicChristiansenGruppen/Hyundai/Prislister/ioniq-9-privatleasing/;600;nej;422;110,3;4wd;;7
2026-10-09;hyundai-ioniq-9-calligraphy-black-ink-110-3-kwh-308-hk-25000-36;Hyundai;Ioniq 9;Calligraphy Black Ink 110.3 kWh 308 hk;stor-suv;el;25000;36;9695;49995;780;399795;11105;662990;20,1;60,3;60,3;E;nej;importoer;Hyundai;;automatisk;2026-10-02;2026-10-09;;https://katalog.hyundai.dk/NicChristiansenGruppen/Hyundai/Prislister/ioniq-9-privatleasing/;600;nej;308;110,3;4wd;;7
2026-10-09;hyundai-ioniq-9-calligraphy-performance-110-3-kwh-422-hk-6-pers-25000-36;Hyundai;Ioniq 9;Calligraphy Performance 110.3 kWh 422 hk (6 pers.);stor-suv;el;25000;36;9696;49995;780;399831;11106;664995;20,0;60,1;60,1;E;nej;importoer;Hyundai;;automatisk;2026-10-02;2026-10-09;;https://katalog.hyundai.dk/NicChristiansenGruppen/Hyundai/Prislister/ioniq-9-privatleasing/;600;nej;422;110,3;4wd;;6
2026-10-09;hyundai-ioniq-9-calligraphy-performance-110-3-kwh-422-hk-udb-29-995-25000-36;Hyundai;Ioniq 9;Calligraphy Performance 110.3 kWh 422 hk · udb 29.995;stor-suv;el;25000;36;10395;29995;780;404995;11250;664995;20,3;60,9;60,9;E;nej;importoer;Hyundai;;automatisk;2026-10-02;2026-10-09;;https://katalog.hyundai.dk/NicChristiansenGruppen/Hyundai/Prislister/ioniq-9-privatleasing/;600;nej;422;110,3;4wd;;7
2026-10-09;hyundai-ioniq-9-calligraphy-black-ink-110-3-kwh-308-hk-udb-29-995-25000-36;Hyundai;Ioniq 9;Calligraphy Black Ink 110.3 kWh 308 hk · udb 29.995;stor-suv;el;25000;36;10395;29995;780;404995;11250;662990;20,4;61,1;61,1;E;nej;importoer;Hyundai;;automatisk;2026-10-02;2026-10-09;;https://katalog.hyundai.dk/NicChristiansenGruppen/Hyundai/Prislister/ioniq-9-privatleasing/;600;nej;308;110,3;4wd;;7
2026-10-09;hyundai-ioniq-9-calligraphy-black-ink-110-3-kwh-308-hk-udb-14-995-25000-36;Hyundai;Ioniq 9;Calligraphy Black Ink 110.3 kWh 308 hk · udb 14.995;stor-suv;el;25000;36;10895;14995;780;407995;11333;662990;20,5;61,5;61,5;E;nej;importoer;Hyundai;;automatisk;2026-10-02;2026-10-09;;https://katalog.hyundai.dk/NicChristiansenGruppen/Hyundai/Prislister/ioniq-9-privatleasing/;600;nej;308;110,3;4wd;;7
2026-10-09;hyundai-ioniq-9-calligraphy-performance-110-3-kwh-422-hk-udb-14-995-25000-36;Hyundai;Ioniq 9;Calligraphy Performance 110.3 kWh 422 hk · udb 14.995;stor-suv;el;25000;36;10895;14995;780;407995;11333;664995;20,5;61,4;61,4;E;nej;importoer;Hyundai;;automatisk;2026-10-02;2026-10-09;;https://katalog.hyundai.dk/NicChristiansenGruppen/Hyundai/Prislister/ioniq-9-privatleasing/;600;nej;422;110,3;4wd;;7
2026-10-09;hyundai-ioniq-9-calligraphy-black-ink-110-3-kwh-428-hk-25000-36;Hyundai;Ioniq 9;Calligraphy Black Ink 110.3 kWh 428 hk;stor-suv;el;25000;36;10195;49995;780;417795;11605;682990;20,4;61,2;61,2;E;nej;importoer;Hyundai;;automatisk;2026-10-02;2026-10-09;;https://katalog.hyundai.dk/NicChristiansenGruppen/Hyundai/Prislister/ioniq-9-privatleasing/;600;nej;428;110,3;4wd;;7
2026-10-09;hyundai-ioniq-9-calligraphy-black-ink-110-3-kwh-428-hk-udb-29-995-25000-36;Hyundai;Ioniq 9;Calligraphy Black Ink 110.3 kWh 428 hk · udb 29.995;stor-suv;el;25000;36;10895;29995;780;422995;11750;682990;20,6;61,9;61,9;E;nej;importoer;Hyundai;;automatisk;2026-10-02;2026-10-09;;https://katalog.hyundai.dk/NicChristiansenGruppen/Hyundai/Prislister/ioniq-9-privatleasing/;600;nej;428;110,3;4wd;;7
2026-10-09;hyundai-ioniq-9-calligraphy-black-ink-110-3-kwh-428-hk-udb-14-995-25000-36;Hyundai;Ioniq 9;Calligraphy Black Ink 110.3 kWh 428 hk · udb 14.995;stor-suv;el;25000;36;11395;14995;780;425995;11833;682990;20,8;62,4;62,4;E;nej;importoer;Hyundai;;automatisk;2026-10-02;2026-10-09;;https://katalog.hyundai.dk/NicChristiansenGruppen/Hyundai/Prislister/ioniq-9-privatleasing/;600;nej;428;110,3;4wd;;7
2026-10-09;hyundai-ioniq-9-advanced-110-3-kwh-218-hk-30000-36;Hyundai;Ioniq 9;Advanced 110.3 kWh 218 hk;stor-suv;el;30000;36;8195;49995;780;345795;9605;509995;22,6;67,8;67,8;E;nej;importoer;Hyundai;;automatisk;2026-07-25;2026-10-09;;https://katalog.hyundai.dk/NicChristiansenGruppen/Hyundai/Prislister/ioniq-9-privatleasing/;620;nej;218;110,3;baghjul;;7
2026-10-09;hyundai-ioniq-9-advanced-110-3-kwh-218-hk-udb-29-995-30000-36;Hyundai;Ioniq 9;Advanced 110.3 kWh 218 hk · udb 29.995;stor-suv;el;30000;36;8895;29995;780;350995;9750;509995;22,9;68,8;68,8;E;nej;importoer;Hyundai;;automatisk;2026-07-25;2026-10-09;;https://katalog.hyundai.dk/NicChristiansenGruppen/Hyundai/Prislister/ioniq-9-privatleasing/;620;nej;218;110,3;baghjul;;7
2026-10-09;hyundai-ioniq-9-advanced-110-3-kwh-218-hk-udb-14-995-30000-36;Hyundai;Ioniq 9;Advanced 110.3 kWh 218 hk · udb 14.995;stor-suv;el;30000;36;9395;14995;780;353995;9833;509995;23,1;69,4;69,4;E;nej;importoer;Hyundai;;automatisk;2026-10-02;2026-10-09;;https://katalog.hyundai.dk/NicChristiansenGruppen/Hyundai/Prislister/ioniq-9-privatleasing/;620;nej;218;110,3;baghjul;;7
2026-10-09;hyundai-ioniq-9-advanced-110-3-kwh-303-hk-30000-36;Hyundai;Ioniq 9;Advanced 110.3 kWh 303 hk;stor-suv;el;30000;36;8695;49995;780;363795;10105;559995;21,7;65,0;65,0;E;nej;importoer;Hyundai;;automatisk;2026-07-25;2026-10-09;;https://katalog.hyundai.dk/NicChristiansenGruppen/Hyundai/Prislister/ioniq-9-privatleasing/;606;nej;303;110,3;4wd;;7
2026-10-09;hyundai-ioniq-9-advanced-110-3-kwh-303-hk-udb-29-995-30000-36;Hyundai;Ioniq 9;Advanced 110.3 kWh 303 hk · udb 29.995;stor-suv;el;30000;36;9395;29995;780;368995;10250;559995;22,0;65,9;65,9;E;nej;importoer;Hyundai;;automatisk;2026-07-25;2026-10-09;;https://katalog.hyundai.dk/NicChristiansenGruppen/Hyundai/Prislister/ioniq-9-privatleasing/;606;nej;303;110,3;4wd;;7
2026-10-09;hyundai-ioniq-9-ultimate-110-3-kwh-218-hk-30000-36;Hyundai;Ioniq 9;Ultimate 110.3 kWh 218 hk;stor-suv;el;30000;36;8895;49995;780;370995;10305;569995;21,7;65,1;65,1;E;nej;importoer;Hyundai;;automatisk;2026-07-25;2026-10-09;;https://katalog.hyundai.dk/NicChristiansenGruppen/Hyundai/Prislister/ioniq-9-privatleasing/;620;nej;218;110,3;baghjul;;7
2026-10-09;hyundai-ioniq-9-advanced-110-3-kwh-303-hk-udb-14-995-30000-36;Hyundai;Ioniq 9;Advanced 110.3 kWh 303 hk · udb 14.995;stor-suv;el;30000;36;9895;14995;780;371995;10333;559995;22,1;66,4;66,4;E;nej;importoer;Hyundai;;automatisk;2026-10-02;2026-10-09;;https://katalog.hyundai.dk/NicChristiansenGruppen/Hyundai/Prislister/ioniq-9-privatleasing/;606;nej;303;110,3;4wd;;7
2026-10-09;hyundai-ioniq-9-ultimate-110-3-kwh-218-hk-udb-29-995-30000-36;Hyundai;Ioniq 9;Ultimate 110.3 kWh 218 hk · udb 29.995;stor-suv;el;30000;36;9595;29995;780;376195;10450;569995;22,0;66,0;66,0;E;nej;importoer;Hyundai;;automatisk;2026-07-25;2026-10-09;;https://katalog.hyundai.dk/NicChristiansenGruppen/Hyundai/Prislister/ioniq-9-privatleasing/;620;nej;218;110,3;baghjul;;7
2026-10-09;hyundai-ioniq-9-ultimate-110-3-kwh-218-hk-udb-14-995-30000-36;Hyundai;Ioniq 9;Ultimate 110.3 kWh 218 hk · udb 14.995;stor-suv;el;30000;36;10095;14995;780;379195;10533;569995;22,2;66,5;66,5;E;nej;importoer;Hyundai;;automatisk;2026-10-02;2026-10-09;;https://katalog.hyundai.dk/NicChristiansenGruppen/Hyundai/Prislister/ioniq-9-privatleasing/;620;nej;218;110,3;baghjul;;7
2026-10-09;hyundai-ioniq-9-ultimate-110-3-kwh-303-hk-30000-36;Hyundai;Ioniq 9;Ultimate 110.3 kWh 303 hk;stor-suv;el;30000;36;9395;49995;780;388995;10805;614995;21,1;63,2;63,3;E;nej;importoer;Hyundai;;automatisk;2026-07-25;2026-10-09;;https://katalog.hyundai.dk/NicChristiansenGruppen/Hyundai/Prislister/ioniq-9-privatleasing/;606;nej;303;110,3;4wd;;7
2026-10-09;hyundai-ioniq-9-ultimate-110-3-kwh-303-hk-udb-29-995-30000-36;Hyundai;Ioniq 9;Ultimate 110.3 kWh 303 hk · udb 29.995;stor-suv;el;30000;36;10095;29995;780;394195;10950;614995;21,4;64,1;64,1;E;nej;importoer;Hyundai;;automatisk;2026-10-02;2026-10-09;;https://katalog.hyundai.dk/NicChristiansenGruppen/Hyundai/Prislister/ioniq-9-privatleasing/;606;nej;303;110,3;4wd;;7
2026-10-09;hyundai-ioniq-9-ultimate-110-3-kwh-303-hk-udb-14-995-30000-36;Hyundai;Ioniq 9;Ultimate 110.3 kWh 303 hk · udb 14.995;stor-suv;el;30000;36;10595;14995;780;397195;11033;614995;21,5;64,6;64,6;E;nej;importoer;Hyundai;;automatisk;2026-10-02;2026-10-09;;https://katalog.hyundai.dk/NicChristiansenGruppen/Hyundai/Prislister/ioniq-9-privatleasing/;606;nej;303;110,3;4wd;;7
2026-10-09;hyundai-ioniq-9-calligraphy-110-3-kwh-303-hk-30000-36;Hyundai;Ioniq 9;Calligraphy 110.3 kWh 303 hk;stor-suv;el;30000;36;9695;49995;780;399795;11105;644995;20,7;62,0;62,0;E;nej;importoer;Hyundai;;automatisk;2026-07-25;2026-10-09;;https://katalog.hyundai.dk/NicChristiansenGruppen/Hyundai/Prislister/ioniq-9-privatleasing/;600;nej;303;110,3;4wd;;7
2026-10-09;hyundai-ioniq-9-calligraphy-110-3-kwh-303-hk-udb-29-995-30000-36;Hyundai;Ioniq 9;Calligraphy 110.3 kWh 303 hk · udb 29.995;stor-suv;el;30000;36;10395;29995;780;404995;11250;644995;20,9;62,8;62,8;E;nej;importoer;Hyundai;;automatisk;2026-10-02;2026-10-09;;https://katalog.hyundai.dk/NicChristiansenGruppen/Hyundai/Prislister/ioniq-9-privatleasing/;600;nej;303;110,3;4wd;;7
2026-10-09;hyundai-ioniq-9-calligraphy-110-3-kwh-303-hk-udb-14-995-30000-36;Hyundai;Ioniq 9;Calligraphy 110.3 kWh 303 hk · udb 14.995;stor-suv;el;30000;36;10895;14995;780;407995;11333;644995;21,1;63,3;63,3;E;nej;importoer;Hyundai;;automatisk;2026-10-02;2026-10-09;;https://katalog.hyundai.dk/NicChristiansenGruppen/Hyundai/Prislister/ioniq-9-privatleasing/;600;nej;303;110,3;4wd;;7
2026-10-09;hyundai-ioniq-9-calligraphy-performance-110-3-kwh-422-hk-30000-36;Hyundai;Ioniq 9;Calligraphy Performance 110.3 kWh 422 hk;stor-suv;el;30000;36;10195;49995;780;417795;11605;664995;20,9;62,8;62,8;E;nej;importoer;Hyundai;;automatisk;2026-10-02;2026-10-09;;https://katalog.hyundai.dk/NicChristiansenGruppen/Hyundai/Prislister/ioniq-9-privatleasing/;600;nej;422;110,3;4wd;;7
2026-10-09;hyundai-ioniq-9-calligraphy-black-ink-110-3-kwh-308-hk-30000-36;Hyundai;Ioniq 9;Calligraphy Black Ink 110.3 kWh 308 hk;stor-suv;el;30000;36;10195;49995;780;417795;11605;662990;21,0;63,0;63,0;E;nej;importoer;Hyundai;;automatisk;2026-10-02;2026-10-09;;https://katalog.hyundai.dk/NicChristiansenGruppen/Hyundai/Prislister/ioniq-9-privatleasing/;600;nej;308;110,3;4wd;;7
2026-10-09;hyundai-ioniq-9-calligraphy-performance-110-3-kwh-422-hk-6-pers-30000-36;Hyundai;Ioniq 9;Calligraphy Performance 110.3 kWh 422 hk (6 pers.);stor-suv;el;30000;36;10196;49995;780;417831;11606;664995;20,9;62,8;62,8;E;nej;importoer;Hyundai;;automatisk;2026-10-02;2026-10-09;;https://katalog.hyundai.dk/NicChristiansenGruppen/Hyundai/Prislister/ioniq-9-privatleasing/;600;nej;422;110,3;4wd;;6
2026-10-09;hyundai-ioniq-9-calligraphy-performance-110-3-kwh-422-hk-udb-29-995-30000-36;Hyundai;Ioniq 9;Calligraphy Performance 110.3 kWh 422 hk · udb 29.995;stor-suv;el;30000;36;10895;29995;780;422995;11750;664995;21,2;63,6;63,6;E;nej;importoer;Hyundai;;automatisk;2026-10-02;2026-10-09;;https://katalog.hyundai.dk/NicChristiansenGruppen/Hyundai/Prislister/ioniq-9-privatleasing/;600;nej;422;110,3;4wd;;7
2026-10-09;hyundai-ioniq-9-calligraphy-black-ink-110-3-kwh-308-hk-udb-29-995-30000-36;Hyundai;Ioniq 9;Calligraphy Black Ink 110.3 kWh 308 hk · udb 29.995;stor-suv;el;30000;36;10895;29995;780;422995;11750;662990;21,3;63,8;63,8;E;nej;importoer;Hyundai;;automatisk;2026-10-02;2026-10-09;;https://katalog.hyundai.dk/NicChristiansenGruppen/Hyundai/Prislister/ioniq-9-privatleasing/;600;nej;308;110,3;4wd;;7
2026-10-09;hyundai-ioniq-9-calligraphy-black-ink-110-3-kwh-308-hk-udb-14-995-30000-36;Hyundai;Ioniq 9;Calligraphy Black Ink 110.3 kWh 308 hk · udb 14.995;stor-suv;el;30000;36;11395;14995;780;425995;11833;662990;21,4;64,3;64,3;E;nej;importoer;Hyundai;;automatisk;2026-10-02;2026-10-09;;https://katalog.hyundai.dk/NicChristiansenGruppen/Hyundai/Prislister/ioniq-9-privatleasing/;600;nej;308;110,3;4wd;;7
2026-10-09;hyundai-ioniq-9-calligraphy-performance-110-3-kwh-422-hk-udb-14-995-30000-36;Hyundai;Ioniq 9;Calligraphy Performance 110.3 kWh 422 hk · udb 14.995;stor-suv;el;30000;36;11395;14995;780;425995;11833;664995;21,4;64,1;64,1;E;nej;importoer;Hyundai;;automatisk;2026-10-02;2026-10-09;;https://katalog.hyundai.dk/NicChristiansenGruppen/Hyundai/Prislister/ioniq-9-privatleasing/;600;nej;422;110,3;4wd;;7
2026-10-09;hyundai-ioniq-9-calligraphy-black-ink-110-3-kwh-428-hk-30000-36;Hyundai;Ioniq 9;Calligraphy Black Ink 110.3 kWh 428 hk;stor-suv;el;30000;36;10695;49995;780;435795;12105;682990;21,3;63,8;63,8;E;nej;importoer;Hyundai;;automatisk;2026-10-02;2026-10-09;;https://katalog.hyundai.dk/NicChristiansenGruppen/Hyundai/Prislister/ioniq-9-privatleasing/;600;nej;428;110,3;4wd;;7
2026-10-09;hyundai-ioniq-9-calligraphy-black-ink-110-3-kwh-428-hk-udb-29-995-30000-36;Hyundai;Ioniq 9;Calligraphy Black Ink 110.3 kWh 428 hk · udb 29.995;stor-suv;el;30000;36;11395;29995;780;440995;12250;682990;21,5;64,6;64,6;E;nej;importoer;Hyundai;;automatisk;2026-10-02;2026-10-09;;https://katalog.hyundai.dk/NicChristiansenGruppen/Hyundai/Prislister/ioniq-9-privatleasing/;600;nej;428;110,3;4wd;;7
2026-10-09;hyundai-ioniq-9-calligraphy-black-ink-110-3-kwh-428-hk-udb-14-995-30000-36;Hyundai;Ioniq 9;Calligraphy Black Ink 110.3 kWh 428 hk · udb 14.995;stor-suv;el;30000;36;11895;14995;780;443995;12333;682990;21,7;65,0;65,0;E;nej;importoer;Hyundai;;automatisk;2026-10-02;2026-10-09;;https://katalog.hyundai.dk/NicChristiansenGruppen/Hyundai/Prislister/ioniq-9-privatleasing/;600;nej;428;110,3;4wd;;7
2026-10-09;hyundai-kona-electric-essential-48-4-kwh-156-hk-udb-29-995-10000-36;Hyundai;Kona Electric;Essential 48.4 kWh 156 hk · udb 29.995;suv;el;10000;36;1995;29995;780;102595;2850;219995;15,5;46,6;46,6;C;nej;importoer;Hyundai;;automatisk;2026-07-25;2026-10-09;;https://katalog.hyundai.dk/NicChristiansenGruppen/Hyundai/Prislister/kona-privatleasing/;377;nej;156;48,4;;466;
2026-10-09;hyundai-kona-electric-essential-48-4-kwh-156-hk-10000-36;Hyundai;Kona Electric;Essential 48.4 kWh 156 hk;suv;el;10000;36;1495;49995;780;104595;2905;219995;15,8;47,5;47,5;C;nej;importoer;Hyundai;;automatisk;2026-07-25;2026-10-09;;https://katalog.hyundai.dk/NicChristiansenGruppen/Hyundai/Prislister/kona-privatleasing/;377;nej;156;48,4;;466;
2026-10-09;hyundai-kona-electric-essential-65-4-kwh-217-hk-10000-36;Hyundai;Kona Electric;Essential 65.4 kWh 217 hk;suv;el;10000;36;1695;49995;780;111795;3105;259995;14,3;43,0;43,0;B;nej;importoer;Hyundai;;automatisk;2026-07-25;2026-10-09;;https://katalog.hyundai.dk/NicChristiansenGruppen/Hyundai/Prislister/kona-privatleasing/;513;nej;217;65,4;;466;
2026-10-09;hyundai-kona-electric-essential-48-4-kwh-156-hk-udb-14-995-10000-36;Hyundai;Kona Electric;Essential 48.4 kWh 156 hk · udb 14.995;suv;el;10000;36;2695;14995;780;112795;3133;219995;17,1;51,3;51,3;C;nej;importoer;Hyundai;;automatisk;2026-07-25;2026-10-09;;https://katalog.hyundai.dk/NicChristiansenGruppen/Hyundai/Prislister/kona-privatleasing/;377;nej;156;48,4;;466;
2026-10-09;hyundai-kona-electric-essential-65-4-kwh-217-hk-udb-29-995-10000-36;Hyundai;Kona Electric;Essential 65.4 kWh 217 hk · udb 29.995;suv;el;10000;36;2295;29995;780;113395;3150;259995;14,5;43,6;43,6;B;nej;importoer;Hyundai;;automatisk;2026-07-25;2026-10-09;;https://katalog.hyundai.dk/NicChristiansenGruppen/Hyundai/Prislister/kona-privatleasing/;513;nej;217;65,4;;466;
2026-10-09;hyundai-kona-electric-essential-65-4-kwh-217-hk-udb-14-995-10000-36;Hyundai;Kona Electric;Essential 65.4 kWh 217 hk · udb 14.995;suv;el;10000;36;2895;14995;780;119995;3333;259995;15,4;46,2;46,2;C;nej;importoer;Hyundai;;automatisk;2026-07-25;2026-10-09;;https://katalog.hyundai.dk/NicChristiansenGruppen/Hyundai/Prislister/kona-privatleasing/;513;nej;217;65,4;;466;
2026-10-09;hyundai-kona-electric-advanced-65-4-kwh-217-hk-10000-36;Hyundai;Kona Electric;Advanced 65.4 kWh 217 hk;suv;el;10000;36;1995;49995;780;122595;3405;279995;14,6;43,8;43,8;B;nej;importoer;Hyundai;;automatisk;2026-07-25;2026-10-09;;https://katalog.hyundai.dk/NicChristiansenGruppen/Hyundai/Prislister/kona-privatleasing/;510;nej;217;65,4;;466;
2026-10-09;hyundai-kona-electric-advanced-65-4-kwh-217-hk-udb-29-995-10000-36;Hyundai;Kona Electric;Advanced 65.4 kWh 217 hk · udb 29.995;suv;el;10000;36;2595;29995;780;124195;3450;279995;14,8;44,4;44,4;B;nej;importoer;Hyundai;;automatisk;2026-07-25;2026-10-09;;https://katalog.hyundai.dk/NicChristiansenGruppen/Hyundai/Prislister/kona-privatleasing/;510;nej;217;65,4;;466;
2026-10-09;hyundai-kona-electric-ultimate-65-4-kwh-217-hk-10000-36;Hyundai;Kona Electric;Ultimate 65.4 kWh 217 hk;suv;el;10000;36;2195;49995;780;129795;3605;299995;14,4;43,3;43,3;B;nej;importoer;Hyundai;;automatisk;2026-07-25;2026-10-09;;https://katalog.hyundai.dk/NicChristiansenGruppen/Hyundai/Prislister/kona-privatleasing/;508;nej;217;65,4;;466;
2026-10-09;hyundai-kona-electric-advanced-65-4-kwh-217-hk-udb-14-995-10000-36;Hyundai;Kona Electric;Advanced 65.4 kWh 217 hk · udb 14.995;suv;el;10000;36;3195;14995;780;130795;3633;279995;15,6;46,7;46,7;C;nej;importoer;Hyundai;;automatisk;2026-07-25;2026-10-09;;https://katalog.hyundai.dk/NicChristiansenGruppen/Hyundai/Prislister/kona-privatleasing/;510;nej;217;65,4;;466;
2026-10-09;hyundai-kona-electric-ultimate-65-4-kwh-217-hk-udb-29-995-10000-36;Hyundai;Kona Electric;Ultimate 65.4 kWh 217 hk · udb 29.995;suv;el;10000;36;2795;29995;780;131395;3650;299995;14,6;43,8;43,8;B;nej;importoer;Hyundai;;automatisk;2026-07-25;2026-10-09;;https://katalog.hyundai.dk/NicChristiansenGruppen/Hyundai/Prislister/kona-privatleasing/;508;nej;217;65,4;;466;
2026-10-09;hyundai-kona-electric-n-line-65-4-kwh-217-hk-udb-29-995-10000-36;Hyundai;Kona Electric;N Line 65.4 kWh 217 hk · udb 29.995;suv;el;10000;36;2895;29995;780;134995;3750;309995;14,5;43,5;43,5;B;nej;importoer;Hyundai;;automatisk;2026-07-25;2026-10-09;;https://katalog.hyundai.dk/NicChristiansenGruppen/Hyundai/Prislister/kona-privatleasing/;;;217;65,4;;466;
2026-10-09;hyundai-kona-electric-n-line-65-4-kwh-217-hk-10000-36;Hyundai;Kona Electric;N Line 65.4 kWh 217 hk;suv;el;10000;36;2395;49995;780;136995;3805;309995;14,7;44,2;44,2;B;nej;importoer;Hyundai;;automatisk;2026-07-25;2026-10-09;;https://katalog.hyundai.dk/NicChristiansenGruppen/Hyundai/Prislister/kona-privatleasing/;;;217;65,4;;466;
2026-10-09;hyundai-kona-electric-ultimate-65-4-kwh-217-hk-udb-14-995-10000-36;Hyundai;Kona Electric;Ultimate 65.4 kWh 217 hk · udb 14.995;suv;el;10000;36;3395;14995;780;137995;3833;299995;15,3;46,0;46,0;C;nej;importoer;Hyundai;;automatisk;2026-07-25;2026-10-09;;https://katalog.hyundai.dk/NicChristiansenGruppen/Hyundai/Prislister/kona-privatleasing/;508;nej;217;65,4;;466;
2026-10-09;hyundai-kona-electric-n-line-65-4-kwh-217-hk-udb-14-995-10000-36;Hyundai;Kona Electric;N Line 65.4 kWh 217 hk · udb 14.995;suv;el;10000;36;3595;14995;780;145195;4033;309995;15,6;46,8;46,8;C;nej;importoer;Hyundai;;automatisk;2026-07-25;2026-10-09;;https://katalog.hyundai.dk/NicChristiansenGruppen/Hyundai/Prislister/kona-privatleasing/;;;217;65,4;;466;
2026-10-09;hyundai-kona-electric-essential-48-4-kwh-156-hk-udb-29-995-15000-36;Hyundai;Kona Electric;Essential 48.4 kWh 156 hk · udb 29.995;suv;el;15000;36;2295;29995;780;113395;3150;219995;17,2;51,5;51,5;C;nej;importoer;Hyundai;;automatisk;2026-10-02;2026-10-09;;https://katalog.hyundai.dk/NicChristiansenGruppen/Hyundai/Prislister/kona-privatleasing/;377;nej;156;48,4;;466;
2026-10-09;hyundai-kona-electric-essential-48-4-kwh-156-hk-15000-36;Hyundai;Kona Electric;Essential 48.4 kWh 156 hk;suv;el;15000;36;1795;49995;780;115395;3205;219995;17,5;52,4;52,5;C;nej;importoer;Hyundai;;automatisk;2026-10-02;2026-10-09;;https://katalog.hyundai.dk/NicChristiansenGruppen/Hyundai/Prislister/kona-privatleasing/;377;nej;156;48,4;;466;
2026-10-09;hyundai-kona-electric-essential-65-4-kwh-217-hk-15000-36;Hyundai;Kona Electric;Essential 65.4 kWh 217 hk;suv;el;15000;36;1995;49995;780;122595;3405;259995;15,7;47,1;47,2;C;nej;importoer;Hyundai;;automatisk;2026-10-02;2026-10-09;;https://katalog.hyundai.dk/NicChristiansenGruppen/Hyundai/Prislister/kona-privatleasing/;513;nej;217;65,4;;466;
2026-10-09;hyundai-kona-electric-essential-48-4-kwh-156-hk-udb-14-995-15000-36;Hyundai;Kona Electric;Essential 48.4 kWh 156 hk · udb 14.995;suv;el;15000;36;2995;14995;780;123595;3433;219995;18,7;56,2;56,2;D;nej;importoer;Hyundai;;automatisk;2026-10-02;2026-10-09;;https://katalog.hyundai.dk/NicChristiansenGruppen/Hyundai/Prislister/kona-privatleasing/;377;nej;156;48,4;;466;
2026-10-09;hyundai-kona-electric-essential-65-4-kwh-217-hk-udb-29-995-15000-36;Hyundai;Kona Electric;Essential 65.4 kWh 217 hk · udb 29.995;suv;el;15000;36;2595;29995;780;124195;3450;259995;15,9;47,8;47,8;C;nej;importoer;Hyundai;;automatisk;2026-10-02;2026-10-09;;https://katalog.hyundai.dk/NicChristiansenGruppen/Hyundai/Prislister/kona-privatleasing/;513;nej;217;65,4;;466;
2026-10-09;hyundai-kona-electric-essential-65-4-kwh-217-hk-udb-14-995-15000-36;Hyundai;Kona Electric;Essential 65.4 kWh 217 hk · udb 14.995;suv;el;15000;36;3195;14995;780;130795;3633;259995;16,8;50,3;50,3;C;nej;importoer;Hyundai;;automatisk;2026-10-02;2026-10-09;;https://katalog.hyundai.dk/NicChristiansenGruppen/Hyundai/Prislister/kona-privatleasing/;513;nej;217;65,4;;466;
2026-10-09;hyundai-kona-electric-advanced-65-4-kwh-217-hk-15000-36;Hyundai;Kona Electric;Advanced 65.4 kWh 217 hk;suv;el;15000;36;2295;49995;780;133395;3705;279995;15,9;47,6;47,6;C;nej;importoer;Hyundai;;automatisk;2026-10-02;2026-10-09;;https://katalog.hyundai.dk/NicChristiansenGruppen/Hyundai/Prislister/kona-privatleasing/;510;nej;217;65,4;;466;
2026-10-09;hyundai-kona-electric-advanced-65-4-kwh-217-hk-udb-29-995-15000-36;Hyundai;Kona Electric;Advanced 65.4 kWh 217 hk · udb 29.995;suv;el;15000;36;2895;29995;780;134995;3750;279995;16,1;48,2;48,2;C;nej;importoer;Hyundai;;automatisk;2026-10-02;2026-10-09;;https://katalog.hyundai.dk/NicChristiansenGruppen/Hyundai/Prislister/kona-privatleasing/;510;nej;217;65,4;;466;
2026-10-09;hyundai-kona-electric-ultimate-65-4-kwh-217-hk-15000-36;Hyundai;Kona Electric;Ultimate 65.4 kWh 217 hk;suv;el;15000;36;2495;49995;780;140595;3905;299995;15,6;46,9;46,9;C;nej;importoer;Hyundai;;automatisk;2026-10-02;2026-10-09;;https://katalog.hyundai.dk/NicChristiansenGruppen/Hyundai/Prislister/kona-privatleasing/;508;nej;217;65,4;;466;
2026-10-09;hyundai-kona-electric-advanced-65-4-kwh-217-hk-udb-14-995-15000-36;Hyundai;Kona Electric;Advanced 65.4 kWh 217 hk · udb 14.995;suv;el;15000;36;3495;14995;780;141595;3933;279995;16,9;50,6;50,6;C;nej;importoer;Hyundai;;automatisk;2026-10-02;2026-10-09;;https://katalog.hyundai.dk/NicChristiansenGruppen/Hyundai/Prislister/kona-privatleasing/;510;nej;217;65,4;;466;
2026-10-09;hyundai-kona-electric-ultimate-65-4-kwh-217-hk-udb-29-995-15000-36;Hyundai;Kona Electric;Ultimate 65.4 kWh 217 hk · udb 29.995;suv;el;15000;36;3095;29995;780;142195;3950;299995;15,8;47,4;47,4;C;nej;importoer;Hyundai;;automatisk;2026-10-02;2026-10-09;;https://katalog.hyundai.dk/NicChristiansenGruppen/Hyundai/Prislister/kona-privatleasing/;508;nej;217;65,4;;466;
2026-10-09;hyundai-kona-electric-n-line-65-4-kwh-217-hk-udb-29-995-15000-36;Hyundai;Kona Electric;N Line 65.4 kWh 217 hk · udb 29.995;suv;el;15000;36;3195;29995;780;145795;4050;309995;15,7;47,0;47,0;C;nej;importoer;Hyundai;;automatisk;2026-10-02;2026-10-09;;https://katalog.hyundai.dk/NicChristiansenGruppen/Hyundai/Prislister/kona-privatleasing/;;;217;65,4;;466;
2026-10-09;hyundai-kona-electric-n-line-65-4-kwh-217-hk-15000-36;Hyundai;Kona Electric;N Line 65.4 kWh 217 hk;suv;el;15000;36;2695;49995;780;147795;4105;309995;15,9;47,7;47,7;C;nej;importoer;Hyundai;;automatisk;2026-10-02;2026-10-09;;https://katalog.hyundai.dk/NicChristiansenGruppen/Hyundai/Prislister/kona-privatleasing/;;;217;65,4;;466;
2026-10-09;hyundai-kona-electric-ultimate-65-4-kwh-217-hk-udb-14-995-15000-36;Hyundai;Kona Electric;Ultimate 65.4 kWh 217 hk · udb 14.995;suv;el;15000;36;3695;14995;780;148795;4133;299995;16,5;49,6;49,6;C;nej;importoer;Hyundai;;automatisk;2026-10-02;2026-10-09;;https://katalog.hyundai.dk/NicChristiansenGruppen/Hyundai/Prislister/kona-privatleasing/;508;nej;217;65,4;;466;
2026-10-09;hyundai-kona-electric-n-line-65-4-kwh-217-hk-udb-14-995-15000-36;Hyundai;Kona Electric;N Line 65.4 kWh 217 hk · udb 14.995;suv;el;15000;36;3895;14995;780;155995;4333;309995;16,8;50,3;50,3;C;nej;importoer;Hyundai;;automatisk;2026-10-02;2026-10-09;;https://katalog.hyundai.dk/NicChristiansenGruppen/Hyundai/Prislister/kona-privatleasing/;;;217;65,4;;466;
2026-10-09;hyundai-kona-electric-essential-48-4-kwh-156-hk-udb-29-995-20000-36;Hyundai;Kona Electric;Essential 48.4 kWh 156 hk · udb 29.995;suv;el;20000;36;2595;29995;780;124195;3450;219995;18,8;56,5;56,5;D;nej;importoer;Hyundai;;automatisk;2026-10-02;2026-10-09;;https://katalog.hyundai.dk/NicChristiansenGruppen/Hyundai/Prislister/kona-privatleasing/;377;nej;156;48,4;;466;
2026-10-09;hyundai-kona-electric-essential-48-4-kwh-156-hk-20000-36;Hyundai;Kona Electric;Essential 48.4 kWh 156 hk;suv;el;20000;36;2095;49995;780;126195;3505;219995;19,1;57,4;57,4;D;nej;importoer;Hyundai;;automatisk;2026-10-02;2026-10-09;;https://katalog.hyundai.dk/NicChristiansenGruppen/Hyundai/Prislister/kona-privatleasing/;377;nej;156;48,4;;466;
2026-10-09;hyundai-kona-electric-essential-65-4-kwh-217-hk-20000-36;Hyundai;Kona Electric;Essential 65.4 kWh 217 hk;suv;el;20000;36;2295;49995;780;133395;3705;259995;17,1;51,3;51,3;C;nej;importoer;Hyundai;;automatisk;2026-10-02;2026-10-09;;https://katalog.hyundai.dk/NicChristiansenGruppen/Hyundai/Prislister/kona-privatleasing/;513;nej;217;65,4;;466;
2026-10-09;hyundai-kona-electric-essential-48-4-kwh-156-hk-udb-14-995-20000-36;Hyundai;Kona Electric;Essential 48.4 kWh 156 hk · udb 14.995;suv;el;20000;36;3295;14995;780;134395;3733;219995;20,4;61,1;61,1;E;nej;importoer;Hyundai;;automatisk;2026-10-02;2026-10-09;;https://katalog.hyundai.dk/NicChristiansenGruppen/Hyundai/Prislister/kona-privatleasing/;377;nej;156;48,4;;466;
2026-10-09;hyundai-kona-electric-essential-65-4-kwh-217-hk-udb-29-995-20000-36;Hyundai;Kona Electric;Essential 65.4 kWh 217 hk · udb 29.995;suv;el;20000;36;2895;29995;780;134995;3750;259995;17,3;51,9;51,9;C;nej;importoer;Hyundai;;automatisk;2026-10-02;2026-10-09;;https://katalog.hyundai.dk/NicChristiansenGruppen/Hyundai/Prislister/kona-privatleasing/;513;nej;217;65,4;;466;
2026-10-09;hyundai-kona-electric-essential-65-4-kwh-217-hk-udb-14-995-20000-36;Hyundai;Kona Electric;Essential 65.4 kWh 217 hk · udb 14.995;suv;el;20000;36;3495;14995;780;141595;3933;259995;18,2;54,5;54,5;D;nej;importoer;Hyundai;;automatisk;2026-10-02;2026-10-09;;https://katalog.hyundai.dk/NicChristiansenGruppen/Hyundai/Prislister/kona-privatleasing/;513;nej;217;65,4;;466;
2026-10-09;hyundai-kona-electric-advanced-65-4-kwh-217-hk-20000-36;Hyundai;Kona Electric;Advanced 65.4 kWh 217 hk;suv;el;20000;36;2595;49995;780;144195;4005;279995;17,2;51,5;51,5;C;nej;importoer;Hyundai;;automatisk;2026-10-02;2026-10-09;;https://katalog.hyundai.dk/NicChristiansenGruppen/Hyundai/Prislister/kona-privatleasing/;510;nej;217;65,4;;466;
2026-10-09;hyundai-kona-electric-advanced-65-4-kwh-217-hk-udb-29-995-20000-36;Hyundai;Kona Electric;Advanced 65.4 kWh 217 hk · udb 29.995;suv;el;20000;36;3195;29995;780;145795;4050;279995;17,4;52,1;52,1;C;nej;importoer;Hyundai;;automatisk;2026-10-02;2026-10-09;;https://katalog.hyundai.dk/NicChristiansenGruppen/Hyundai/Prislister/kona-privatleasing/;510;nej;217;65,4;;466;
2026-10-09;hyundai-kona-electric-ultimate-65-4-kwh-217-hk-20000-36;Hyundai;Kona Electric;Ultimate 65.4 kWh 217 hk;suv;el;20000;36;2795;49995;780;151395;4205;299995;16,8;50,5;50,5;C;nej;importoer;Hyundai;;automatisk;2026-10-02;2026-10-09;;https://katalog.hyundai.dk/NicChristiansenGruppen/Hyundai/Prislister/kona-privatleasing/;508;nej;217;65,4;;466;
2026-10-09;hyundai-kona-electric-advanced-65-4-kwh-217-hk-udb-14-995-20000-36;Hyundai;Kona Electric;Advanced 65.4 kWh 217 hk · udb 14.995;suv;el;20000;36;3795;14995;780;152395;4233;279995;18,1;54,4;54,4;D;nej;importoer;Hyundai;;automatisk;2026-10-02;2026-10-09;;https://katalog.hyundai.dk/NicChristiansenGruppen/Hyundai/Prislister/kona-privatleasing/;510;nej;217;65,4;;466;
2026-10-09;hyundai-kona-electric-ultimate-65-4-kwh-217-hk-udb-29-995-20000-36;Hyundai;Kona Electric;Ultimate 65.4 kWh 217 hk · udb 29.995;suv;el;20000;36;3395;29995;780;152995;4250;299995;17,0;51,0;51,0;C;nej;importoer;Hyundai;;automatisk;2026-10-02;2026-10-09;;https://katalog.hyundai.dk/NicChristiansenGruppen/Hyundai/Prislister/kona-privatleasing/;508;nej;217;65,4;;466;
2026-10-09;hyundai-kona-electric-n-line-65-4-kwh-217-hk-udb-29-995-20000-36;Hyundai;Kona Electric;N Line 65.4 kWh 217 hk · udb 29.995;suv;el;20000;36;3495;29995;780;156595;4350;309995;16,8;50,5;50,5;C;nej;importoer;Hyundai;;automatisk;2026-10-02;2026-10-09;;https://katalog.hyundai.dk/NicChristiansenGruppen/Hyundai/Prislister/kona-privatleasing/;;;217;65,4;;466;
2026-10-09;hyundai-kona-electric-n-line-65-4-kwh-217-hk-20000-36;Hyundai;Kona Electric;N Line 65.4 kWh 217 hk;suv;el;20000;36;2995;49995;780;158595;4405;309995;17,1;51,2;51,2;C;nej;importoer;Hyundai;;automatisk;2026-10-02;2026-10-09;;https://katalog.hyundai.dk/NicChristiansenGruppen/Hyundai/Prislister/kona-privatleasing/;;;217;65,4;;466;
2026-10-09;hyundai-kona-electric-ultimate-65-4-kwh-217-hk-udb-14-995-20000-36;Hyundai;Kona Electric;Ultimate 65.4 kWh 217 hk · udb 14.995;suv;el;20000;36;3995;14995;780;159595;4433;299995;17,7;53,2;53,2;C;nej;importoer;Hyundai;;automatisk;2026-10-02;2026-10-09;;https://katalog.hyundai.dk/NicChristiansenGruppen/Hyundai/Prislister/kona-privatleasing/;508;nej;217;65,4;;466;
2026-10-09;hyundai-kona-electric-n-line-65-4-kwh-217-hk-udb-14-995-20000-36;Hyundai;Kona Electric;N Line 65.4 kWh 217 hk · udb 14.995;suv;el;20000;36;4195;14995;780;166795;4633;309995;17,9;53,8;53,8;C;nej;importoer;Hyundai;;automatisk;2026-10-02;2026-10-09;;https://katalog.hyundai.dk/NicChristiansenGruppen/Hyundai/Prislister/kona-privatleasing/;;;217;65,4;;466;
2026-10-09;hyundai-kona-electric-essential-48-4-kwh-156-hk-udb-29-995-25000-36;Hyundai;Kona Electric;Essential 48.4 kWh 156 hk · udb 29.995;suv;el;25000;36;2895;29995;780;134995;3750;219995;20,5;61,4;61,4;E;nej;importoer;Hyundai;;automatisk;2026-07-25;2026-10-09;;https://katalog.hyundai.dk/NicChristiansenGruppen/Hyundai/Prislister/kona-privatleasing/;377;nej;156;48,4;;466;
2026-10-09;hyundai-kona-electric-essential-48-4-kwh-156-hk-25000-36;Hyundai;Kona Electric;Essential 48.4 kWh 156 hk;suv;el;25000;36;2395;49995;780;136995;3805;219995;20,8;62,3;62,3;E;nej;importoer;Hyundai;;automatisk;2026-07-25;2026-10-09;;https://katalog.hyundai.dk/NicChristiansenGruppen/Hyundai/Prislister/kona-privatleasing/;377;nej;156;48,4;;466;
2026-10-09;hyundai-kona-electric-essential-65-4-kwh-217-hk-25000-36;Hyundai;Kona Electric;Essential 65.4 kWh 217 hk;suv;el;25000;36;2595;49995;780;144195;4005;259995;18,5;55,5;55,5;D;nej;importoer;Hyundai;;automatisk;2026-07-25;2026-10-09;;https://katalog.hyundai.dk/NicChristiansenGruppen/Hyundai/Prislister/kona-privatleasing/;513;nej;217;65,4;;466;
2026-10-09;hyundai-kona-electric-essential-48-4-kwh-156-hk-udb-14-995-25000-36;Hyundai;Kona Electric;Essential 48.4 kWh 156 hk · udb 14.995;suv;el;25000;36;3595;14995;780;145195;4033;219995;22,0;66,0;66,0;E;nej;importoer;Hyundai;;automatisk;2026-07-25;2026-10-09;;https://katalog.hyundai.dk/NicChristiansenGruppen/Hyundai/Prislister/kona-privatleasing/;377;nej;156;48,4;;466;
2026-10-09;hyundai-kona-electric-essential-65-4-kwh-217-hk-udb-29-995-25000-36;Hyundai;Kona Electric;Essential 65.4 kWh 217 hk · udb 29.995;suv;el;25000;36;3195;29995;780;145795;4050;259995;18,7;56,1;56,1;D;nej;importoer;Hyundai;;automatisk;2026-07-25;2026-10-09;;https://katalog.hyundai.dk/NicChristiansenGruppen/Hyundai/Prislister/kona-privatleasing/;513;nej;217;65,4;;466;
2026-10-09;hyundai-kona-electric-essential-65-4-kwh-217-hk-udb-14-995-25000-36;Hyundai;Kona Electric;Essential 65.4 kWh 217 hk · udb 14.995;suv;el;25000;36;3795;14995;780;152395;4233;259995;19,5;58,6;58,6;D;nej;importoer;Hyundai;;automatisk;2026-07-25;2026-10-09;;https://katalog.hyundai.dk/NicChristiansenGruppen/Hyundai/Prislister/kona-privatleasing/;513;nej;217;65,4;;466;
2026-10-09;hyundai-kona-electric-advanced-65-4-kwh-217-hk-25000-36;Hyundai;Kona Electric;Advanced 65.4 kWh 217 hk;suv;el;25000;36;2895;49995;780;154995;4305;279995;18,5;55,4;55,4;D;nej;importoer;Hyundai;;automatisk;2026-07-25;2026-10-09;;https://katalog.hyundai.dk/NicChristiansenGruppen/Hyundai/Prislister/kona-privatleasing/;510;nej;217;65,4;;466;
2026-10-09;hyundai-kona-electric-advanced-65-4-kwh-217-hk-udb-29-995-25000-36;Hyundai;Kona Electric;Advanced 65.4 kWh 217 hk · udb 29.995;suv;el;25000;36;3495;29995;780;156595;4350;279995;18,6;55,9;55,9;D;nej;importoer;Hyundai;;automatisk;2026-07-25;2026-10-09;;https://katalog.hyundai.dk/NicChristiansenGruppen/Hyundai/Prislister/kona-privatleasing/;510;nej;217;65,4;;466;
2026-10-09;hyundai-kona-electric-ultimate-65-4-kwh-217-hk-25000-36;Hyundai;Kona Electric;Ultimate 65.4 kWh 217 hk;suv;el;25000;36;3095;49995;780;162195;4505;299995;18,0;54,1;54,1;D;nej;importoer;Hyundai;;automatisk;2026-07-25;2026-10-09;;https://katalog.hyundai.dk/NicChristiansenGruppen/Hyundai/Prislister/kona-privatleasing/;508;nej;217;65,4;;466;
2026-10-09;hyundai-kona-electric-advanced-65-4-kwh-217-hk-udb-14-995-25000-36;Hyundai;Kona Electric;Advanced 65.4 kWh 217 hk · udb 14.995;suv;el;25000;36;4095;14995;780;163195;4533;279995;19,4;58,3;58,3;D;nej;importoer;Hyundai;;automatisk;2026-07-25;2026-10-09;;https://katalog.hyundai.dk/NicChristiansenGruppen/Hyundai/Prislister/kona-privatleasing/;510;nej;217;65,4;;466;
2026-10-09;hyundai-kona-electric-ultimate-65-4-kwh-217-hk-udb-29-995-25000-36;Hyundai;Kona Electric;Ultimate 65.4 kWh 217 hk · udb 29.995;suv;el;25000;36;3695;29995;780;163795;4550;299995;18,2;54,6;54,6;D;nej;importoer;Hyundai;;automatisk;2026-07-25;2026-10-09;;https://katalog.hyundai.dk/NicChristiansenGruppen/Hyundai/Prislister/kona-privatleasing/;508;nej;217;65,4;;466;
2026-10-09;hyundai-kona-electric-n-line-65-4-kwh-217-hk-udb-29-995-25000-36;Hyundai;Kona Electric;N Line 65.4 kWh 217 hk · udb 29.995;suv;el;25000;36;3795;29995;780;167395;4650;309995;18,0;54,0;54,0;D;nej;importoer;Hyundai;;automatisk;2026-07-25;2026-10-09;;https://katalog.hyundai.dk/NicChristiansenGruppen/Hyundai/Prislister/kona-privatleasing/;;;217;65,4;;466;
2026-10-09;hyundai-kona-electric-n-line-65-4-kwh-217-hk-25000-36;Hyundai;Kona Electric;N Line 65.4 kWh 217 hk;suv;el;25000;36;3295;49995;780;169395;4705;309995;18,2;54,6;54,6;D;nej;importoer;Hyundai;;automatisk;2026-07-25;2026-10-09;;https://katalog.hyundai.dk/NicChristiansenGruppen/Hyundai/Prislister/kona-privatleasing/;;;217;65,4;;466;
2026-10-09;hyundai-kona-electric-ultimate-65-4-kwh-217-hk-udb-14-995-25000-36;Hyundai;Kona Electric;Ultimate 65.4 kWh 217 hk · udb 14.995;suv;el;25000;36;4295;14995;780;170395;4733;299995;18,9;56,8;56,8;D;nej;importoer;Hyundai;;automatisk;2026-07-25;2026-10-09;;https://katalog.hyundai.dk/NicChristiansenGruppen/Hyundai/Prislister/kona-privatleasing/;508;nej;217;65,4;;466;
2026-10-09;hyundai-kona-electric-n-line-65-4-kwh-217-hk-udb-14-995-25000-36;Hyundai;Kona Electric;N Line 65.4 kWh 217 hk · udb 14.995;suv;el;25000;36;4495;14995;780;177595;4933;309995;19,1;57,3;57,3;D;nej;importoer;Hyundai;;automatisk;2026-07-25;2026-10-09;;https://katalog.hyundai.dk/NicChristiansenGruppen/Hyundai/Prislister/kona-privatleasing/;;;217;65,4;;466;
2026-10-09;hyundai-kona-electric-essential-48-4-kwh-156-hk-udb-29-995-30000-36;Hyundai;Kona Electric;Essential 48.4 kWh 156 hk · udb 29.995;suv;el;30000;36;3195;29995;780;145795;4050;219995;22,1;66,3;66,3;E;nej;importoer;Hyundai;;automatisk;2026-07-25;2026-10-09;;https://katalog.hyundai.dk/NicChristiansenGruppen/Hyundai/Prislister/kona-privatleasing/;377;nej;156;48,4;;466;
2026-10-09;hyundai-kona-electric-essential-48-4-kwh-156-hk-30000-36;Hyundai;Kona Electric;Essential 48.4 kWh 156 hk;suv;el;30000;36;2695;49995;780;147795;4105;219995;22,4;67,2;67,2;E;nej;importoer;Hyundai;;automatisk;2026-07-25;2026-10-09;;https://katalog.hyundai.dk/NicChristiansenGruppen/Hyundai/Prislister/kona-privatleasing/;377;nej;156;48,4;;466;
2026-10-09;hyundai-kona-electric-essential-65-4-kwh-217-hk-30000-36;Hyundai;Kona Electric;Essential 65.4 kWh 217 hk;suv;el;30000;36;2895;49995;780;154995;4305;259995;19,9;59,6;59,6;D;nej;importoer;Hyundai;;automatisk;2026-07-25;2026-10-09;;https://katalog.hyundai.dk/NicChristiansenGruppen/Hyundai/Prislister/kona-privatleasing/;513;nej;217;65,4;;466;
2026-10-09;hyundai-kona-electric-essential-48-4-kwh-156-hk-udb-14-995-30000-36;Hyundai;Kona Electric;Essential 48.4 kWh 156 hk · udb 14.995;suv;el;30000;36;3895;14995;780;155995;4333;219995;23,6;70,9;70,9;E;nej;importoer;Hyundai;;automatisk;2026-07-25;2026-10-09;;https://katalog.hyundai.dk/NicChristiansenGruppen/Hyundai/Prislister/kona-privatleasing/;377;nej;156;48,4;;466;
2026-10-09;hyundai-kona-electric-essential-65-4-kwh-217-hk-udb-29-995-30000-36;Hyundai;Kona Electric;Essential 65.4 kWh 217 hk · udb 29.995;suv;el;30000;36;3495;29995;780;156595;4350;259995;20,1;60,2;60,2;E;nej;importoer;Hyundai;;automatisk;2026-07-25;2026-10-09;;https://katalog.hyundai.dk/NicChristiansenGruppen/Hyundai/Prislister/kona-privatleasing/;513;nej;217;65,4;;466;
2026-10-09;hyundai-kona-electric-essential-65-4-kwh-217-hk-udb-14-995-30000-36;Hyundai;Kona Electric;Essential 65.4 kWh 217 hk · udb 14.995;suv;el;30000;36;4095;14995;780;163195;4533;259995;20,9;62,8;62,8;E;nej;importoer;Hyundai;;automatisk;2026-07-25;2026-10-09;;https://katalog.hyundai.dk/NicChristiansenGruppen/Hyundai/Prislister/kona-privatleasing/;513;nej;217;65,4;;466;
2026-10-09;hyundai-kona-electric-advanced-65-4-kwh-217-hk-30000-36;Hyundai;Kona Electric;Advanced 65.4 kWh 217 hk;suv;el;30000;36;3195;49995;780;165795;4605;279995;19,7;59,2;59,2;D;nej;importoer;Hyundai;;automatisk;2026-07-25;2026-10-09;;https://katalog.hyundai.dk/NicChristiansenGruppen/Hyundai/Prislister/kona-privatleasing/;510;nej;217;65,4;;466;
2026-10-09;hyundai-kona-electric-advanced-65-4-kwh-217-hk-udb-29-995-30000-36;Hyundai;Kona Electric;Advanced 65.4 kWh 217 hk · udb 29.995;suv;el;30000;36;3795;29995;780;167395;4650;279995;19,9;59,8;59,8;D;nej;importoer;Hyundai;;automatisk;2026-07-25;2026-10-09;;https://katalog.hyundai.dk/NicChristiansenGruppen/Hyundai/Prislister/kona-privatleasing/;510;nej;217;65,4;;466;
2026-10-09;hyundai-kona-electric-ultimate-65-4-kwh-217-hk-30000-36;Hyundai;Kona Electric;Ultimate 65.4 kWh 217 hk;suv;el;30000;36;3395;49995;780;172995;4805;299995;19,2;57,7;57,7;D;nej;importoer;Hyundai;;automatisk;2026-07-25;2026-10-09;;https://katalog.hyundai.dk/NicChristiansenGruppen/Hyundai/Prislister/kona-privatleasing/;508;nej;217;65,4;;466;
2026-10-09;hyundai-kona-electric-advanced-65-4-kwh-217-hk-udb-14-995-30000-36;Hyundai;Kona Electric;Advanced 65.4 kWh 217 hk · udb 14.995;suv;el;30000;36;4395;14995;780;173995;4833;279995;20,7;62,1;62,1;E;nej;importoer;Hyundai;;automatisk;2026-07-25;2026-10-09;;https://katalog.hyundai.dk/NicChristiansenGruppen/Hyundai/Prislister/kona-privatleasing/;510;nej;217;65,4;;466;
2026-10-09;hyundai-kona-electric-ultimate-65-4-kwh-217-hk-udb-29-995-30000-36;Hyundai;Kona Electric;Ultimate 65.4 kWh 217 hk · udb 29.995;suv;el;30000;36;3995;29995;780;174595;4850;299995;19,4;58,2;58,2;D;nej;importoer;Hyundai;;automatisk;2026-07-25;2026-10-09;;https://katalog.hyundai.dk/NicChristiansenGruppen/Hyundai/Prislister/kona-privatleasing/;508;nej;217;65,4;;466;
2026-10-09;hyundai-kona-electric-n-line-65-4-kwh-217-hk-udb-29-995-30000-36;Hyundai;Kona Electric;N Line 65.4 kWh 217 hk · udb 29.995;suv;el;30000;36;4095;29995;780;178195;4950;309995;19,2;57,5;57,5;D;nej;importoer;Hyundai;;automatisk;2026-07-25;2026-10-09;;https://katalog.hyundai.dk/NicChristiansenGruppen/Hyundai/Prislister/kona-privatleasing/;;;217;65,4;;466;
2026-10-09;hyundai-kona-electric-n-line-65-4-kwh-217-hk-30000-36;Hyundai;Kona Electric;N Line 65.4 kWh 217 hk;suv;el;30000;36;3595;49995;780;180195;5005;309995;19,4;58,1;58,1;D;nej;importoer;Hyundai;;automatisk;2026-07-25;2026-10-09;;https://katalog.hyundai.dk/NicChristiansenGruppen/Hyundai/Prislister/kona-privatleasing/;;;217;65,4;;466;
2026-10-09;hyundai-kona-electric-ultimate-65-4-kwh-217-hk-udb-14-995-30000-36;Hyundai;Kona Electric;Ultimate 65.4 kWh 217 hk · udb 14.995;suv;el;30000;36;4595;14995;780;181195;5033;299995;20,1;60,4;60,4;E;nej;importoer;Hyundai;;automatisk;2026-07-25;2026-10-09;;https://katalog.hyundai.dk/NicChristiansenGruppen/Hyundai/Prislister/kona-privatleasing/;508;nej;217;65,4;;466;
2026-10-09;hyundai-kona-electric-n-line-65-4-kwh-217-hk-udb-14-995-30000-36;Hyundai;Kona Electric;N Line 65.4 kWh 217 hk · udb 14.995;suv;el;30000;36;4795;14995;780;188395;5233;309995;20,3;60,8;60,8;E;nej;importoer;Hyundai;;automatisk;2026-07-25;2026-10-09;;https://katalog.hyundai.dk/NicChristiansenGruppen/Hyundai/Prislister/kona-privatleasing/;;;217;65,4;;466;
2026-10-09;kia-ev2-access-147-hk-udb-29-995-10000-48;Kia;EV2;Access 147 hk · udb 29.995;minibil;el;10000;48;2195;29995;0;135355;2820;184999;18,3;54,9;73,2;D;nej;importoer;Kia;;automatisk;2026-09-28;2026-10-09;;https://kiaonline.dk/bestil/ev2/;312;nej;147;42,2;forhjul;362;4
2026-10-09;kia-ev2-access-standard-range-147-hk-udb-29-995-10000-48;Kia;EV2;Access Standard Range 147 hk · udb 29.995;minibil;el;10000;48;2195;29995;1250;136605;2846;184999;18,5;55,4;73,8;D;nej;importoer;Kia;;automatisk;2026-09-28;2026-10-09;;https://kiaonline.dk/bestil/ev2/;312;nej;147;42,2;forhjul;362;4
2026-10-09;kia-ev2-access-147-hk-10000-48;Kia;EV2;Access 147 hk;minibil;el;10000;48;2695;14995;0;144355;3007;184999;19,5;58,5;78,0;D;nej;importoer;Kia;;automatisk;2026-07-19;2026-10-09;;https://kiaonline.dk/bestil/ev2/;312;nej;147;42,2;forhjul;362;4
2026-10-09;kia-ev2-access-standard-range-147-hk-10000-48;Kia;EV2;Access Standard Range 147 hk;minibil;el;10000;48;2695;14995;1250;145605;3033;184999;19,7;59,0;78,7;D;nej;importoer;Kia;;automatisk;2026-07-19;2026-10-09;;https://kiaonline.dk/bestil/ev2/;312;nej;147;42,2;forhjul;362;4
2026-10-09;kia-ev2-prestige-135-hk-10000-48;Kia;EV2;Prestige 135 hk;minibil;el;10000;48;2495;29995;0;149755;3120;214999;17,4;52,2;69,7;C;nej;importoer;Kia;;automatisk;2026-07-19;2026-10-09;;https://kiaonline.dk/bestil/ev2/;444;nej;135;61,0;forhjul;362;5
2026-10-09;kia-ev2-prestige-long-range-135-hk-udb-29-995-10000-48;Kia;EV2;Prestige Long Range 135 hk · udb 29.995;minibil;el;10000;48;2495;29995;1250;151005;3146;214999;17,6;52,7;70,2;C;nej;importoer;Kia;;automatisk;2026-09-28;2026-10-09;;https://kiaonline.dk/bestil/ev2/;444;nej;135;61,0;forhjul;362;5
2026-10-09;kia-ev2-prestige-135-hk-udb-14-995-10000-48;Kia;EV2;Prestige 135 hk · udb 14.995;minibil;el;10000;48;2895;14995;0;153955;3207;214999;17,9;53,7;71,6;C;nej;importoer;Kia;;automatisk;2026-09-28;2026-10-09;;https://kiaonline.dk/bestil/ev2/;444;nej;135;61,0;forhjul;362;5
2026-10-09;kia-ev2-prestige-long-range-135-hk-10000-48;Kia;EV2;Prestige Long Range 135 hk;minibil;el;10000;48;2895;14995;1250;155205;3233;214999;18,0;54,1;72,2;D;nej;importoer;Kia;;automatisk;2026-07-19;2026-10-09;;https://kiaonline.dk/bestil/ev2/;444;nej;135;61,0;forhjul;362;5
2026-10-09;kia-ev2-upgrade-135-hk-udb-29-995-10000-48;Kia;EV2;Upgrade 135 hk · udb 29.995;minibil;el;10000;48;2695;29995;0;159355;3320;229999;17,3;52,0;69,3;C;nej;importoer;Kia;;automatisk;2026-09-28;2026-10-09;;https://kiaonline.dk/bestil/ev2/;441;nej;135;61,0;forhjul;362;5
2026-10-09;kia-ev2-upgrade-long-range-135-hk-10000-48;Kia;EV2;Upgrade Long Range 135 hk;minibil;el;10000;48;2695;29995;1250;160605;3346;229999;17,5;52,4;69,8;C;nej;importoer;Kia;;automatisk;2026-07-19;2026-10-09;;https://kiaonline.dk/bestil/ev2/;441;nej;135;61,0;forhjul;362;5
2026-10-09;kia-ev2-upgrade-135-hk-10000-48;Kia;EV2;Upgrade 135 hk;minibil;el;10000;48;3095;14995;0;163555;3407;229999;17,8;53,3;71,1;C;nej;importoer;Kia;;automatisk;2026-07-19;2026-10-09;;https://kiaonline.dk/bestil/ev2/;441;nej;135;61,0;forhjul;362;5
2026-10-09;kia-ev2-upgrade-long-range-135-hk-udb-14-995-10000-48;Kia;EV2;Upgrade Long Range 135 hk · udb 14.995;minibil;el;10000;48;3095;14995;1250;164805;3433;229999;17,9;53,7;71,7;C;nej;importoer;Kia;;automatisk;2026-09-28;2026-10-09;;https://kiaonline.dk/bestil/ev2/;441;nej;135;61,0;forhjul;362;5
2026-10-09;kia-ev2-black-line-135-hk-10000-48;Kia;EV2;Black-Line 135 hk;minibil;el;10000;48;2895;29995;0;168955;3520;249999;16,9;50,7;67,6;C;nej;importoer;Kia;;automatisk;2026-08-08;2026-10-09;;https://kiaonline.dk/bestil/ev2/;420;nej;135;61,0;forhjul;362;5
2026-10-09;kia-ev2-gt-line-135-hk-udb-29-995-10000-48;Kia;EV2;GT-Line 135 hk · udb 29.995;minibil;el;10000;48;2895;29995;0;168955;3520;249999;16,9;50,7;67,6;C;nej;importoer;Kia;;automatisk;2026-09-28;2026-10-09;;https://kiaonline.dk/bestil/ev2/;420;nej;135;61,0;forhjul;362;5
2026-10-09;kia-ev2-black-line-long-range-135-hk-udb-29-995-10000-48;Kia;EV2;Black-Line Long Range 135 hk · udb 29.995;minibil;el;10000;48;2895;29995;1250;170205;3546;249999;17,0;51,1;68,1;C;nej;importoer;Kia;;automatisk;2026-09-28;2026-10-09;;https://kiaonline.dk/bestil/ev2/;420;nej;135;61,0;forhjul;362;5
2026-10-09;kia-ev2-gt-line-long-range-135-hk-udb-29-995-10000-48;Kia;EV2;GT-Line Long Range 135 hk · udb 29.995;minibil;el;10000;48;2895;29995;1250;170205;3546;249999;17,0;51,1;68,1;C;nej;importoer;Kia;;automatisk;2026-09-28;2026-10-09;;https://kiaonline.dk/bestil/ev2/;420;nej;135;61,0;forhjul;362;5
2026-10-09;kia-ev2-black-line-135-hk-udb-14-995-10000-48;Kia;EV2;Black-Line 135 hk · udb 14.995;minibil;el;10000;48;3295;14995;0;173155;3607;249999;17,3;51,9;69,3;C;nej;importoer;Kia;;automatisk;2026-09-28;2026-10-09;;https://kiaonline.dk/bestil/ev2/;420;nej;135;61,0;forhjul;362;5
2026-10-09;kia-ev2-gt-line-135-hk-10000-48;Kia;EV2;GT-Line 135 hk;minibil;el;10000;48;3295;14995;0;173155;3607;249999;17,3;51,9;69,3;C;nej;importoer;Kia;;automatisk;2026-07-19;2026-10-09;;https://kiaonline.dk/bestil/ev2/;420;nej;135;61,0;forhjul;362;5
2026-10-09;kia-ev2-black-line-long-range-135-hk-10000-48;Kia;EV2;Black-Line Long Range 135 hk;minibil;el;10000;48;3295;14995;1250;174405;3633;249999;17,4;52,3;69,8;C;nej;importoer;Kia;;automatisk;2026-08-08;2026-10-09;;https://kiaonline.dk/bestil/ev2/;420;nej;135;61,0;forhjul;362;5
2026-10-09;kia-ev2-gt-line-long-range-135-hk-10000-48;Kia;EV2;GT-Line Long Range 135 hk;minibil;el;10000;48;3295;14995;1250;174405;3633;249999;17,4;52,3;69,8;C;nej;importoer;Kia;;automatisk;2026-07-19;2026-10-09;;https://kiaonline.dk/bestil/ev2/;420;nej;135;61,0;forhjul;362;5
2026-10-09;kia-ev2-access-147-hk-15000-48;Kia;EV2;Access 147 hk;minibil;el;15000;48;2495;29995;0;149755;3120;184999;20,2;60,7;80,9;E;nej;importoer;Kia;;automatisk;2026-07-19;2026-10-09;;https://kiaonline.dk/bestil/ev2/;312;nej;147;42,2;forhjul;362;4
2026-10-09;kia-ev2-access-standard-range-147-hk-15000-48;Kia;EV2;Access Standard Range 147 hk;minibil;el;15000;48;2495;29995;1250;151005;3146;184999;20,4;61,2;81,6;E;nej;importoer;Kia;;automatisk;2026-07-19;2026-10-09;;https://kiaonline.dk/bestil/ev2/;312;nej;147;42,2;forhjul;362;4
2026-10-09;kia-ev2-access-147-hk-udb-14-995-15000-48;Kia;EV2;Access 147 hk · udb 14.995;minibil;el;15000;48;2995;14995;0;158755;3307;184999;21,5;64,4;85,8;E;nej;importoer;Kia;;automatisk;2026-09-28;2026-10-09;;https://kiaonline.dk/bestil/ev2/;312;nej;147;42,2;forhjul;362;4
2026-10-09;kia-ev2-access-standard-range-147-hk-udb-14-995-15000-48;Kia;EV2;Access Standard Range 147 hk · udb 14.995;minibil;el;15000;48;2995;14995;1250;160005;3333;184999;21,6;64,9;86,5;E;nej;importoer;Kia;;automatisk;2026-09-28;2026-10-09;;https://kiaonline.dk/bestil/ev2/;312;nej;147;42,2;forhjul;362;4
2026-10-09;kia-ev2-prestige-135-hk-udb-29-995-15000-48;Kia;EV2;Prestige 135 hk · udb 29.995;minibil;el;15000;48;2795;29995;0;164155;3420;214999;19,1;57,3;76,4;D;nej;importoer;Kia;;automatisk;2026-09-28;2026-10-09;;https://kiaonline.dk/bestil/ev2/;444;nej;135;61,0;forhjul;362;5
2026-10-09;kia-ev2-prestige-long-range-135-hk-15000-48;Kia;EV2;Prestige Long Range 135 hk;minibil;el;15000;48;2795;29995;1250;165405;3446;214999;19,2;57,7;76,9;D;nej;importoer;Kia;;automatisk;2026-07-19;2026-10-09;;https://kiaonline.dk/bestil/ev2/;444;nej;135;61,0;forhjul;362;5
2026-10-09;kia-ev2-prestige-135-hk-15000-48;Kia;EV2;Prestige 135 hk;minibil;el;15000;48;3195;14995;0;168355;3507;214999;19,6;58,7;78,3;D;nej;importoer;Kia;;automatisk;2026-07-19;2026-10-09;;https://kiaonline.dk/bestil/ev2/;444;nej;135;61,0;forhjul;362;5
2026-10-09;kia-ev2-prestige-long-range-135-hk-udb-14-995-15000-48;Kia;EV2;Prestige Long Range 135 hk · udb 14.995;minibil;el;15000;48;3195;14995;1250;169605;3533;214999;19,7;59,2;78,9;D;nej;importoer;Kia;;automatisk;2026-09-28;2026-10-09;;https://kiaonline.dk/bestil/ev2/;444;nej;135;61,0;forhjul;362;5
2026-10-09;kia-ev2-upgrade-135-hk-udb-29-995-15000-48;Kia;EV2;Upgrade 135 hk · udb 29.995;minibil;el;15000;48;2995;29995;0;173755;3620;229999;18,9;56,7;75,5;D;nej;importoer;Kia;;automatisk;2026-09-28;2026-10-09;;https://kiaonline.dk/bestil/ev2/;441;nej;135;61,0;forhjul;362;5
2026-10-09;kia-ev2-upgrade-long-range-135-hk-udb-29-995-15000-48;Kia;EV2;Upgrade Long Range 135 hk · udb 29.995;minibil;el;15000;48;2995;29995;1250;175005;3646;229999;19,0;57,1;76,1;D;nej;importoer;Kia;;automatisk;2026-09-28;2026-10-09;;https://kiaonline.dk/bestil/ev2/;441;nej;135;61,0;forhjul;362;5
2026-10-09;kia-ev2-upgrade-135-hk-15000-48;Kia;EV2;Upgrade 135 hk;minibil;el;15000;48;3395;14995;0;177955;3707;229999;19,3;58,0;77,4;D;nej;importoer;Kia;;automatisk;2026-07-19;2026-10-09;;https://kiaonline.dk/bestil/ev2/;441;nej;135;61,0;forhjul;362;5
2026-10-09;kia-ev2-upgrade-long-range-135-hk-15000-48;Kia;EV2;Upgrade Long Range 135 hk;minibil;el;15000;48;3395;14995;1250;179205;3733;229999;19,5;58,4;77,9;D;nej;importoer;Kia;;automatisk;2026-07-19;2026-10-09;;https://kiaonline.dk/bestil/ev2/;441;nej;135;61,0;forhjul;362;5
2026-10-09;kia-ev2-black-line-135-hk-udb-29-995-15000-48;Kia;EV2;Black-Line 135 hk · udb 29.995;minibil;el;15000;48;3195;29995;0;183355;3820;249999;18,3;55,0;73,3;D;nej;importoer;Kia;;automatisk;2026-09-28;2026-10-09;;https://kiaonline.dk/bestil/ev2/;420;nej;135;61,0;forhjul;362;5
2026-10-09;kia-ev2-gt-line-135-hk-15000-48;Kia;EV2;GT-Line 135 hk;minibil;el;15000;48;3195;29995;0;183355;3820;249999;18,3;55,0;73,3;D;nej;importoer;Kia;;automatisk;2026-07-19;2026-10-09;;https://kiaonline.dk/bestil/ev2/;420;nej;135;61,0;forhjul;362;5
2026-10-09;kia-ev2-black-line-long-range-135-hk-15000-48;Kia;EV2;Black-Line Long Range 135 hk;minibil;el;15000;48;3195;29995;1250;184605;3846;249999;18,5;55,4;73,8;D;nej;importoer;Kia;;automatisk;2026-08-08;2026-10-09;;https://kiaonline.dk/bestil/ev2/;420;nej;135;61,0;forhjul;362;5
2026-10-09;kia-ev2-gt-line-long-range-135-hk-15000-48;Kia;EV2;GT-Line Long Range 135 hk;minibil;el;15000;48;3195;29995;1250;184605;3846;249999;18,5;55,4;73,8;D;nej;importoer;Kia;;automatisk;2026-07-19;2026-10-09;;https://kiaonline.dk/bestil/ev2/;420;nej;135;61,0;forhjul;362;5
2026-10-09;kia-ev2-black-line-135-hk-15000-48;Kia;EV2;Black-Line 135 hk;minibil;el;15000;48;3595;14995;0;187555;3907;249999;18,8;56,3;75,0;D;nej;importoer;Kia;;automatisk;2026-08-08;2026-10-09;;https://kiaonline.dk/bestil/ev2/;420;nej;135;61,0;forhjul;362;5
2026-10-09;kia-ev2-gt-line-135-hk-udb-14-995-15000-48;Kia;EV2;GT-Line 135 hk · udb 14.995;minibil;el;15000;48;3595;14995;0;187555;3907;249999;18,8;56,3;75,0;D;nej;importoer;Kia;;automatisk;2026-09-28;2026-10-09;;https://kiaonline.dk/bestil/ev2/;420;nej;135;61,0;forhjul;362;5
2026-10-09;kia-ev2-black-line-long-range-135-hk-udb-14-995-15000-48;Kia;EV2;Black-Line Long Range 135 hk · udb 14.995;minibil;el;15000;48;3595;14995;1250;188805;3933;249999;18,9;56,6;75,5;D;nej;importoer;Kia;;automatisk;2026-09-28;2026-10-09;;https://kiaonline.dk/bestil/ev2/;420;nej;135;61,0;forhjul;362;5
2026-10-09;kia-ev2-gt-line-long-range-135-hk-udb-14-995-15000-48;Kia;EV2;GT-Line Long Range 135 hk · udb 14.995;minibil;el;15000;48;3595;14995;1250;188805;3933;249999;18,9;56,6;75,5;D;nej;importoer;Kia;;automatisk;2026-09-28;2026-10-09;;https://kiaonline.dk/bestil/ev2/;420;nej;135;61,0;forhjul;362;5
2026-10-09;kia-ev2-access-147-hk-20000-48;Kia;EV2;Access 147 hk;minibil;el;20000;48;2795;29995;0;164155;3420;184999;22,2;66,6;88,7;E;nej;importoer;Kia;;automatisk;2026-07-19;2026-10-09;;https://kiaonline.dk/bestil/ev2/;312;nej;147;42,2;forhjul;362;4
2026-10-09;kia-ev2-access-standard-range-147-hk-20000-48;Kia;EV2;Access Standard Range 147 hk;minibil;el;20000;48;2795;29995;1250;165405;3446;184999;22,4;67,1;89,4;E;nej;importoer;Kia;;automatisk;2026-07-19;2026-10-09;;https://kiaonline.dk/bestil/ev2/;312;nej;147;42,2;forhjul;362;4
2026-10-09;kia-ev2-access-147-hk-udb-14-995-20000-48;Kia;EV2;Access 147 hk · udb 14.995;minibil;el;20000;48;3295;14995;0;173155;3607;184999;23,4;70,2;93,6;E;nej;importoer;Kia;;automatisk;2026-09-28;2026-10-09;;https://kiaonline.dk/bestil/ev2/;312;nej;147;42,2;forhjul;362;4
2026-10-09;kia-ev2-access-standard-range-147-hk-udb-14-995-20000-48;Kia;EV2;Access Standard Range 147 hk · udb 14.995;minibil;el;20000;48;3295;14995;1250;174405;3633;184999;23,6;70,7;94,3;E;nej;importoer;Kia;;automatisk;2026-09-28;2026-10-09;;https://kiaonline.dk/bestil/ev2/;312;nej;147;42,2;forhjul;362;4
2026-10-09;kia-ev2-prestige-135-hk-udb-29-995-20000-48;Kia;EV2;Prestige 135 hk · udb 29.995;minibil;el;20000;48;3095;29995;0;178555;3720;214999;20,8;62,3;83,0;E;nej;importoer;Kia;;automatisk;2026-09-28;2026-10-09;;https://kiaonline.dk/bestil/ev2/;444;nej;135;61,0;forhjul;362;5
2026-10-09;kia-ev2-prestige-long-range-135-hk-20000-48;Kia;EV2;Prestige Long Range 135 hk;minibil;el;20000;48;3095;29995;1250;179805;3746;214999;20,9;62,7;83,6;E;nej;importoer;Kia;;automatisk;2026-07-19;2026-10-09;;https://kiaonline.dk/bestil/ev2/;444;nej;135;61,0;forhjul;362;5
2026-10-09;kia-ev2-prestige-135-hk-20000-48;Kia;EV2;Prestige 135 hk;minibil;el;20000;48;3495;14995;0;182755;3807;214999;21,2;63,7;85,0;E;nej;importoer;Kia;;automatisk;2026-07-19;2026-10-09;;https://kiaonline.dk/bestil/ev2/;444;nej;135;61,0;forhjul;362;5
2026-10-09;kia-ev2-prestige-long-range-135-hk-udb-14-995-20000-48;Kia;EV2;Prestige Long Range 135 hk · udb 14.995;minibil;el;20000;48;3495;14995;1250;184005;3833;214999;21,4;64,2;85,6;E;nej;importoer;Kia;;automatisk;2026-09-28;2026-10-09;;https://kiaonline.dk/bestil/ev2/;444;nej;135;61,0;forhjul;362;5
2026-10-09;kia-ev2-upgrade-135-hk-udb-29-995-20000-48;Kia;EV2;Upgrade 135 hk · udb 29.995;minibil;el;20000;48;3295;29995;0;188155;3920;229999;20,5;61,4;81,8;E;nej;importoer;Kia;;automatisk;2026-09-28;2026-10-09;;https://kiaonline.dk/bestil/ev2/;441;nej;135;61,0;forhjul;362;5
2026-10-09;kia-ev2-upgrade-long-range-135-hk-20000-48;Kia;EV2;Upgrade Long Range 135 hk;minibil;el;20000;48;3295;29995;1250;189405;3946;229999;20,6;61,8;82,4;E;nej;importoer;Kia;;automatisk;2026-07-19;2026-10-09;;https://kiaonline.dk/bestil/ev2/;441;nej;135;61,0;forhjul;362;5
2026-10-09;kia-ev2-upgrade-135-hk-20000-48;Kia;EV2;Upgrade 135 hk;minibil;el;20000;48;3695;14995;0;192355;4007;229999;20,9;62,7;83,6;E;nej;importoer;Kia;;automatisk;2026-07-19;2026-10-09;;https://kiaonline.dk/bestil/ev2/;441;nej;135;61,0;forhjul;362;5
2026-10-09;kia-ev2-upgrade-long-range-135-hk-udb-14-995-20000-48;Kia;EV2;Upgrade Long Range 135 hk · udb 14.995;minibil;el;20000;48;3695;14995;1250;193605;4033;229999;21,0;63,1;84,2;E;nej;importoer;Kia;;automatisk;2026-09-28;2026-10-09;;https://kiaonline.dk/bestil/ev2/;441;nej;135;61,0;forhjul;362;5
2026-10-09;kia-ev2-black-line-135-hk-20000-48;Kia;EV2;Black-Line 135 hk;minibil;el;20000;48;3495;29995;0;197755;4120;249999;19,8;59,3;79,1;D;nej;importoer;Kia;;automatisk;2026-08-08;2026-10-09;;https://kiaonline.dk/bestil/ev2/;420;nej;135;61,0;forhjul;362;5
2026-10-09;kia-ev2-gt-line-135-hk-udb-29-995-20000-48;Kia;EV2;GT-Line 135 hk · udb 29.995;minibil;el;20000;48;3495;29995;0;197755;4120;249999;19,8;59,3;79,1;D;nej;importoer;Kia;;automatisk;2026-09-28;2026-10-09;;https://kiaonline.dk/bestil/ev2/;420;nej;135;61,0;forhjul;362;5
2026-10-09;kia-ev2-black-line-long-range-135-hk-udb-29-995-20000-48;Kia;EV2;Black-Line Long Range 135 hk · udb 29.995;minibil;el;20000;48;3495;29995;1250;199005;4146;249999;19,9;59,7;79,6;D;nej;importoer;Kia;;automatisk;2026-09-28;2026-10-09;;https://kiaonline.dk/bestil/ev2/;420;nej;135;61,0;forhjul;362;5
2026-10-09;kia-ev2-gt-line-long-range-135-hk-20000-48;Kia;EV2;GT-Line Long Range 135 hk;minibil;el;20000;48;3495;29995;1250;199005;4146;249999;19,9;59,7;79,6;D;nej;importoer;Kia;;automatisk;2026-07-19;2026-10-09;;https://kiaonline.dk/bestil/ev2/;420;nej;135;61,0;forhjul;362;5
2026-10-09;kia-ev2-black-line-135-hk-udb-14-995-20000-48;Kia;EV2;Black-Line 135 hk · udb 14.995;minibil;el;20000;48;3895;14995;0;201955;4207;249999;20,2;60,6;80,8;E;nej;importoer;Kia;;automatisk;2026-09-28;2026-10-09;;https://kiaonline.dk/bestil/ev2/;420;nej;135;61,0;forhjul;362;5
2026-10-09;kia-ev2-gt-line-135-hk-20000-48;Kia;EV2;GT-Line 135 hk;minibil;el;20000;48;3895;14995;0;201955;4207;249999;20,2;60,6;80,8;E;nej;importoer;Kia;;automatisk;2026-07-19;2026-10-09;;https://kiaonline.dk/bestil/ev2/;420;nej;135;61,0;forhjul;362;5
2026-10-09;kia-ev2-black-line-long-range-135-hk-20000-48;Kia;EV2;Black-Line Long Range 135 hk;minibil;el;20000;48;3895;14995;1250;203205;4233;249999;20,3;61,0;81,3;E;nej;importoer;Kia;;automatisk;2026-08-08;2026-10-09;;https://kiaonline.dk/bestil/ev2/;420;nej;135;61,0;forhjul;362;5
2026-10-09;kia-ev2-gt-line-long-range-135-hk-udb-14-995-20000-48;Kia;EV2;GT-Line Long Range 135 hk · udb 14.995;minibil;el;20000;48;3895;14995;1250;203205;4233;249999;20,3;61,0;81,3;E;nej;importoer;Kia;;automatisk;2026-09-28;2026-10-09;;https://kiaonline.dk/bestil/ev2/;420;nej;135;61,0;forhjul;362;5
2026-10-09;kia-ev2-access-147-hk-udb-29-995-25000-48;Kia;EV2;Access 147 hk · udb 29.995;minibil;el;25000;48;3095;29995;0;178555;3720;184999;24,1;72,4;96,5;E;nej;importoer;Kia;;automatisk;2026-09-28;2026-10-09;;https://kiaonline.dk/bestil/ev2/;312;nej;147;42,2;forhjul;362;4
2026-10-09;kia-ev2-access-standard-range-147-hk-udb-29-995-25000-48;Kia;EV2;Access Standard Range 147 hk · udb 29.995;minibil;el;25000;48;3095;29995;1250;179805;3746;184999;24,3;72,9;97,2;E;nej;importoer;Kia;;automatisk;2026-09-28;2026-10-09;;https://kiaonline.dk/bestil/ev2/;312;nej;147;42,2;forhjul;362;4
2026-10-09;kia-ev2-access-147-hk-25000-48;Kia;EV2;Access 147 hk;minibil;el;25000;48;3595;14995;0;187555;3907;184999;25,3;76,0;101,4;E;nej;importoer;Kia;;automatisk;2026-07-19;2026-10-09;;https://kiaonline.dk/bestil/ev2/;312;nej;147;42,2;forhjul;362;4
2026-10-09;kia-ev2-access-standard-range-147-hk-25000-48;Kia;EV2;Access Standard Range 147 hk;minibil;el;25000;48;3595;14995;1250;188805;3933;184999;25,5;76,5;102,1;E;nej;importoer;Kia;;automatisk;2026-07-19;2026-10-09;;https://kiaonline.dk/bestil/ev2/;312;nej;147;42,2;forhjul;362;4
2026-10-09;kia-ev2-prestige-135-hk-udb-29-995-25000-48;Kia;EV2;Prestige 135 hk · udb 29.995;minibil;el;25000;48;3395;29995;0;192955;4020;214999;22,4;67,3;89,7;E;nej;importoer;Kia;;automatisk;2026-09-28;2026-10-09;;https://kiaonline.dk/bestil/ev2/;444;nej;135;61,0;forhjul;362;5
2026-10-09;kia-ev2-prestige-long-range-135-hk-udb-29-995-25000-48;Kia;EV2;Prestige Long Range 135 hk · udb 29.995;minibil;el;25000;48;3395;29995;1250;194205;4046;214999;22,6;67,7;90,3;E;nej;importoer;Kia;;automatisk;2026-09-28;2026-10-09;;https://kiaonline.dk/bestil/ev2/;444;nej;135;61,0;forhjul;362;5
2026-10-09;kia-ev2-prestige-135-hk-25000-48;Kia;EV2;Prestige 135 hk;minibil;el;25000;48;3795;14995;0;197155;4107;214999;22,9;68,8;91,7;E;nej;importoer;Kia;;automatisk;2026-07-19;2026-10-09;;https://kiaonline.dk/bestil/ev2/;444;nej;135;61,0;forhjul;362;5
2026-10-09;kia-ev2-prestige-long-range-135-hk-25000-48;Kia;EV2;Prestige Long Range 135 hk;minibil;el;25000;48;3795;14995;1250;198405;4133;214999;23,1;69,2;92,3;E;nej;importoer;Kia;;automatisk;2026-07-19;2026-10-09;;https://kiaonline.dk/bestil/ev2/;444;nej;135;61,0;forhjul;362;5
2026-10-09;kia-ev2-upgrade-135-hk-25000-48;Kia;EV2;Upgrade 135 hk;minibil;el;25000;48;3595;29995;0;202555;4220;229999;22,0;66,1;88,1;E;nej;importoer;Kia;;automatisk;2026-07-19;2026-10-09;;https://kiaonline.dk/bestil/ev2/;441;nej;135;61,0;forhjul;362;5
2026-10-09;kia-ev2-upgrade-long-range-135-hk-udb-29-995-25000-48;Kia;EV2;Upgrade Long Range 135 hk · udb 29.995;minibil;el;25000;48;3595;29995;1250;203805;4246;229999;22,2;66,5;88,6;E;nej;importoer;Kia;;automatisk;2026-09-28;2026-10-09;;https://kiaonline.dk/bestil/ev2/;441;nej;135;61,0;forhjul;362;5
2026-10-09;kia-ev2-upgrade-135-hk-udb-14-995-25000-48;Kia;EV2;Upgrade 135 hk · udb 14.995;minibil;el;25000;48;3995;14995;0;206755;4307;229999;22,5;67,4;89,9;E;nej;importoer;Kia;;automatisk;2026-09-28;2026-10-09;;https://kiaonline.dk/bestil/ev2/;441;nej;135;61,0;forhjul;362;5
2026-10-09;kia-ev2-upgrade-long-range-135-hk-25000-48;Kia;EV2;Upgrade Long Range 135 hk;minibil;el;25000;48;3995;14995;1250;208005;4333;229999;22,6;67,8;90,4;E;nej;importoer;Kia;;automatisk;2026-07-19;2026-10-09;;https://kiaonline.dk/bestil/ev2/;441;nej;135;61,0;forhjul;362;5
2026-10-09;kia-ev2-black-line-135-hk-udb-29-995-25000-48;Kia;EV2;Black-Line 135 hk · udb 29.995;minibil;el;25000;48;3795;29995;0;212155;4420;249999;21,2;63,6;84,9;E;nej;importoer;Kia;;automatisk;2026-09-28;2026-10-09;;https://kiaonline.dk/bestil/ev2/;420;nej;135;61,0;forhjul;362;5
2026-10-09;kia-ev2-gt-line-135-hk-udb-29-995-25000-48;Kia;EV2;GT-Line 135 hk · udb 29.995;minibil;el;25000;48;3795;29995;0;212155;4420;249999;21,2;63,6;84,9;E;nej;importoer;Kia;;automatisk;2026-09-28;2026-10-09;;https://kiaonline.dk/bestil/ev2/;420;nej;135;61,0;forhjul;362;5
2026-10-09;kia-ev2-black-line-long-range-135-hk-udb-29-995-25000-48;Kia;EV2;Black-Line Long Range 135 hk · udb 29.995;minibil;el;25000;48;3795;29995;1250;213405;4446;249999;21,3;64,0;85,4;E;nej;importoer;Kia;;automatisk;2026-09-28;2026-10-09;;https://kiaonline.dk/bestil/ev2/;420;nej;135;61,0;forhjul;362;5
2026-10-09;kia-ev2-gt-line-long-range-135-hk-udb-29-995-25000-48;Kia;EV2;GT-Line Long Range 135 hk · udb 29.995;minibil;el;25000;48;3795;29995;1250;213405;4446;249999;21,3;64,0;85,4;E;nej;importoer;Kia;;automatisk;2026-09-28;2026-10-09;;https://kiaonline.dk/bestil/ev2/;420;nej;135;61,0;forhjul;362;5
2026-10-09;kia-ev2-black-line-135-hk-25000-48;Kia;EV2;Black-Line 135 hk;minibil;el;25000;48;4195;14995;0;216355;4507;249999;21,6;64,9;86,5;E;nej;importoer;Kia;;automatisk;2026-08-08;2026-10-09;;https://kiaonline.dk/bestil/ev2/;420;nej;135;61,0;forhjul;362;5
2026-10-09;kia-ev2-gt-line-135-hk-25000-48;Kia;EV2;GT-Line 135 hk;minibil;el;25000;48;4195;14995;0;216355;4507;249999;21,6;64,9;86,5;E;nej;importoer;Kia;;automatisk;2026-07-19;2026-10-09;;https://kiaonline.dk/bestil/ev2/;420;nej;135;61,0;forhjul;362;5
2026-10-09;kia-ev2-black-line-long-range-135-hk-25000-48;Kia;EV2;Black-Line Long Range 135 hk;minibil;el;25000;48;4195;14995;1250;217605;4533;249999;21,8;65,3;87,0;E;nej;importoer;Kia;;automatisk;2026-08-08;2026-10-09;;https://kiaonline.dk/bestil/ev2/;420;nej;135;61,0;forhjul;362;5
2026-10-09;kia-ev2-gt-line-long-range-135-hk-25000-48;Kia;EV2;GT-Line Long Range 135 hk;minibil;el;25000;48;4195;14995;1250;217605;4533;249999;21,8;65,3;87,0;E;nej;importoer;Kia;;automatisk;2026-07-19;2026-10-09;;https://kiaonline.dk/bestil/ev2/;420;nej;135;61,0;forhjul;362;5
2026-10-09;kia-ev2-access-147-hk-udb-29-995-30000-48;Kia;EV2;Access 147 hk · udb 29.995;minibil;el;30000;48;3395;29995;0;192955;4020;184999;26,1;78,2;104,3;E;nej;importoer;Kia;;automatisk;2026-09-28;2026-10-09;;https://kiaonline.dk/bestil/ev2/;312;nej;147;42,2;forhjul;362;4
2026-10-09;kia-ev2-access-standard-range-147-hk-udb-29-995-30000-48;Kia;EV2;Access Standard Range 147 hk · udb 29.995;minibil;el;30000;48;3395;29995;1250;194205;4046;184999;26,2;78,7;105,0;E;nej;importoer;Kia;;automatisk;2026-09-28;2026-10-09;;https://kiaonline.dk/bestil/ev2/;312;nej;147;42,2;forhjul;362;4
2026-10-09;kia-ev2-access-147-hk-30000-48;Kia;EV2;Access 147 hk;minibil;el;30000;48;3895;14995;0;201955;4207;184999;27,3;81,9;109,2;E;nej;importoer;Kia;;automatisk;2026-07-19;2026-10-09;;https://kiaonline.dk/bestil/ev2/;312;nej;147;42,2;forhjul;362;4
2026-10-09;kia-ev2-access-standard-range-147-hk-30000-48;Kia;EV2;Access Standard Range 147 hk;minibil;el;30000;48;3895;14995;1250;203205;4233;184999;27,5;82,4;109,8;E;nej;importoer;Kia;;automatisk;2026-07-19;2026-10-09;;https://kiaonline.dk/bestil/ev2/;312;nej;147;42,2;forhjul;362;4
2026-10-09;kia-ev2-prestige-135-hk-30000-48;Kia;EV2;Prestige 135 hk;minibil;el;30000;48;3695;29995;0;207355;4320;214999;24,1;72,3;96,4;E;nej;importoer;Kia;;automatisk;2026-07-19;2026-10-09;;https://kiaonline.dk/bestil/ev2/;444;nej;135;61,0;forhjul;362;5
2026-10-09;kia-ev2-prestige-long-range-135-hk-udb-29-995-30000-48;Kia;EV2;Prestige Long Range 135 hk · udb 29.995;minibil;el;30000;48;3695;29995;1250;208605;4346;214999;24,3;72,8;97,0;E;nej;importoer;Kia;;automatisk;2026-09-28;2026-10-09;;https://kiaonline.dk/bestil/ev2/;444;nej;135;61,0;forhjul;362;5
2026-10-09;kia-ev2-prestige-135-hk-udb-14-995-30000-48;Kia;EV2;Prestige 135 hk · udb 14.995;minibil;el;30000;48;4095;14995;0;211555;4407;214999;24,6;73,8;98,4;E;nej;importoer;Kia;;automatisk;2026-09-28;2026-10-09;;https://kiaonline.dk/bestil/ev2/;444;nej;135;61,0;forhjul;362;5
2026-10-09;kia-ev2-prestige-long-range-135-hk-30000-48;Kia;EV2;Prestige Long Range 135 hk;minibil;el;30000;48;4095;14995;1250;212805;4433;214999;24,7;74,2;99,0;E;nej;importoer;Kia;;automatisk;2026-07-19;2026-10-09;;https://kiaonline.dk/bestil/ev2/;444;nej;135;61,0;forhjul;362;5
2026-10-09;kia-ev2-upgrade-135-hk-udb-29-995-30000-48;Kia;EV2;Upgrade 135 hk · udb 29.995;minibil;el;30000;48;3895;29995;0;216955;4520;229999;23,6;70,7;94,3;E;nej;importoer;Kia;;automatisk;2026-09-28;2026-10-09;;https://kiaonline.dk/bestil/ev2/;441;nej;135;61,0;forhjul;362;5
2026-10-09;kia-ev2-upgrade-long-range-135-hk-30000-48;Kia;EV2;Upgrade Long Range 135 hk;minibil;el;30000;48;3895;29995;1250;218205;4546;229999;23,7;71,2;94,9;E;nej;importoer;Kia;;automatisk;2026-07-19;2026-10-09;;https://kiaonline.dk/bestil/ev2/;441;nej;135;61,0;forhjul;362;5
2026-10-09;kia-ev2-upgrade-135-hk-30000-48;Kia;EV2;Upgrade 135 hk;minibil;el;30000;48;4295;14995;0;221155;4607;229999;24,0;72,1;96,2;E;nej;importoer;Kia;;automatisk;2026-07-19;2026-10-09;;https://kiaonline.dk/bestil/ev2/;441;nej;135;61,0;forhjul;362;5
2026-10-09;kia-ev2-upgrade-long-range-135-hk-udb-14-995-30000-48;Kia;EV2;Upgrade Long Range 135 hk · udb 14.995;minibil;el;30000;48;4295;14995;1250;222405;4633;229999;24,2;72,5;96,7;E;nej;importoer;Kia;;automatisk;2026-09-28;2026-10-09;;https://kiaonline.dk/bestil/ev2/;441;nej;135;61,0;forhjul;362;5
2026-10-09;kia-ev2-black-line-135-hk-udb-29-995-30000-48;Kia;EV2;Black-Line 135 hk · udb 29.995;minibil;el;30000;48;4095;29995;0;226555;4720;249999;22,7;68,0;90,6;E;nej;importoer;Kia;;automatisk;2026-09-28;2026-10-09;;https://kiaonline.dk/bestil/ev2/;420;nej;135;61,0;forhjul;362;5
2026-10-09;kia-ev2-gt-line-135-hk-30000-48;Kia;EV2;GT-Line 135 hk;minibil;el;30000;48;4095;29995;0;226555;4720;249999;22,7;68,0;90,6;E;nej;importoer;Kia;;automatisk;2026-07-19;2026-10-09;;https://kiaonline.dk/bestil/ev2/;420;nej;135;61,0;forhjul;362;5
2026-10-09;kia-ev2-black-line-long-range-135-hk-udb-29-995-30000-48;Kia;EV2;Black-Line Long Range 135 hk · udb 29.995;minibil;el;30000;48;4095;29995;1250;227805;4746;249999;22,8;68,3;91,1;E;nej;importoer;Kia;;automatisk;2026-09-28;2026-10-09;;https://kiaonline.dk/bestil/ev2/;420;nej;135;61,0;forhjul;362;5
2026-10-09;kia-ev2-gt-line-long-range-135-hk-30000-48;Kia;EV2;GT-Line Long Range 135 hk;minibil;el;30000;48;4095;29995;1250;227805;4746;249999;22,8;68,3;91,1;E;nej;importoer;Kia;;automatisk;2026-07-19;2026-10-09;;https://kiaonline.dk/bestil/ev2/;420;nej;135;61,0;forhjul;362;5
2026-10-09;kia-ev2-black-line-135-hk-30000-48;Kia;EV2;Black-Line 135 hk;minibil;el;30000;48;4495;14995;0;230755;4807;249999;23,1;69,2;92,3;E;nej;importoer;Kia;;automatisk;2026-08-08;2026-10-09;;https://kiaonline.dk/bestil/ev2/;420;nej;135;61,0;forhjul;362;5
2026-10-09;kia-ev2-gt-line-135-hk-udb-14-995-30000-48;Kia;EV2;GT-Line 135 hk · udb 14.995;minibil;el;30000;48;4495;14995;0;230755;4807;249999;23,1;69,2;92,3;E;nej;importoer;Kia;;automatisk;2026-09-28;2026-10-09;;https://kiaonline.dk/bestil/ev2/;420;nej;135;61,0;forhjul;362;5
2026-10-09;kia-ev2-black-line-long-range-135-hk-30000-48;Kia;EV2;Black-Line Long Range 135 hk;minibil;el;30000;48;4495;14995;1250;232005;4833;249999;23,2;69,6;92,8;E;nej;importoer;Kia;;automatisk;2026-08-08;2026-10-09;;https://kiaonline.dk/bestil/ev2/;420;nej;135;61,0;forhjul;362;5
2026-10-09;kia-ev2-gt-line-long-range-135-hk-udb-14-995-30000-48;Kia;EV2;GT-Line Long Range 135 hk · udb 14.995;minibil;el;30000;48;4495;14995;1250;232005;4833;249999;23,2;69,6;92,8;E;nej;importoer;Kia;;automatisk;2026-09-28;2026-10-09;;https://kiaonline.dk/bestil/ev2/;420;nej;135;61,0;forhjul;362;5
2026-10-09;kia-ev3-access-204-hk-udb-59-995-10000-48;Kia;EV3;Access 204 hk · udb 59.995;suv;el;10000;48;2195;59995;0;165355;3445;249999;16,5;49,6;66,1;C;nej;importoer;Kia;;automatisk;2026-09-28;2026-10-09;;https://kiaonline.dk/bestil/ev3/;436;nej;204;58,3;forhjul;460;5
2026-10-09;kia-ev3-access-standard-range-204-hk-udb-59-995-10000-48;Kia;EV3;Access Standard Range 204 hk · udb 59.995;suv;el;10000;48;2195;59995;1250;166605;3471;249999;16,7;50,0;66,6;C;nej;importoer;Kia;;automatisk;2026-09-28;2026-10-09;;https://kiaonline.dk/bestil/ev3/;436;nej;204;58,3;forhjul;460;5
2026-10-09;kia-ev3-access-204-hk-10000-48;Kia;EV3;Access 204 hk;suv;el;10000;48;2995;29995;0;173755;3620;249999;17,4;52,1;69,5;C;nej;importoer;Kia;;automatisk;2026-07-19;2026-10-09;;https://kiaonline.dk/bestil/ev3/;436;nej;204;58,3;forhjul;460;5
2026-10-09;kia-ev3-prestige-204-hk-udb-59-995-10000-48;Kia;EV3;Prestige 204 hk · udb 59.995;suv;el;10000;48;2395;59995;0;174955;3645;264999;16,5;49,5;66,0;C;nej;importoer;Kia;;automatisk;2026-09-28;2026-10-09;;https://kiaonline.dk/bestil/ev3/;435;nej;204;58,3;forhjul;460;5
2026-10-09;kia-ev3-access-standard-range-204-hk-10000-48;Kia;EV3;Access Standard Range 204 hk;suv;el;10000;48;2995;29995;1250;175005;3646;249999;17,5;52,5;70,0;C;nej;importoer;Kia;;automatisk;2026-07-19;2026-10-09;;https://kiaonline.dk/bestil/ev3/;436;nej;204;58,3;forhjul;460;5
2026-10-09;kia-ev3-prestige-standard-range-204-hk-udb-59-995-10000-48;Kia;EV3;Prestige Standard Range 204 hk · udb 59.995;suv;el;10000;48;2395;59995;1250;176205;3671;264999;16,6;49,9;66,5;C;nej;importoer;Kia;;automatisk;2026-09-28;2026-10-09;;https://kiaonline.dk/bestil/ev3/;435;nej;204;58,3;forhjul;460;5
2026-10-09;kia-ev3-long-range-udb-59-995-10000-48;Kia;EV3;Long Range · udb 59.995;suv;el;10000;48;2495;59995;0;179755;3745;274999;16,3;49,0;65,4;C;nej;importoer;Kia;;automatisk;2026-09-28;2026-10-09;;https://kiaonline.dk/bestil/ev3/;604;nej;204;81,4;forhjul;460;5
2026-10-09;kia-ev3-prestige-long-range-204-hk-10000-48;Kia;EV3;Prestige Long Range 204 hk;suv;el;10000;48;2495;59995;1250;181005;3771;289999;15,6;46,8;62,4;C;nej;importoer;Kia;;automatisk;2026-07-19;2026-10-09;;https://kiaonline.dk/bestil/ev3/;603;nej;204;81,4;forhjul;460;5
2026-10-09;kia-ev3-prestige-204-hk-10000-48;Kia;EV3;Prestige 204 hk;suv;el;10000;48;3295;29995;0;188155;3920;264999;17,8;53,3;71,0;C;nej;importoer;Kia;;automatisk;2026-07-19;2026-10-09;;https://kiaonline.dk/bestil/ev3/;435;nej;204;58,3;forhjul;460;5
2026-10-09;kia-ev3-prestige-standard-range-204-hk-10000-48;Kia;EV3;Prestige Standard Range 204 hk;suv;el;10000;48;3295;29995;1250;189405;3946;264999;17,9;53,6;71,5;C;nej;importoer;Kia;;automatisk;2026-07-19;2026-10-09;;https://kiaonline.dk/bestil/ev3/;435;nej;204;58,3;forhjul;460;5
2026-10-09;kia-ev3-long-range-10000-48;Kia;EV3;Long Range;suv;el;10000;48;3395;29995;0;192955;4020;274999;17,5;52,6;70,2;C;nej;importoer;Kia;;automatisk;2026-07-19;2026-10-09;;https://kiaonline.dk/bestil/ev3/;604;nej;204;81,4;forhjul;460;5
2026-10-09;kia-ev3-upgrade-204-hk-udb-59-995-10000-48;Kia;EV3;Upgrade 204 hk · udb 59.995;suv;el;10000;48;2795;59995;0;194155;4045;319999;15,2;45,5;60,7;C;nej;importoer;Kia;;automatisk;2026-09-28;2026-10-09;;https://kiaonline.dk/bestil/ev3/;587;nej;204;81,4;forhjul;460;5
2026-10-09;kia-ev3-prestige-long-range-204-hk-udb-29-995-10000-48;Kia;EV3;Prestige Long Range 204 hk · udb 29.995;suv;el;10000;48;3395;29995;1250;194205;4046;289999;16,7;50,2;67,0;C;nej;importoer;Kia;;automatisk;2026-09-28;2026-10-09;;https://kiaonline.dk/bestil/ev3/;603;nej;204;81,4;forhjul;460;5
2026-10-09;kia-ev3-upgrade-long-range-204-hk-10000-48;Kia;EV3;Upgrade Long Range 204 hk;suv;el;10000;48;2795;59995;1250;195405;4071;319999;15,3;45,8;61,1;C;nej;importoer;Kia;;automatisk;2026-07-19;2026-10-09;;https://kiaonline.dk/bestil/ev3/;587;nej;204;81,4;forhjul;460;5
2026-10-09;kia-ev3-upgrade-204-hk-10000-48;Kia;EV3;Upgrade 204 hk;suv;el;10000;48;3695;29995;0;207355;4320;319999;16,2;48,6;64,8;C;nej;importoer;Kia;;automatisk;2026-07-19;2026-10-09;;https://kiaonline.dk/bestil/ev3/;587;nej;204;81,4;forhjul;460;5
2026-10-09;kia-ev3-upgrade-long-range-204-hk-udb-29-995-10000-48;Kia;EV3;Upgrade Long Range 204 hk · udb 29.995;suv;el;10000;48;3695;29995;1250;208605;4346;319999;16,3;48,9;65,2;C;nej;importoer;Kia;;automatisk;2026-09-28;2026-10-09;;https://kiaonline.dk/bestil/ev3/;587;nej;204;81,4;forhjul;460;5
2026-10-09;kia-ev3-access-204-hk-udb-59-995-15000-48;Kia;EV3;Access 204 hk · udb 59.995;suv;el;15000;48;2495;59995;0;179755;3745;249999;18,0;53,9;71,9;D;nej;importoer;Kia;;automatisk;2026-09-28;2026-10-09;;https://kiaonline.dk/bestil/ev3/;436;nej;204;58,3;forhjul;460;5
2026-10-09;kia-ev3-access-standard-range-204-hk-udb-59-995-15000-48;Kia;EV3;Access Standard Range 204 hk · udb 59.995;suv;el;15000;48;2495;59995;1250;181005;3771;249999;18,1;54,3;72,4;D;nej;importoer;Kia;;automatisk;2026-09-28;2026-10-09;;https://kiaonline.dk/bestil/ev3/;436;nej;204;58,3;forhjul;460;5
2026-10-09;kia-ev3-access-204-hk-15000-48;Kia;EV3;Access 204 hk;suv;el;15000;48;3295;29995;0;188155;3920;249999;18,8;56,4;75,3;D;nej;importoer;Kia;;automatisk;2026-07-19;2026-10-09;;https://kiaonline.dk/bestil/ev3/;436;nej;204;58,3;forhjul;460;5
2026-10-09;kia-ev3-prestige-204-hk-udb-59-995-15000-48;Kia;EV3;Prestige 204 hk · udb 59.995;suv;el;15000;48;2695;59995;0;189355;3945;264999;17,9;53,6;71,5;C;nej;importoer;Kia;;automatisk;2026-09-28;2026-10-09;;https://kiaonline.dk/bestil/ev3/;435;nej;204;58,3;forhjul;460;5
2026-10-09;kia-ev3-access-standard-range-204-hk-15000-48;Kia;EV3;Access Standard Range 204 hk;suv;el;15000;48;3295;29995;1250;189405;3946;249999;18,9;56,8;75,8;D;nej;importoer;Kia;;automatisk;2026-07-19;2026-10-09;;https://kiaonline.dk/bestil/ev3/;436;nej;204;58,3;forhjul;460;5
2026-10-09;kia-ev3-prestige-standard-range-204-hk-15000-48;Kia;EV3;Prestige Standard Range 204 hk;suv;el;15000;48;2695;59995;1250;190605;3971;264999;18,0;53,9;71,9;D;nej;importoer;Kia;;automatisk;2026-07-19;2026-10-09;;https://kiaonline.dk/bestil/ev3/;435;nej;204;58,3;forhjul;460;5
2026-10-09;kia-ev3-long-range-15000-48;Kia;EV3;Long Range;suv;el;15000;48;2795;59995;0;194155;4045;274999;17,7;53,0;70,6;C;nej;importoer;Kia;;automatisk;2026-07-19;2026-10-09;;https://kiaonline.dk/bestil/ev3/;604;nej;204;81,4;forhjul;460;5
2026-10-09;kia-ev3-prestige-long-range-204-hk-udb-59-995-15000-48;Kia;EV3;Prestige Long Range 204 hk · udb 59.995;suv;el;15000;48;2795;59995;1250;195405;4071;289999;16,8;50,5;67,4;C;nej;importoer;Kia;;automatisk;2026-09-28;2026-10-09;;https://kiaonline.dk/bestil/ev3/;603;nej;204;81,4;forhjul;460;5
2026-10-09;kia-ev3-prestige-204-hk-15000-48;Kia;EV3;Prestige 204 hk;suv;el;15000;48;3595;29995;0;202555;4220;264999;19,1;57,3;76,4;D;nej;importoer;Kia;;automatisk;2026-07-19;2026-10-09;;https://kiaonline.dk/bestil/ev3/;435;nej;204;58,3;forhjul;460;5
2026-10-09;kia-ev3-prestige-standard-range-204-hk-udb-29-995-15000-48;Kia;EV3;Prestige Standard Range 204 hk · udb 29.995;suv;el;15000;48;3595;29995;1250;203805;4246;264999;19,2;57,7;76,9;D;nej;importoer;Kia;;automatisk;2026-09-28;2026-10-09;;https://kiaonline.dk/bestil/ev3/;435;nej;204;58,3;forhjul;460;5
2026-10-09;kia-ev3-long-range-udb-29-995-15000-48;Kia;EV3;Long Range · udb 29.995;suv;el;15000;48;3695;29995;0;207355;4320;274999;18,9;56,6;75,4;D;nej;importoer;Kia;;automatisk;2026-09-28;2026-10-09;;https://kiaonline.dk/bestil/ev3/;604;nej;204;81,4;forhjul;460;5
2026-10-09;kia-ev3-upgrade-204-hk-udb-59-995-15000-48;Kia;EV3;Upgrade 204 hk · udb 59.995;suv;el;15000;48;3095;59995;0;208555;4345;319999;16,3;48,9;65,2;C;nej;importoer;Kia;;automatisk;2026-09-28;2026-10-09;;https://kiaonline.dk/bestil/ev3/;587;nej;204;81,4;forhjul;460;5
2026-10-09;kia-ev3-prestige-long-range-204-hk-15000-48;Kia;EV3;Prestige Long Range 204 hk;suv;el;15000;48;3695;29995;1250;208605;4346;289999;18,0;54,0;71,9;D;nej;importoer;Kia;;automatisk;2026-07-19;2026-10-09;;https://kiaonline.dk/bestil/ev3/;603;nej;204;81,4;forhjul;460;5
2026-10-09;kia-ev3-upgrade-long-range-204-hk-15000-48;Kia;EV3;Upgrade Long Range 204 hk;suv;el;15000;48;3095;59995;1250;209805;4371;319999;16,4;49,2;65,6;C;nej;importoer;Kia;;automatisk;2026-07-19;2026-10-09;;https://kiaonline.dk/bestil/ev3/;587;nej;204;81,4;forhjul;460;5
2026-10-09;kia-ev3-upgrade-204-hk-15000-48;Kia;EV3;Upgrade 204 hk;suv;el;15000;48;3995;29995;0;221755;4620;319999;17,3;52,0;69,3;C;nej;importoer;Kia;;automatisk;2026-07-19;2026-10-09;;https://kiaonline.dk/bestil/ev3/;587;nej;204;81,4;forhjul;460;5
2026-10-09;kia-ev3-upgrade-long-range-204-hk-udb-29-995-15000-48;Kia;EV3;Upgrade Long Range 204 hk · udb 29.995;suv;el;15000;48;3995;29995;1250;223005;4646;319999;17,4;52,3;69,7;C;nej;importoer;Kia;;automatisk;2026-09-28;2026-10-09;;https://kiaonline.dk/bestil/ev3/;587;nej;204;81,4;forhjul;460;5
2026-10-09;kia-ev3-access-204-hk-20000-48;Kia;EV3;Access 204 hk;suv;el;20000;48;2795;59995;0;194155;4045;249999;19,4;58,2;77,7;D;nej;importoer;Kia;;automatisk;2026-07-19;2026-10-09;;https://kiaonline.dk/bestil/ev3/;436;nej;204;58,3;forhjul;460;5
2026-10-09;kia-ev3-access-standard-range-204-hk-20000-48;Kia;EV3;Access Standard Range 204 hk;suv;el;20000;48;2795;59995;1250;195405;4071;249999;19,5;58,6;78,2;D;nej;importoer;Kia;;automatisk;2026-07-19;2026-10-09;;https://kiaonline.dk/bestil/ev3/;436;nej;204;58,3;forhjul;460;5
2026-10-09;kia-ev3-access-204-hk-udb-29-995-20000-48;Kia;EV3;Access 204 hk · udb 29.995;suv;el;20000;48;3595;29995;0;202555;4220;249999;20,3;60,8;81,0;E;nej;importoer;Kia;;automatisk;2026-09-28;2026-10-09;;https://kiaonline.dk/bestil/ev3/;436;nej;204;58,3;forhjul;460;5
2026-10-09;kia-ev3-prestige-204-hk-20000-48;Kia;EV3;Prestige 204 hk;suv;el;20000;48;2995;59995;0;203755;4245;264999;19,2;57,7;76,9;D;nej;importoer;Kia;;automatisk;2026-07-19;2026-10-09;;https://kiaonline.dk/bestil/ev3/;435;nej;204;58,3;forhjul;460;5
2026-10-09;kia-ev3-access-standard-range-204-hk-udb-29-995-20000-48;Kia;EV3;Access Standard Range 204 hk · udb 29.995;suv;el;20000;48;3595;29995;1250;203805;4246;249999;20,4;61,1;81,5;E;nej;importoer;Kia;;automatisk;2026-09-28;2026-10-09;;https://kiaonline.dk/bestil/ev3/;436;nej;204;58,3;forhjul;460;5
2026-10-09;kia-ev3-prestige-standard-range-204-hk-udb-59-995-20000-48;Kia;EV3;Prestige Standard Range 204 hk · udb 59.995;suv;el;20000;48;2995;59995;1250;205005;4271;264999;19,3;58,0;77,4;D;nej;importoer;Kia;;automatisk;2026-09-28;2026-10-09;;https://kiaonline.dk/bestil/ev3/;435;nej;204;58,3;forhjul;460;5
2026-10-09;kia-ev3-long-range-udb-59-995-20000-48;Kia;EV3;Long Range · udb 59.995;suv;el;20000;48;3095;59995;0;208555;4345;274999;19,0;56,9;75,8;D;nej;importoer;Kia;;automatisk;2026-09-28;2026-10-09;;https://kiaonline.dk/bestil/ev3/;604;nej;204;81,4;forhjul;460;5
2026-10-09;kia-ev3-prestige-long-range-204-hk-udb-59-995-20000-48;Kia;EV3;Prestige Long Range 204 hk · udb 59.995;suv;el;20000;48;3095;59995;1250;209805;4371;289999;18,1;54,3;72,3;D;nej;importoer;Kia;;automatisk;2026-09-28;2026-10-09;;https://kiaonline.dk/bestil/ev3/;603;nej;204;81,4;forhjul;460;5
2026-10-09;kia-ev3-prestige-204-hk-udb-29-995-20000-48;Kia;EV3;Prestige 204 hk · udb 29.995;suv;el;20000;48;3895;29995;0;216955;4520;264999;20,5;61,4;81,9;E;nej;importoer;Kia;;automatisk;2026-09-28;2026-10-09;;https://kiaonline.dk/bestil/ev3/;435;nej;204;58,3;forhjul;460;5
2026-10-09;kia-ev3-prestige-standard-range-204-hk-20000-48;Kia;EV3;Prestige Standard Range 204 hk;suv;el;20000;48;3895;29995;1250;218205;4546;264999;20,6;61,8;82,3;E;nej;importoer;Kia;;automatisk;2026-07-19;2026-10-09;;https://kiaonline.dk/bestil/ev3/;435;nej;204;58,3;forhjul;460;5
2026-10-09;kia-ev3-long-range-20000-48;Kia;EV3;Long Range;suv;el;20000;48;3995;29995;0;221755;4620;274999;20,2;60,5;80,6;E;nej;importoer;Kia;;automatisk;2026-07-19;2026-10-09;;https://kiaonline.dk/bestil/ev3/;604;nej;204;81,4;forhjul;460;5
2026-10-09;kia-ev3-upgrade-204-hk-20000-48;Kia;EV3;Upgrade 204 hk;suv;el;20000;48;3395;59995;0;222955;4645;319999;17,4;52,3;69,7;C;nej;importoer;Kia;;automatisk;2026-07-19;2026-10-09;;https://kiaonline.dk/bestil/ev3/;587;nej;204;81,4;forhjul;460;5
2026-10-09;kia-ev3-prestige-long-range-204-hk-20000-48;Kia;EV3;Prestige Long Range 204 hk;suv;el;20000;48;3995;29995;1250;223005;4646;289999;19,2;57,7;76,9;D;nej;importoer;Kia;;automatisk;2026-07-19;2026-10-09;;https://kiaonline.dk/bestil/ev3/;603;nej;204;81,4;forhjul;460;5
2026-10-09;kia-ev3-upgrade-long-range-204-hk-udb-59-995-20000-48;Kia;EV3;Upgrade Long Range 204 hk · udb 59.995;suv;el;20000;48;3395;59995;1250;224205;4671;319999;17,5;52,5;70,1;C;nej;importoer;Kia;;automatisk;2026-09-28;2026-10-09;;https://kiaonline.dk/bestil/ev3/;587;nej;204;81,4;forhjul;460;5
2026-10-09;kia-ev3-upgrade-204-hk-udb-29-995-20000-48;Kia;EV3;Upgrade 204 hk · udb 29.995;suv;el;20000;48;4295;29995;0;236155;4920;319999;18,5;55,4;73,8;D;nej;importoer;Kia;;automatisk;2026-09-28;2026-10-09;;https://kiaonline.dk/bestil/ev3/;587;nej;204;81,4;forhjul;460;5
2026-10-09;kia-ev3-upgrade-long-range-204-hk-20000-48;Kia;EV3;Upgrade Long Range 204 hk;suv;el;20000;48;4295;29995;1250;237405;4946;319999;18,5;55,6;74,2;D;nej;importoer;Kia;;automatisk;2026-07-19;2026-10-09;;https://kiaonline.dk/bestil/ev3/;587;nej;204;81,4;forhjul;460;5
2026-10-09;kia-ev3-access-204-hk-25000-48;Kia;EV3;Access 204 hk;suv;el;25000;48;3095;59995;0;208555;4345;249999;20,9;62,6;83,4;E;nej;importoer;Kia;;automatisk;2026-07-19;2026-10-09;;https://kiaonline.dk/bestil/ev3/;436;nej;204;58,3;forhjul;460;5
2026-10-09;kia-ev3-access-standard-range-204-hk-udb-59-995-25000-48;Kia;EV3;Access Standard Range 204 hk · udb 59.995;suv;el;25000;48;3095;59995;1250;209805;4371;249999;21,0;62,9;83,9;E;nej;importoer;Kia;;automatisk;2026-09-28;2026-10-09;;https://kiaonline.dk/bestil/ev3/;436;nej;204;58,3;forhjul;460;5
2026-10-09;kia-ev3-access-204-hk-udb-29-995-25000-48;Kia;EV3;Access 204 hk · udb 29.995;suv;el;25000;48;3895;29995;0;216955;4520;249999;21,7;65,1;86,8;E;nej;importoer;Kia;;automatisk;2026-09-28;2026-10-09;;https://kiaonline.dk/bestil/ev3/;436;nej;204;58,3;forhjul;460;5
2026-10-09;kia-ev3-prestige-204-hk-udb-59-995-25000-48;Kia;EV3;Prestige 204 hk · udb 59.995;suv;el;25000;48;3295;59995;0;218155;4545;264999;20,6;61,7;82,3;E;nej;importoer;Kia;;automatisk;2026-09-28;2026-10-09;;https://kiaonline.dk/bestil/ev3/;435;nej;204;58,3;forhjul;460;5
2026-10-09;kia-ev3-access-standard-range-204-hk-25000-48;Kia;EV3;Access Standard Range 204 hk;suv;el;25000;48;3895;29995;1250;218205;4546;249999;21,8;65,5;87,3;E;nej;importoer;Kia;;automatisk;2026-07-19;2026-10-09;;https://kiaonline.dk/bestil/ev3/;436;nej;204;58,3;forhjul;460;5
2026-10-09;kia-ev3-prestige-standard-range-204-hk-udb-59-995-25000-48;Kia;EV3;Prestige Standard Range 204 hk · udb 59.995;suv;el;25000;48;3295;59995;1250;219405;4571;264999;20,7;62,1;82,8;E;nej;importoer;Kia;;automatisk;2026-09-28;2026-10-09;;https://kiaonline.dk/bestil/ev3/;435;nej;204;58,3;forhjul;460;5
2026-10-09;kia-ev3-long-range-udb-59-995-25000-48;Kia;EV3;Long Range · udb 59.995;suv;el;25000;48;3395;59995;0;222955;4645;274999;20,3;60,8;81,1;E;nej;importoer;Kia;;automatisk;2026-09-28;2026-10-09;;https://kiaonline.dk/bestil/ev3/;604;nej;204;81,4;forhjul;460;5
2026-10-09;kia-ev3-prestige-long-range-204-hk-25000-48;Kia;EV3;Prestige Long Range 204 hk;suv;el;25000;48;3395;59995;1250;224205;4671;289999;19,3;58,0;77,3;D;nej;importoer;Kia;;automatisk;2026-07-19;2026-10-09;;https://kiaonline.dk/bestil/ev3/;603;nej;204;81,4;forhjul;460;5
2026-10-09;kia-ev3-prestige-204-hk-25000-48;Kia;EV3;Prestige 204 hk;suv;el;25000;48;4195;29995;0;231355;4820;264999;21,8;65,5;87,3;E;nej;importoer;Kia;;automatisk;2026-07-19;2026-10-09;;https://kiaonline.dk/bestil/ev3/;435;nej;204;58,3;forhjul;460;5
2026-10-09;kia-ev3-prestige-standard-range-204-hk-25000-48;Kia;EV3;Prestige Standard Range 204 hk;suv;el;25000;48;4195;29995;1250;232605;4846;264999;21,9;65,8;87,8;E;nej;importoer;Kia;;automatisk;2026-07-19;2026-10-09;;https://kiaonline.dk/bestil/ev3/;435;nej;204;58,3;forhjul;460;5
2026-10-09;kia-ev3-long-range-25000-48;Kia;EV3;Long Range;suv;el;25000;48;4295;29995;0;236155;4920;274999;21,5;64,4;85,9;E;nej;importoer;Kia;;automatisk;2026-07-19;2026-10-09;;https://kiaonline.dk/bestil/ev3/;604;nej;204;81,4;forhjul;460;5
2026-10-09;kia-ev3-upgrade-204-hk-udb-59-995-25000-48;Kia;EV3;Upgrade 204 hk · udb 59.995;suv;el;25000;48;3695;59995;0;237355;4945;319999;18,5;55,6;74,2;D;nej;importoer;Kia;;automatisk;2026-09-28;2026-10-09;;https://kiaonline.dk/bestil/ev3/;587;nej;204;81,4;forhjul;460;5
2026-10-09;kia-ev3-prestige-long-range-204-hk-udb-29-995-25000-48;Kia;EV3;Prestige Long Range 204 hk · udb 29.995;suv;el;25000;48;4295;29995;1250;237405;4946;289999;20,5;61,4;81,9;E;nej;importoer;Kia;;automatisk;2026-09-28;2026-10-09;;https://kiaonline.dk/bestil/ev3/;603;nej;204;81,4;forhjul;460;5
2026-10-09;kia-ev3-upgrade-long-range-204-hk-25000-48;Kia;EV3;Upgrade Long Range 204 hk;suv;el;25000;48;3695;59995;1250;238605;4971;319999;18,6;55,9;74,6;D;nej;importoer;Kia;;automatisk;2026-07-19;2026-10-09;;https://kiaonline.dk/bestil/ev3/;587;nej;204;81,4;forhjul;460;5
2026-10-09;kia-ev3-upgrade-204-hk-25000-48;Kia;EV3;Upgrade 204 hk;suv;el;25000;48;4595;29995;0;250555;5220;319999;19,6;58,7;78,3;D;nej;importoer;Kia;;automatisk;2026-07-19;2026-10-09;;https://kiaonline.dk/bestil/ev3/;587;nej;204;81,4;forhjul;460;5
2026-10-09;kia-ev3-upgrade-long-range-204-hk-udb-29-995-25000-48;Kia;EV3;Upgrade Long Range 204 hk · udb 29.995;suv;el;25000;48;4595;29995;1250;251805;5246;319999;19,7;59,0;78,7;D;nej;importoer;Kia;;automatisk;2026-09-28;2026-10-09;;https://kiaonline.dk/bestil/ev3/;587;nej;204;81,4;forhjul;460;5
2026-10-09;kia-ev3-access-204-hk-30000-48;Kia;EV3;Access 204 hk;suv;el;30000;48;3395;59995;0;222955;4645;249999;22,3;66,9;89,2;E;nej;importoer;Kia;;automatisk;2026-07-19;2026-10-09;;https://kiaonline.dk/bestil/ev3/;436;nej;204;58,3;forhjul;460;5
2026-10-09;kia-ev3-access-standard-range-204-hk-udb-59-995-30000-48;Kia;EV3;Access Standard Range 204 hk · udb 59.995;suv;el;30000;48;3395;59995;1250;224205;4671;249999;22,4;67,3;89,7;E;nej;importoer;Kia;;automatisk;2026-09-28;2026-10-09;;https://kiaonline.dk/bestil/ev3/;436;nej;204;58,3;forhjul;460;5
2026-10-09;kia-ev3-access-204-hk-udb-29-995-30000-48;Kia;EV3;Access 204 hk · udb 29.995;suv;el;30000;48;4195;29995;0;231355;4820;249999;23,1;69,4;92,5;E;nej;importoer;Kia;;automatisk;2026-09-28;2026-10-09;;https://kiaonline.dk/bestil/ev3/;436;nej;204;58,3;forhjul;460;5
2026-10-09;kia-ev3-prestige-204-hk-udb-59-995-30000-48;Kia;EV3;Prestige 204 hk · udb 59.995;suv;el;30000;48;3595;59995;0;232555;4845;264999;21,9;65,8;87,8;E;nej;importoer;Kia;;automatisk;2026-09-28;2026-10-09;;https://kiaonline.dk/bestil/ev3/;435;nej;204;58,3;forhjul;460;5
2026-10-09;kia-ev3-access-standard-range-204-hk-30000-48;Kia;EV3;Access Standard Range 204 hk;suv;el;30000;48;4195;29995;1250;232605;4846;249999;23,3;69,8;93,0;E;nej;importoer;Kia;;automatisk;2026-07-19;2026-10-09;;https://kiaonline.dk/bestil/ev3/;436;nej;204;58,3;forhjul;460;5
2026-10-09;kia-ev3-prestige-standard-range-204-hk-30000-48;Kia;EV3;Prestige Standard Range 204 hk;suv;el;30000;48;3595;59995;1250;233805;4871;264999;22,1;66,2;88,2;E;nej;importoer;Kia;;automatisk;2026-07-19;2026-10-09;;https://kiaonline.dk/bestil/ev3/;435;nej;204;58,3;forhjul;460;5
2026-10-09;kia-ev3-long-range-30000-48;Kia;EV3;Long Range;suv;el;30000;48;3695;59995;0;237355;4945;274999;21,6;64,7;86,3;E;nej;importoer;Kia;;automatisk;2026-07-19;2026-10-09;;https://kiaonline.dk/bestil/ev3/;604;nej;204;81,4;forhjul;460;5
2026-10-09;kia-ev3-prestige-long-range-204-hk-udb-59-995-30000-48;Kia;EV3;Prestige Long Range 204 hk · udb 59.995;suv;el;30000;48;3695;59995;1250;238605;4971;289999;20,6;61,7;82,3;E;nej;importoer;Kia;;automatisk;2026-09-28;2026-10-09;;https://kiaonline.dk/bestil/ev3/;603;nej;204;81,4;forhjul;460;5
2026-10-09;kia-ev3-prestige-204-hk-30000-48;Kia;EV3;Prestige 204 hk;suv;el;30000;48;4495;29995;0;245755;5120;264999;23,2;69,6;92,7;E;nej;importoer;Kia;;automatisk;2026-07-19;2026-10-09;;https://kiaonline.dk/bestil/ev3/;435;nej;204;58,3;forhjul;460;5
2026-10-09;kia-ev3-prestige-standard-range-204-hk-udb-29-995-30000-48;Kia;EV3;Prestige Standard Range 204 hk · udb 29.995;suv;el;30000;48;4495;29995;1250;247005;5146;264999;23,3;69,9;93,2;E;nej;importoer;Kia;;automatisk;2026-09-28;2026-10-09;;https://kiaonline.dk/bestil/ev3/;435;nej;204;58,3;forhjul;460;5
2026-10-09;kia-ev3-long-range-udb-29-995-30000-48;Kia;EV3;Long Range · udb 29.995;suv;el;30000;48;4595;29995;0;250555;5220;274999;22,8;68,3;91,1;E;nej;importoer;Kia;;automatisk;2026-09-28;2026-10-09;;https://kiaonline.dk/bestil/ev3/;604;nej;204;81,4;forhjul;460;5
2026-10-09;kia-ev3-upgrade-204-hk-30000-48;Kia;EV3;Upgrade 204 hk;suv;el;30000;48;3995;59995;0;251755;5245;319999;19,7;59,0;78,7;D;nej;importoer;Kia;;automatisk;2026-07-19;2026-10-09;;https://kiaonline.dk/bestil/ev3/;587;nej;204;81,4;forhjul;460;5
2026-10-09;kia-ev3-prestige-long-range-204-hk-30000-48;Kia;EV3;Prestige Long Range 204 hk;suv;el;30000;48;4595;29995;1250;251805;5246;289999;21,7;65,1;86,8;E;nej;importoer;Kia;;automatisk;2026-07-19;2026-10-09;;https://kiaonline.dk/bestil/ev3/;603;nej;204;81,4;forhjul;460;5
2026-10-09;kia-ev3-upgrade-long-range-204-hk-30000-48;Kia;EV3;Upgrade Long Range 204 hk;suv;el;30000;48;3995;59995;1250;253005;5271;319999;19,8;59,3;79,1;D;nej;importoer;Kia;;automatisk;2026-07-19;2026-10-09;;https://kiaonline.dk/bestil/ev3/;587;nej;204;81,4;forhjul;460;5
2026-10-09;kia-ev3-upgrade-204-hk-udb-29-995-30000-48;Kia;EV3;Upgrade 204 hk · udb 29.995;suv;el;30000;48;4895;29995;0;264955;5520;319999;20,7;62,1;82,8;E;nej;importoer;Kia;;automatisk;2026-09-28;2026-10-09;;https://kiaonline.dk/bestil/ev3/;587;nej;204;81,4;forhjul;460;5
2026-10-09;kia-ev3-upgrade-long-range-204-hk-udb-29-995-30000-48;Kia;EV3;Upgrade Long Range 204 hk · udb 29.995;suv;el;30000;48;4895;29995;1250;266205;5546;319999;20,8;62,4;83,2;E;nej;importoer;Kia;;automatisk;2026-09-28;2026-10-09;;https://kiaonline.dk/bestil/ev3/;587;nej;204;81,4;forhjul;460;5
2026-10-09;kia-ev4-prestige-204-hk-udb-49-995-10000-48;Kia;EV4;Prestige 204 hk · udb 49.995;mellemklasse;el;10000;48;2495;49995;0;169755;3537;309999;13,7;41,1;54,8;B;nej;importoer;Kia;;automatisk;2026-09-28;2026-10-09;;https://kiaonline.dk/bestil/ev4/;;;204;;forhjul;;
2026-10-09;kia-ev4-prestige-long-range-204-hk-10000-48;Kia;EV4;Prestige Long Range 204 hk;mellemklasse;el;10000;48;2495;49995;1250;171005;3563;329999;13,0;38,9;51,8;B;nej;importoer;Kia;;automatisk;2026-07-19;2026-10-09;;https://kiaonline.dk/bestil/ev4/;;;204;81,4;forhjul;;
2026-10-09;kia-ev4-upgrade-204-hk-10000-48;Kia;EV4;Upgrade 204 hk;mellemklasse;el;10000;48;2995;49995;0;193755;4037;339999;14,2;42,7;57,0;B;nej;importoer;Kia;;automatisk;2026-07-19;2026-10-09;;https://kiaonline.dk/bestil/ev4/;;;204;;forhjul;;
2026-10-09;kia-ev4-upgrade-long-range-204-hk-udb-49-995-10000-48;Kia;EV4;Upgrade Long Range 204 hk · udb 49.995;mellemklasse;el;10000;48;2995;49995;1250;195005;4063;359999;13,5;40,6;54,2;B;nej;importoer;Kia;;automatisk;2026-09-28;2026-10-09;;https://kiaonline.dk/bestil/ev4/;;;204;81,4;forhjul;;
2026-10-09;kia-ev4-prestige-204-hk-10000-48;Kia;EV4;Prestige 204 hk;mellemklasse;el;10000;48;3695;19995;0;197355;4112;309999;15,9;47,8;63,7;C;nej;importoer;Kia;;automatisk;2026-07-19;2026-10-09;;https://kiaonline.dk/bestil/ev4/;;;204;;forhjul;;
2026-10-09;kia-ev4-prestige-long-range-204-hk-udb-19-995-10000-48;Kia;EV4;Prestige Long Range 204 hk · udb 19.995;mellemklasse;el;10000;48;3695;19995;1250;198605;4138;329999;15,0;45,1;60,2;C;nej;importoer;Kia;;automatisk;2026-09-28;2026-10-09;;https://kiaonline.dk/bestil/ev4/;;;204;81,4;forhjul;;
2026-10-09;kia-ev4-upgrade-204-hk-udb-19-995-10000-48;Kia;EV4;Upgrade 204 hk · udb 19.995;mellemklasse;el;10000;48;3995;19995;0;211755;4412;339999;15,6;46,7;62,3;C;nej;importoer;Kia;;automatisk;2026-09-28;2026-10-09;;https://kiaonline.dk/bestil/ev4/;;;204;;forhjul;;
2026-10-09;kia-ev4-upgrade-long-range-204-hk-10000-48;Kia;EV4;Upgrade Long Range 204 hk;mellemklasse;el;10000;48;3995;19995;1250;213005;4438;359999;14,8;44,4;59,2;B;nej;importoer;Kia;;automatisk;2026-07-19;2026-10-09;;https://kiaonline.dk/bestil/ev4/;;;204;81,4;forhjul;;
2026-10-09;kia-ev4-prestige-204-hk-15000-48;Kia;EV4;Prestige 204 hk;mellemklasse;el;15000;48;2895;49995;0;188955;3937;309999;15,2;45,7;61,0;C;nej;importoer;Kia;;automatisk;2026-07-19;2026-10-09;;https://kiaonline.dk/bestil/ev4/;;;204;;forhjul;;
2026-10-09;kia-ev4-prestige-long-range-204-hk-udb-49-995-15000-48;Kia;EV4;Prestige Long Range 204 hk · udb 49.995;mellemklasse;el;15000;48;2895;49995;1250;190205;3963;329999;14,4;43,2;57,6;B;nej;importoer;Kia;;automatisk;2026-09-28;2026-10-09;;https://kiaonline.dk/bestil/ev4/;;;204;81,4;forhjul;;
2026-10-09;kia-ev4-upgrade-204-hk-udb-49-995-15000-48;Kia;EV4;Upgrade 204 hk · udb 49.995;mellemklasse;el;15000;48;3295;49995;0;208155;4337;339999;15,3;45,9;61,2;C;nej;importoer;Kia;;automatisk;2026-09-28;2026-10-09;;https://kiaonline.dk/bestil/ev4/;;;204;;forhjul;;
2026-10-09;kia-ev4-upgrade-long-range-204-hk-udb-49-995-15000-48;Kia;EV4;Upgrade Long Range 204 hk · udb 49.995;mellemklasse;el;15000;48;3295;49995;1250;209405;4363;359999;14,5;43,6;58,2;B;nej;importoer;Kia;;automatisk;2026-09-28;2026-10-09;;https://kiaonline.dk/bestil/ev4/;;;204;81,4;forhjul;;
2026-10-09;kia-ev4-prestige-204-hk-udb-19-995-15000-48;Kia;EV4;Prestige 204 hk · udb 19.995;mellemklasse;el;15000;48;3995;19995;0;211755;4412;309999;17,1;51,2;68,3;C;nej;importoer;Kia;;automatisk;2026-09-28;2026-10-09;;https://kiaonline.dk/bestil/ev4/;;;204;;forhjul;;
2026-10-09;kia-ev4-prestige-long-range-204-hk-15000-48;Kia;EV4;Prestige Long Range 204 hk;mellemklasse;el;15000;48;3995;19995;1250;213005;4438;329999;16,1;48,4;64,5;C;nej;importoer;Kia;;automatisk;2026-07-19;2026-10-09;;https://kiaonline.dk/bestil/ev4/;;;204;81,4;forhjul;;
2026-10-09;kia-ev4-upgrade-204-hk-15000-48;Kia;EV4;Upgrade 204 hk;mellemklasse;el;15000;48;4295;19995;0;226155;4712;339999;16,6;49,9;66,5;C;nej;importoer;Kia;;automatisk;2026-07-19;2026-10-09;;https://kiaonline.dk/bestil/ev4/;;;204;;forhjul;;
2026-10-09;kia-ev4-upgrade-long-range-204-hk-15000-48;Kia;EV4;Upgrade Long Range 204 hk;mellemklasse;el;15000;48;4295;19995;1250;227405;4738;359999;15,8;47,4;63,2;C;nej;importoer;Kia;;automatisk;2026-07-19;2026-10-09;;https://kiaonline.dk/bestil/ev4/;;;204;81,4;forhjul;;
2026-10-09;kia-ev4-prestige-204-hk-20000-48;Kia;EV4;Prestige 204 hk;mellemklasse;el;20000;48;3195;49995;0;203355;4237;309999;16,4;49,2;65,6;C;nej;importoer;Kia;;automatisk;2026-07-19;2026-10-09;;https://kiaonline.dk/bestil/ev4/;;;204;;forhjul;;
2026-10-09;kia-ev4-prestige-long-range-204-hk-udb-49-995-20000-48;Kia;EV4;Prestige Long Range 204 hk · udb 49.995;mellemklasse;el;20000;48;3195;49995;1250;204605;4263;329999;15,5;46,5;62,0;C;nej;importoer;Kia;;automatisk;2026-09-28;2026-10-09;;https://kiaonline.dk/bestil/ev4/;;;204;81,4;forhjul;;
2026-10-09;kia-ev4-upgrade-204-hk-20000-48;Kia;EV4;Upgrade 204 hk;mellemklasse;el;20000;48;3595;49995;0;222555;4637;339999;16,4;49,1;65,5;C;nej;importoer;Kia;;automatisk;2026-07-19;2026-10-09;;https://kiaonline.dk/bestil/ev4/;;;204;;forhjul;;
2026-10-09;kia-ev4-upgrade-long-range-204-hk-20000-48;Kia;EV4;Upgrade Long Range 204 hk;mellemklasse;el;20000;48;3595;49995;1250;223805;4663;359999;15,5;46,6;62,2;C;nej;importoer;Kia;;automatisk;2026-07-19;2026-10-09;;https://kiaonline.dk/bestil/ev4/;;;204;81,4;forhjul;;
2026-10-09;kia-ev4-prestige-204-hk-udb-19-995-20000-48;Kia;EV4;Prestige 204 hk · udb 19.995;mellemklasse;el;20000;48;4295;19995;0;226155;4712;309999;18,2;54,7;73,0;D;nej;importoer;Kia;;automatisk;2026-09-28;2026-10-09;;https://kiaonline.dk/bestil/ev4/;;;204;;forhjul;;
2026-10-09;kia-ev4-prestige-long-range-204-hk-20000-48;Kia;EV4;Prestige Long Range 204 hk;mellemklasse;el;20000;48;4295;19995;1250;227405;4738;329999;17,2;51,7;68,9;C;nej;importoer;Kia;;automatisk;2026-07-19;2026-10-09;;https://kiaonline.dk/bestil/ev4/;;;204;81,4;forhjul;;
2026-10-09;kia-ev4-upgrade-204-hk-udb-19-995-20000-48;Kia;EV4;Upgrade 204 hk · udb 19.995;mellemklasse;el;20000;48;4595;19995;0;240555;5012;339999;17,7;53,1;70,8;C;nej;importoer;Kia;;automatisk;2026-09-28;2026-10-09;;https://kiaonline.dk/bestil/ev4/;;;204;;forhjul;;
2026-10-09;kia-ev4-upgrade-long-range-204-hk-udb-19-995-20000-48;Kia;EV4;Upgrade Long Range 204 hk · udb 19.995;mellemklasse;el;20000;48;4595;19995;1250;241805;5038;359999;16,8;50,4;67,2;C;nej;importoer;Kia;;automatisk;2026-09-28;2026-10-09;;https://kiaonline.dk/bestil/ev4/;;;204;81,4;forhjul;;
2026-10-09;kia-ev4-prestige-204-hk-udb-49-995-25000-48;Kia;EV4;Prestige 204 hk · udb 49.995;mellemklasse;el;25000;48;3495;49995;0;217755;4537;309999;17,6;52,7;70,2;C;nej;importoer;Kia;;automatisk;2026-09-28;2026-10-09;;https://kiaonline.dk/bestil/ev4/;;;204;;forhjul;;
2026-10-09;kia-ev4-prestige-long-range-204-hk-25000-48;Kia;EV4;Prestige Long Range 204 hk;mellemklasse;el;25000;48;3495;49995;1250;219005;4563;329999;16,6;49,8;66,4;C;nej;importoer;Kia;;automatisk;2026-07-19;2026-10-09;;https://kiaonline.dk/bestil/ev4/;;;204;81,4;forhjul;;
2026-10-09;kia-ev4-upgrade-204-hk-udb-49-995-25000-48;Kia;EV4;Upgrade 204 hk · udb 49.995;mellemklasse;el;25000;48;3895;49995;0;236955;4937;339999;17,4;52,3;69,7;C;nej;importoer;Kia;;automatisk;2026-09-28;2026-10-09;;https://kiaonline.dk/bestil/ev4/;;;204;;forhjul;;
2026-10-09;kia-ev4-upgrade-long-range-204-hk-25000-48;Kia;EV4;Upgrade Long Range 204 hk;mellemklasse;el;25000;48;3895;49995;1250;238205;4963;359999;16,5;49,6;66,2;C;nej;importoer;Kia;;automatisk;2026-07-19;2026-10-09;;https://kiaonline.dk/bestil/ev4/;;;204;81,4;forhjul;;
2026-10-09;kia-ev4-prestige-204-hk-25000-48;Kia;EV4;Prestige 204 hk;mellemklasse;el;25000;48;4595;19995;0;240555;5012;309999;19,4;58,2;77,6;D;nej;importoer;Kia;;automatisk;2026-07-19;2026-10-09;;https://kiaonline.dk/bestil/ev4/;;;204;;forhjul;;
2026-10-09;kia-ev4-prestige-long-range-204-hk-udb-19-995-25000-48;Kia;EV4;Prestige Long Range 204 hk · udb 19.995;mellemklasse;el;25000;48;4595;19995;1250;241805;5038;329999;18,3;55,0;73,3;D;nej;importoer;Kia;;automatisk;2026-09-28;2026-10-09;;https://kiaonline.dk/bestil/ev4/;;;204;81,4;forhjul;;
2026-10-09;kia-ev4-upgrade-204-hk-25000-48;Kia;EV4;Upgrade 204 hk;mellemklasse;el;25000;48;4895;19995;0;254955;5312;339999;18,7;56,2;75,0;D;nej;importoer;Kia;;automatisk;2026-07-19;2026-10-09;;https://kiaonline.dk/bestil/ev4/;;;204;;forhjul;;
2026-10-09;kia-ev4-upgrade-long-range-204-hk-udb-19-995-25000-48;Kia;EV4;Upgrade Long Range 204 hk · udb 19.995;mellemklasse;el;25000;48;4895;19995;1250;256205;5338;359999;17,8;53,4;71,2;C;nej;importoer;Kia;;automatisk;2026-09-28;2026-10-09;;https://kiaonline.dk/bestil/ev4/;;;204;81,4;forhjul;;
2026-10-09;kia-ev4-prestige-204-hk-udb-49-995-30000-48;Kia;EV4;Prestige 204 hk · udb 49.995;mellemklasse;el;30000;48;3795;49995;0;232155;4837;309999;18,7;56,2;74,9;D;nej;importoer;Kia;;automatisk;2026-09-28;2026-10-09;;https://kiaonline.dk/bestil/ev4/;;;204;;forhjul;;
2026-10-09;kia-ev4-prestige-long-range-204-hk-30000-48;Kia;EV4;Prestige Long Range 204 hk;mellemklasse;el;30000;48;3795;49995;1250;233405;4863;329999;17,7;53,1;70,7;C;nej;importoer;Kia;;automatisk;2026-07-19;2026-10-09;;https://kiaonline.dk/bestil/ev4/;;;204;81,4;forhjul;;
2026-10-09;kia-ev4-upgrade-204-hk-30000-48;Kia;EV4;Upgrade 204 hk;mellemklasse;el;30000;48;4195;49995;0;251355;5237;339999;18,5;55,5;73,9;D;nej;importoer;Kia;;automatisk;2026-07-19;2026-10-09;;https://kiaonline.dk/bestil/ev4/;;;204;;forhjul;;
2026-10-09;kia-ev4-upgrade-long-range-204-hk-30000-48;Kia;EV4;Upgrade Long Range 204 hk;mellemklasse;el;30000;48;4195;49995;1250;252605;5263;359999;17,5;52,6;70,2;C;nej;importoer;Kia;;automatisk;2026-07-19;2026-10-09;;https://kiaonline.dk/bestil/ev4/;;;204;81,4;forhjul;;
2026-10-09;kia-ev4-prestige-204-hk-30000-48;Kia;EV4;Prestige 204 hk;mellemklasse;el;30000;48;4895;19995;0;254955;5312;309999;20,6;61,7;82,2;E;nej;importoer;Kia;;automatisk;2026-07-19;2026-10-09;;https://kiaonline.dk/bestil/ev4/;;;204;;forhjul;;
2026-10-09;kia-ev4-prestige-long-range-204-hk-udb-19-995-30000-48;Kia;EV4;Prestige Long Range 204 hk · udb 19.995;mellemklasse;el;30000;48;4895;19995;1250;256205;5338;329999;19,4;58,2;77,6;D;nej;importoer;Kia;;automatisk;2026-09-28;2026-10-09;;https://kiaonline.dk/bestil/ev4/;;;204;81,4;forhjul;;
2026-10-09;kia-ev4-upgrade-204-hk-udb-19-995-30000-48;Kia;EV4;Upgrade 204 hk · udb 19.995;mellemklasse;el;30000;48;5195;19995;0;269355;5612;339999;19,8;59,4;79,2;D;nej;importoer;Kia;;automatisk;2026-09-28;2026-10-09;;https://kiaonline.dk/bestil/ev4/;;;204;;forhjul;;
2026-10-09;kia-ev4-upgrade-long-range-204-hk-udb-19-995-30000-48;Kia;EV4;Upgrade Long Range 204 hk · udb 19.995;mellemklasse;el;30000;48;5195;19995;1250;270605;5638;359999;18,8;56,4;75,2;D;nej;importoer;Kia;;automatisk;2026-09-28;2026-10-09;;https://kiaonline.dk/bestil/ev4/;;;204;81,4;forhjul;;
2026-10-09;kia-ev5-upgrade-217-hk-udb-59-995-10000-48;Kia;EV5;Upgrade 217 hk · udb 59.995;suv;el;10000;48;3195;59995;0;213355;4445;349999;15,2;45,7;61,0;C;nej;importoer;Kia;;automatisk;2026-09-28;2026-10-09;;https://kiaonline.dk/bestil/ev5/;520;nej;217;81,4;forhjul;566;
2026-10-09;kia-ev5-upgrade-long-range-217-hk-10000-48;Kia;EV5;Upgrade Long Range 217 hk;suv;el;10000;48;3195;59995;1250;214605;4471;349999;15,3;46,0;61,3;C;nej;importoer;Kia;;automatisk;2026-07-19;2026-10-09;;https://kiaonline.dk/bestil/ev5/;520;nej;217;81,4;forhjul;566;
2026-10-09;kia-ev5-prestige-217-hk-10000-48;Kia;EV5;Prestige 217 hk;suv;el;10000;48;3995;29995;0;221755;4620;339999;16,3;48,9;65,2;C;nej;importoer;Kia;;automatisk;2026-07-19;2026-10-09;;https://kiaonline.dk/bestil/ev5/;530;nej;217;81,4;forhjul;566;
2026-10-09;kia-ev5-prestige-long-range-217-hk-10000-48;Kia;EV5;Prestige Long Range 217 hk;suv;el;10000;48;3995;29995;1250;223005;4646;339999;16,4;49,2;65,6;C;nej;importoer;Kia;;automatisk;2026-07-19;2026-10-09;;https://kiaonline.dk/bestil/ev5/;530;nej;217;81,4;forhjul;566;
2026-10-09;kia-ev5-upgrade-217-hk-10000-48;Kia;EV5;Upgrade 217 hk;suv;el;10000;48;4195;29995;0;231355;4820;349999;16,5;49,6;66,1;C;nej;importoer;Kia;;automatisk;2026-07-19;2026-10-09;;https://kiaonline.dk/bestil/ev5/;520;nej;217;81,4;forhjul;566;
2026-10-09;kia-ev5-gt-line-217-hk-udb-59-995-10000-48;Kia;EV5;GT-Line 217 hk · udb 59.995;suv;el;10000;48;3595;59995;0;232555;4845;369999;15,7;47,1;62,9;C;nej;importoer;Kia;;automatisk;2026-09-28;2026-10-09;;https://kiaonline.dk/bestil/ev5/;505;nej;217;81,4;forhjul;566;
2026-10-09;kia-ev5-upgrade-long-range-217-hk-udb-29-995-10000-48;Kia;EV5;Upgrade Long Range 217 hk · udb 29.995;suv;el;10000;48;4195;29995;1250;232605;4846;349999;16,6;49,8;66,5;C;nej;importoer;Kia;;automatisk;2026-09-28;2026-10-09;;https://kiaonline.dk/bestil/ev5/;520;nej;217;81,4;forhjul;566;
2026-10-09;kia-ev5-gt-line-long-range-217-hk-10000-48;Kia;EV5;GT-Line Long Range 217 hk;suv;el;10000;48;3595;59995;1250;233805;4871;369999;15,8;47,4;63,2;C;nej;importoer;Kia;;automatisk;2026-07-19;2026-10-09;;https://kiaonline.dk/bestil/ev5/;505;nej;217;81,4;forhjul;566;
2026-10-09;kia-ev5-gt-line-217-hk-10000-48;Kia;EV5;GT-Line 217 hk;suv;el;10000;48;4595;29995;0;250555;5220;369999;16,9;50,8;67,7;C;nej;importoer;Kia;;automatisk;2026-07-19;2026-10-09;;https://kiaonline.dk/bestil/ev5/;505;nej;217;81,4;forhjul;566;
2026-10-09;kia-ev5-gt-line-long-range-217-hk-udb-29-995-10000-48;Kia;EV5;GT-Line Long Range 217 hk · udb 29.995;suv;el;10000;48;4595;29995;1250;251805;5246;369999;17,0;51,0;68,1;C;nej;importoer;Kia;;automatisk;2026-09-28;2026-10-09;;https://kiaonline.dk/bestil/ev5/;505;nej;217;81,4;forhjul;566;
2026-10-09;kia-ev5-upgrade-217-hk-15000-48;Kia;EV5;Upgrade 217 hk;suv;el;15000;48;3495;59995;0;227755;4745;349999;16,3;48,8;65,1;C;nej;importoer;Kia;;automatisk;2026-07-19;2026-10-09;;https://kiaonline.dk/bestil/ev5/;520;nej;217;81,4;forhjul;566;
2026-10-09;kia-ev5-upgrade-long-range-217-hk-15000-48;Kia;EV5;Upgrade Long Range 217 hk;suv;el;15000;48;3495;59995;1250;229005;4771;349999;16,4;49,1;65,4;C;nej;importoer;Kia;;automatisk;2026-07-19;2026-10-09;;https://kiaonline.dk/bestil/ev5/;520;nej;217;81,4;forhjul;566;
2026-10-09;kia-ev5-prestige-217-hk-15000-48;Kia;EV5;Prestige 217 hk;suv;el;15000;48;4295;29995;0;236155;4920;339999;17,4;52,1;69,5;C;nej;importoer;Kia;;automatisk;2026-07-19;2026-10-09;;https://kiaonline.dk/bestil/ev5/;530;nej;217;81,4;forhjul;566;
2026-10-09;kia-ev5-prestige-long-range-217-hk-15000-48;Kia;EV5;Prestige Long Range 217 hk;suv;el;15000;48;4295;29995;1250;237405;4946;339999;17,5;52,4;69,8;C;nej;importoer;Kia;;automatisk;2026-07-19;2026-10-09;;https://kiaonline.dk/bestil/ev5/;530;nej;217;81,4;forhjul;566;
2026-10-09;kia-ev5-upgrade-217-hk-udb-29-995-15000-48;Kia;EV5;Upgrade 217 hk · udb 29.995;suv;el;15000;48;4495;29995;0;245755;5120;349999;17,6;52,7;70,2;C;nej;importoer;Kia;;automatisk;2026-09-28;2026-10-09;;https://kiaonline.dk/bestil/ev5/;520;nej;217;81,4;forhjul;566;
2026-10-09;kia-ev5-gt-line-217-hk-15000-48;Kia;EV5;GT-Line 217 hk;suv;el;15000;48;3895;59995;0;246955;5145;369999;16,7;50,1;66,7;C;nej;importoer;Kia;;automatisk;2026-07-19;2026-10-09;;https://kiaonline.dk/bestil/ev5/;505;nej;217;81,4;forhjul;566;
2026-10-09;kia-ev5-upgrade-long-range-217-hk-udb-29-995-15000-48;Kia;EV5;Upgrade Long Range 217 hk · udb 29.995;suv;el;15000;48;4495;29995;1250;247005;5146;349999;17,6;52,9;70,6;C;nej;importoer;Kia;;automatisk;2026-09-28;2026-10-09;;https://kiaonline.dk/bestil/ev5/;520;nej;217;81,4;forhjul;566;
2026-10-09;kia-ev5-gt-line-long-range-217-hk-udb-59-995-15000-48;Kia;EV5;GT-Line Long Range 217 hk · udb 59.995;suv;el;15000;48;3895;59995;1250;248205;5171;369999;16,8;50,3;67,1;C;nej;importoer;Kia;;automatisk;2026-09-28;2026-10-09;;https://kiaonline.dk/bestil/ev5/;505;nej;217;81,4;forhjul;566;
2026-10-09;kia-ev5-gt-line-217-hk-udb-29-995-15000-48;Kia;EV5;GT-Line 217 hk · udb 29.995;suv;el;15000;48;4895;29995;0;264955;5520;369999;17,9;53,7;71,6;C;nej;importoer;Kia;;automatisk;2026-09-28;2026-10-09;;https://kiaonline.dk/bestil/ev5/;505;nej;217;81,4;forhjul;566;
2026-10-09;kia-ev5-gt-line-long-range-217-hk-15000-48;Kia;EV5;GT-Line Long Range 217 hk;suv;el;15000;48;4895;29995;1250;266205;5546;369999;18,0;54,0;71,9;D;nej;importoer;Kia;;automatisk;2026-07-19;2026-10-09;;https://kiaonline.dk/bestil/ev5/;505;nej;217;81,4;forhjul;566;
2026-10-09;kia-ev5-upgrade-217-hk-udb-59-995-20000-48;Kia;EV5;Upgrade 217 hk · udb 59.995;suv;el;20000;48;3795;59995;0;242155;5045;349999;17,3;51,9;69,2;C;nej;importoer;Kia;;automatisk;2026-09-28;2026-10-09;;https://kiaonline.dk/bestil/ev5/;520;nej;217;81,4;forhjul;566;
2026-10-09;kia-ev5-upgrade-long-range-217-hk-20000-48;Kia;EV5;Upgrade Long Range 217 hk;suv;el;20000;48;3795;59995;1250;243405;5071;349999;17,4;52,2;69,5;C;nej;importoer;Kia;;automatisk;2026-07-19;2026-10-09;;https://kiaonline.dk/bestil/ev5/;520;nej;217;81,4;forhjul;566;
2026-10-09;kia-ev5-prestige-217-hk-20000-48;Kia;EV5;Prestige 217 hk;suv;el;20000;48;4595;29995;0;250555;5220;339999;18,4;55,3;73,7;D;nej;importoer;Kia;;automatisk;2026-07-19;2026-10-09;;https://kiaonline.dk/bestil/ev5/;530;nej;217;81,4;forhjul;566;
2026-10-09;kia-ev5-prestige-long-range-217-hk-20000-48;Kia;EV5;Prestige Long Range 217 hk;suv;el;20000;48;4595;29995;1250;251805;5246;339999;18,5;55,5;74,1;D;nej;importoer;Kia;;automatisk;2026-07-19;2026-10-09;;https://kiaonline.dk/bestil/ev5/;530;nej;217;81,4;forhjul;566;
2026-10-09;kia-ev5-upgrade-217-hk-20000-48;Kia;EV5;Upgrade 217 hk;suv;el;20000;48;4795;29995;0;260155;5420;349999;18,6;55,7;74,3;D;nej;importoer;Kia;;automatisk;2026-07-19;2026-10-09;;https://kiaonline.dk/bestil/ev5/;520;nej;217;81,4;forhjul;566;
2026-10-09;kia-ev5-gt-line-217-hk-20000-48;Kia;EV5;GT-Line 217 hk;suv;el;20000;48;4195;59995;0;261355;5445;369999;17,7;53,0;70,6;C;nej;importoer;Kia;;automatisk;2026-07-19;2026-10-09;;https://kiaonline.dk/bestil/ev5/;505;nej;217;81,4;forhjul;566;
2026-10-09;kia-ev5-upgrade-long-range-217-hk-udb-29-995-20000-48;Kia;EV5;Upgrade Long Range 217 hk · udb 29.995;suv;el;20000;48;4795;29995;1250;261405;5446;349999;18,7;56,0;74,7;D;nej;importoer;Kia;;automatisk;2026-09-28;2026-10-09;;https://kiaonline.dk/bestil/ev5/;520;nej;217;81,4;forhjul;566;
2026-10-09;kia-ev5-gt-line-long-range-217-hk-20000-48;Kia;EV5;GT-Line Long Range 217 hk;suv;el;20000;48;4195;59995;1250;262605;5471;369999;17,7;53,2;71,0;C;nej;importoer;Kia;;automatisk;2026-07-19;2026-10-09;;https://kiaonline.dk/bestil/ev5/;505;nej;217;81,4;forhjul;566;
2026-10-09;kia-ev5-gt-line-217-hk-udb-29-995-20000-48;Kia;EV5;GT-Line 217 hk · udb 29.995;suv;el;20000;48;5195;29995;0;279355;5820;369999;18,9;56,6;75,5;D;nej;importoer;Kia;;automatisk;2026-09-28;2026-10-09;;https://kiaonline.dk/bestil/ev5/;505;nej;217;81,4;forhjul;566;
2026-10-09;kia-ev5-gt-line-long-range-217-hk-udb-29-995-20000-48;Kia;EV5;GT-Line Long Range 217 hk · udb 29.995;suv;el;20000;48;5195;29995;1250;280605;5846;369999;19,0;56,9;75,8;D;nej;importoer;Kia;;automatisk;2026-09-28;2026-10-09;;https://kiaonline.dk/bestil/ev5/;505;nej;217;81,4;forhjul;566;
2026-10-09;kia-ev5-upgrade-217-hk-udb-59-995-25000-48;Kia;EV5;Upgrade 217 hk · udb 59.995;suv;el;25000;48;4095;59995;0;256555;5345;349999;18,3;55,0;73,3;D;nej;importoer;Kia;;automatisk;2026-09-28;2026-10-09;;https://kiaonline.dk/bestil/ev5/;520;nej;217;81,4;forhjul;566;
2026-10-09;kia-ev5-upgrade-long-range-217-hk-udb-59-995-25000-48;Kia;EV5;Upgrade Long Range 217 hk · udb 59.995;suv;el;25000;48;4095;59995;1250;257805;5371;349999;18,4;55,2;73,7;D;nej;importoer;Kia;;automatisk;2026-09-28;2026-10-09;;https://kiaonline.dk/bestil/ev5/;520;nej;217;81,4;forhjul;566;
2026-10-09;kia-ev5-prestige-217-hk-25000-48;Kia;EV5;Prestige 217 hk;suv;el;25000;48;4895;29995;0;264955;5520;339999;19,5;58,4;77,9;D;nej;importoer;Kia;;automatisk;2026-07-19;2026-10-09;;https://kiaonline.dk/bestil/ev5/;530;nej;217;81,4;forhjul;566;
2026-10-09;kia-ev5-prestige-long-range-217-hk-25000-48;Kia;EV5;Prestige Long Range 217 hk;suv;el;25000;48;4895;29995;1250;266205;5546;339999;19,6;58,7;78,3;D;nej;importoer;Kia;;automatisk;2026-07-19;2026-10-09;;https://kiaonline.dk/bestil/ev5/;530;nej;217;81,4;forhjul;566;
2026-10-09;kia-ev5-upgrade-217-hk-25000-48;Kia;EV5;Upgrade 217 hk;suv;el;25000;48;5095;29995;0;274555;5720;349999;19,6;58,8;78,4;D;nej;importoer;Kia;;automatisk;2026-07-19;2026-10-09;;https://kiaonline.dk/bestil/ev5/;520;nej;217;81,4;forhjul;566;
2026-10-09;kia-ev5-gt-line-217-hk-25000-48;Kia;EV5;GT-Line 217 hk;suv;el;25000;48;4495;59995;0;275755;5745;369999;18,6;55,9;74,5;D;nej;importoer;Kia;;automatisk;2026-07-19;2026-10-09;;https://kiaonline.dk/bestil/ev5/;505;nej;217;81,4;forhjul;566;
2026-10-09;kia-ev5-upgrade-long-range-217-hk-25000-48;Kia;EV5;Upgrade Long Range 217 hk;suv;el;25000;48;5095;29995;1250;275805;5746;349999;19,7;59,1;78,8;D;nej;importoer;Kia;;automatisk;2026-07-19;2026-10-09;;https://kiaonline.dk/bestil/ev5/;520;nej;217;81,4;forhjul;566;
2026-10-09;kia-ev5-gt-line-long-range-217-hk-udb-59-995-25000-48;Kia;EV5;GT-Line Long Range 217 hk · udb 59.995;suv;el;25000;48;4495;59995;1250;277005;5771;369999;18,7;56,2;74,9;D;nej;importoer;Kia;;automatisk;2026-09-28;2026-10-09;;https://kiaonline.dk/bestil/ev5/;505;nej;217;81,4;forhjul;566;
2026-10-09;kia-ev5-gt-line-217-hk-udb-29-995-25000-48;Kia;EV5;GT-Line 217 hk · udb 29.995;suv;el;25000;48;5495;29995;0;293755;6120;369999;19,8;59,5;79,4;D;nej;importoer;Kia;;automatisk;2026-09-28;2026-10-09;;https://kiaonline.dk/bestil/ev5/;505;nej;217;81,4;forhjul;566;
2026-10-09;kia-ev5-gt-line-long-range-217-hk-25000-48;Kia;EV5;GT-Line Long Range 217 hk;suv;el;25000;48;5495;29995;1250;295005;6146;369999;19,9;59,8;79,7;D;nej;importoer;Kia;;automatisk;2026-07-19;2026-10-09;;https://kiaonline.dk/bestil/ev5/;505;nej;217;81,4;forhjul;566;
2026-10-09;kia-ev5-upgrade-217-hk-30000-48;Kia;EV5;Upgrade 217 hk;suv;el;30000;48;4395;59995;0;270955;5645;349999;19,4;58,1;77,4;D;nej;importoer;Kia;;automatisk;2026-07-19;2026-10-09;;https://kiaonline.dk/bestil/ev5/;520;nej;217;81,4;forhjul;566;
2026-10-09;kia-ev5-upgrade-long-range-217-hk-udb-59-995-30000-48;Kia;EV5;Upgrade Long Range 217 hk · udb 59.995;suv;el;30000;48;4395;59995;1250;272205;5671;349999;19,4;58,3;77,8;D;nej;importoer;Kia;;automatisk;2026-09-28;2026-10-09;;https://kiaonline.dk/bestil/ev5/;520;nej;217;81,4;forhjul;566;
2026-10-09;kia-ev5-prestige-217-hk-30000-48;Kia;EV5;Prestige 217 hk;suv;el;30000;48;5195;29995;0;279355;5820;339999;20,5;61,6;82,2;E;nej;importoer;Kia;;automatisk;2026-07-19;2026-10-09;;https://kiaonline.dk/bestil/ev5/;530;nej;217;81,4;forhjul;566;
2026-10-09;kia-ev5-prestige-long-range-217-hk-30000-48;Kia;EV5;Prestige Long Range 217 hk;suv;el;30000;48;5195;29995;1250;280605;5846;339999;20,6;61,9;82,5;E;nej;importoer;Kia;;automatisk;2026-07-19;2026-10-09;;https://kiaonline.dk/bestil/ev5/;530;nej;217;81,4;forhjul;566;
2026-10-09;kia-ev5-upgrade-217-hk-udb-29-995-30000-48;Kia;EV5;Upgrade 217 hk · udb 29.995;suv;el;30000;48;5395;29995;0;288955;6020;349999;20,6;61,9;82,6;E;nej;importoer;Kia;;automatisk;2026-09-28;2026-10-09;;https://kiaonline.dk/bestil/ev5/;520;nej;217;81,4;forhjul;566;
2026-10-09;kia-ev5-gt-line-217-hk-udb-59-995-30000-48;Kia;EV5;GT-Line 217 hk · udb 59.995;suv;el;30000;48;4795;59995;0;290155;6045;369999;19,6;58,8;78,4;D;nej;importoer;Kia;;automatisk;2026-09-28;2026-10-09;;https://kiaonline.dk/bestil/ev5/;505;nej;217;81,4;forhjul;566;
2026-10-09;kia-ev5-upgrade-long-range-217-hk-30000-48;Kia;EV5;Upgrade Long Range 217 hk;suv;el;30000;48;5395;29995;1250;290205;6046;349999;20,7;62,2;82,9;E;nej;importoer;Kia;;automatisk;2026-07-19;2026-10-09;;https://kiaonline.dk/bestil/ev5/;520;nej;217;81,4;forhjul;566;
2026-10-09;kia-ev5-gt-line-long-range-217-hk-udb-59-995-30000-48;Kia;EV5;GT-Line Long Range 217 hk · udb 59.995;suv;el;30000;48;4795;59995;1250;291405;6071;369999;19,7;59,1;78,8;D;nej;importoer;Kia;;automatisk;2026-09-28;2026-10-09;;https://kiaonline.dk/bestil/ev5/;505;nej;217;81,4;forhjul;566;
2026-10-09;kia-ev5-gt-line-217-hk-30000-48;Kia;EV5;GT-Line 217 hk;suv;el;30000;48;5795;29995;0;308155;6420;369999;20,8;62,5;83,3;E;nej;importoer;Kia;;automatisk;2026-07-19;2026-10-09;;https://kiaonline.dk/bestil/ev5/;505;nej;217;81,4;forhjul;566;
2026-10-09;kia-ev5-gt-line-long-range-217-hk-30000-48;Kia;EV5;GT-Line Long Range 217 hk;suv;el;30000;48;5795;29995;1250;309405;6446;369999;20,9;62,7;83,6;E;nej;importoer;Kia;;automatisk;2026-07-19;2026-10-09;;https://kiaonline.dk/bestil/ev5/;505;nej;217;81,4;forhjul;566;
2026-10-09;kia-ev6-prestige-long-range-229-hk-10000-48;Kia;EV6;Prestige Long Range 229 hk;suv;el;10000;48;1995;59995;0;155755;3245;334999;11,6;34,9;46,5;A;nej;importoer;Kia;;automatisk;2026-07-19;2026-10-09;;https://kiaonline.dk/bestil/ev6/;582;nej;229;84,0;baghjul;520;
2026-10-09;kia-ev6-prestige-long-range-229-hk-udb-29-995-10000-48;Kia;EV6;Prestige Long Range 229 hk · udb 29.995;suv;el;10000;48;2995;29995;0;173755;3620;334999;13,0;38,9;51,9;B;nej;importoer;Kia;;automatisk;2026-09-28;2026-10-09;;https://kiaonline.dk/bestil/ev6/;582;nej;229;84,0;baghjul;520;
2026-10-09;kia-ev6-upgrade-long-range-229-hk-udb-59-995-10000-48;Kia;EV6;Upgrade Long Range 229 hk · udb 59.995;suv;el;10000;48;2795;59995;0;194155;4045;354999;13,7;41,0;54,7;B;nej;importoer;Kia;;automatisk;2026-09-28;2026-10-09;;https://kiaonline.dk/bestil/ev6/;582;nej;229;84,0;baghjul;520;
2026-10-09;kia-ev6-upgrade-long-range-performance-325-hk-udb-59-995-10000-48;Kia;EV6;Upgrade Long Range Performance 325 hk · udb 59.995;suv;el;10000;48;2895;59995;0;198955;4145;379999;13,1;39,3;52,4;B;nej;importoer;Kia;;automatisk;2026-09-28;2026-10-09;;https://kiaonline.dk/bestil/ev6/;546;nej;325;84,0;4wd;520;
2026-10-09;kia-ev6-gt-line-long-range-performance-325-hk-udb-59-995-10000-48;Kia;EV6;GT-Line Long Range Performance 325 hk · udb 59.995;suv;el;10000;48;3095;59995;0;208555;4345;414999;12,6;37,7;50,3;B;nej;importoer;Kia;;automatisk;2026-09-28;2026-10-09;;https://kiaonline.dk/bestil/ev6/;522;nej;325;84,0;4wd;520;
2026-10-09;kia-ev6-gt-line-long-range-performance-325-hk-10000-48;Kia;EV6;GT-Line Long Range Performance 325 hk;suv;el;10000;48;3995;29995;0;221755;4620;414999;13,4;40,1;53,4;B;nej;importoer;Kia;;automatisk;2026-07-19;2026-10-09;;https://kiaonline.dk/bestil/ev6/;522;nej;325;84,0;4wd;520;
2026-10-09;kia-ev6-upgrade-long-range-229-hk-10000-48;Kia;EV6;Upgrade Long Range 229 hk;suv;el;10000;48;3995;29995;0;221755;4620;354999;15,6;46,9;62,5;C;nej;importoer;Kia;;automatisk;2026-07-19;2026-10-09;;https://kiaonline.dk/bestil/ev6/;582;nej;229;84,0;baghjul;520;
2026-10-09;kia-ev6-upgrade-long-range-performance-325-hk-10000-48;Kia;EV6;Upgrade Long Range Performance 325 hk;suv;el;10000;48;4095;29995;0;226555;4720;379999;14,9;44,7;59,6;B;nej;importoer;Kia;;automatisk;2026-07-19;2026-10-09;;https://kiaonline.dk/bestil/ev6/;546;nej;325;84,0;4wd;520;
2026-10-09;kia-ev6-gt-long-range-performance-650-hk-10000-48;Kia;EV6;GT Long Range Performance 650 hk;suv;el;10000;48;3595;59995;0;232555;4845;474999;12,2;36,7;49,0;B;nej;importoer;Kia;;automatisk;2026-08-11;2026-10-09;;https://kiaonline.dk/bestil/ev6/;450;nej;650;84,0;4wd;480;
2026-10-09;kia-ev6-gt-long-range-performance-650-hk-udb-29-995-10000-48;Kia;EV6;GT Long Range Performance 650 hk · udb 29.995;suv;el;10000;48;4695;29995;0;255355;5320;474999;13,4;40,3;53,8;B;nej;importoer;Kia;;automatisk;2026-09-28;2026-10-09;;https://kiaonline.dk/bestil/ev6/;450;nej;650;84,0;4wd;480;
2026-10-09;kia-ev6-prestige-long-range-229-hk-15000-48;Kia;EV6;Prestige Long Range 229 hk;suv;el;15000;48;2295;59995;0;170155;3545;334999;12,7;38,1;50,8;B;nej;importoer;Kia;;automatisk;2026-07-19;2026-10-09;;https://kiaonline.dk/bestil/ev6/;582;nej;229;84,0;baghjul;520;
2026-10-09;kia-ev6-prestige-long-range-229-hk-udb-29-995-15000-48;Kia;EV6;Prestige Long Range 229 hk · udb 29.995;suv;el;15000;48;3295;29995;0;188155;3920;334999;14,0;42,1;56,2;B;nej;importoer;Kia;;automatisk;2026-09-28;2026-10-09;;https://kiaonline.dk/bestil/ev6/;582;nej;229;84,0;baghjul;520;
2026-10-09;kia-ev6-upgrade-long-range-229-hk-15000-48;Kia;EV6;Upgrade Long Range 229 hk;suv;el;15000;48;3095;59995;0;208555;4345;354999;14,7;44,1;58,7;B;nej;importoer;Kia;;automatisk;2026-07-19;2026-10-09;;https://kiaonline.dk/bestil/ev6/;582;nej;229;84,0;baghjul;520;
2026-10-09;kia-ev6-upgrade-long-range-performance-325-hk-15000-48;Kia;EV6;Upgrade Long Range Performance 325 hk;suv;el;15000;48;3195;59995;0;213355;4445;379999;14,0;42,1;56,1;B;nej;importoer;Kia;;automatisk;2026-07-19;2026-10-09;;https://kiaonline.dk/bestil/ev6/;546;nej;325;84,0;4wd;520;
2026-10-09;kia-ev6-gt-line-long-range-performance-325-hk-15000-48;Kia;EV6;GT-Line Long Range Performance 325 hk;suv;el;15000;48;3395;59995;0;222955;4645;414999;13,4;40,3;53,7;B;nej;importoer;Kia;;automatisk;2026-07-19;2026-10-09;;https://kiaonline.dk/bestil/ev6/;522;nej;325;84,0;4wd;520;
2026-10-09;kia-ev6-gt-line-long-range-performance-325-hk-udb-29-995-15000-48;Kia;EV6;GT-Line Long Range Performance 325 hk · udb 29.995;suv;el;15000;48;4295;29995;0;236155;4920;414999;14,2;42,7;56,9;B;nej;importoer;Kia;;automatisk;2026-09-28;2026-10-09;;https://kiaonline.dk/bestil/ev6/;522;nej;325;84,0;4wd;520;
2026-10-09;kia-ev6-upgrade-long-range-229-hk-udb-29-995-15000-48;Kia;EV6;Upgrade Long Range 229 hk · udb 29.995;suv;el;15000;48;4295;29995;0;236155;4920;354999;16,6;49,9;66,5;C;nej;importoer;Kia;;automatisk;2026-09-28;2026-10-09;;https://kiaonline.dk/bestil/ev6/;582;nej;229;84,0;baghjul;520;
2026-10-09;kia-ev6-upgrade-long-range-performance-325-hk-udb-29-995-15000-48;Kia;EV6;Upgrade Long Range Performance 325 hk · udb 29.995;suv;el;15000;48;4395;29995;0;240955;5020;379999;15,9;47,6;63,4;C;nej;importoer;Kia;;automatisk;2026-09-28;2026-10-09;;https://kiaonline.dk/bestil/ev6/;546;nej;325;84,0;4wd;520;
2026-10-09;kia-ev6-gt-long-range-performance-650-hk-15000-48;Kia;EV6;GT Long Range Performance 650 hk;suv;el;15000;48;3895;59995;0;246955;5145;474999;13,0;39,0;52,0;B;nej;importoer;Kia;;automatisk;2026-08-11;2026-10-09;;https://kiaonline.dk/bestil/ev6/;450;nej;650;84,0;4wd;480;
2026-10-09;kia-ev6-gt-long-range-performance-650-hk-udb-29-995-15000-48;Kia;EV6;GT Long Range Performance 650 hk · udb 29.995;suv;el;15000;48;4995;29995;0;269755;5620;474999;14,2;42,6;56,8;B;nej;importoer;Kia;;automatisk;2026-09-28;2026-10-09;;https://kiaonline.dk/bestil/ev6/;450;nej;650;84,0;4wd;480;
2026-10-09;kia-ev6-prestige-long-range-229-hk-20000-48;Kia;EV6;Prestige Long Range 229 hk;suv;el;20000;48;2595;59995;0;184555;3845;334999;13,8;41,3;55,1;B;nej;importoer;Kia;;automatisk;2026-07-19;2026-10-09;;https://kiaonline.dk/bestil/ev6/;582;nej;229;84,0;baghjul;520;
2026-10-09;kia-ev6-prestige-long-range-229-hk-udb-29-995-20000-48;Kia;EV6;Prestige Long Range 229 hk · udb 29.995;suv;el;20000;48;3595;29995;0;202555;4220;334999;15,1;45,3;60,5;C;nej;importoer;Kia;;automatisk;2026-09-28;2026-10-09;;https://kiaonline.dk/bestil/ev6/;582;nej;229;84,0;baghjul;520;
2026-10-09;kia-ev6-upgrade-long-range-229-hk-udb-59-995-20000-48;Kia;EV6;Upgrade Long Range 229 hk · udb 59.995;suv;el;20000;48;3395;59995;0;222955;4645;354999;15,7;47,1;62,8;C;nej;importoer;Kia;;automatisk;2026-09-28;2026-10-09;;https://kiaonline.dk/bestil/ev6/;582;nej;229;84,0;baghjul;520;
2026-10-09;kia-ev6-upgrade-long-range-performance-325-hk-20000-48;Kia;EV6;Upgrade Long Range Performance 325 hk;suv;el;20000;48;3495;59995;0;227755;4745;379999;15,0;45,0;59,9;C;nej;importoer;Kia;;automatisk;2026-07-19;2026-10-09;;https://kiaonline.dk/bestil/ev6/;546;nej;325;84,0;4wd;520;
2026-10-09;kia-ev6-gt-line-long-range-performance-325-hk-udb-59-995-20000-48;Kia;EV6;GT-Line Long Range Performance 325 hk · udb 59.995;suv;el;20000;48;3695;59995;0;237355;4945;414999;14,3;42,9;57,2;B;nej;importoer;Kia;;automatisk;2026-09-28;2026-10-09;;https://kiaonline.dk/bestil/ev6/;522;nej;325;84,0;4wd;520;
2026-10-09;kia-ev6-gt-line-long-range-performance-325-hk-20000-48;Kia;EV6;GT-Line Long Range Performance 325 hk;suv;el;20000;48;4595;29995;0;250555;5220;414999;15,1;45,3;60,4;C;nej;importoer;Kia;;automatisk;2026-07-19;2026-10-09;;https://kiaonline.dk/bestil/ev6/;522;nej;325;84,0;4wd;520;
2026-10-09;kia-ev6-upgrade-long-range-229-hk-20000-48;Kia;EV6;Upgrade Long Range 229 hk;suv;el;20000;48;4595;29995;0;250555;5220;354999;17,6;52,9;70,6;C;nej;importoer;Kia;;automatisk;2026-07-19;2026-10-09;;https://kiaonline.dk/bestil/ev6/;582;nej;229;84,0;baghjul;520;
2026-10-09;kia-ev6-upgrade-long-range-performance-325-hk-udb-29-995-20000-48;Kia;EV6;Upgrade Long Range Performance 325 hk · udb 29.995;suv;el;20000;48;4695;29995;0;255355;5320;379999;16,8;50,4;67,2;C;nej;importoer;Kia;;automatisk;2026-09-28;2026-10-09;;https://kiaonline.dk/bestil/ev6/;546;nej;325;84,0;4wd;520;
2026-10-09;kia-ev6-gt-long-range-performance-650-hk-udb-59-995-20000-48;Kia;EV6;GT Long Range Performance 650 hk · udb 59.995;suv;el;20000;48;4195;59995;0;261355;5445;474999;13,8;41,3;55,0;B;nej;importoer;Kia;;automatisk;2026-09-28;2026-10-09;;https://kiaonline.dk/bestil/ev6/;450;nej;650;84,0;4wd;480;
2026-10-09;kia-ev6-gt-long-range-performance-650-hk-20000-48;Kia;EV6;GT Long Range Performance 650 hk;suv;el;20000;48;5295;29995;0;284155;5920;474999;15,0;44,9;59,8;C;nej;importoer;Kia;;automatisk;2026-08-11;2026-10-09;;https://kiaonline.dk/bestil/ev6/;450;nej;650;84,0;4wd;480;
2026-10-09;kia-ev6-prestige-long-range-229-hk-udb-59-995-25000-48;Kia;EV6;Prestige Long Range 229 hk · udb 59.995;suv;el;25000;48;2895;59995;0;198955;4145;334999;14,8;44,5;59,4;B;nej;importoer;Kia;;automatisk;2026-09-28;2026-10-09;;https://kiaonline.dk/bestil/ev6/;582;nej;229;84,0;baghjul;520;
2026-10-09;kia-ev6-prestige-long-range-229-hk-25000-48;Kia;EV6;Prestige Long Range 229 hk;suv;el;25000;48;3895;29995;0;216955;4520;334999;16,2;48,6;64,8;C;nej;importoer;Kia;;automatisk;2026-07-19;2026-10-09;;https://kiaonline.dk/bestil/ev6/;582;nej;229;84,0;baghjul;520;
2026-10-09;kia-ev6-upgrade-long-range-229-hk-25000-48;Kia;EV6;Upgrade Long Range 229 hk;suv;el;25000;48;3695;59995;0;237355;4945;354999;16,7;50,1;66,9;C;nej;importoer;Kia;;automatisk;2026-07-19;2026-10-09;;https://kiaonline.dk/bestil/ev6/;582;nej;229;84,0;baghjul;520;
2026-10-09;kia-ev6-upgrade-long-range-performance-325-hk-udb-59-995-25000-48;Kia;EV6;Upgrade Long Range Performance 325 hk · udb 59.995;suv;el;25000;48;3795;59995;0;242155;5045;379999;15,9;47,8;63,7;C;nej;importoer;Kia;;automatisk;2026-09-28;2026-10-09;;https://kiaonline.dk/bestil/ev6/;546;nej;325;84,0;4wd;520;
2026-10-09;kia-ev6-gt-line-long-range-performance-325-hk-25000-48;Kia;EV6;GT-Line Long Range Performance 325 hk;suv;el;25000;48;3995;59995;0;251755;5245;414999;15,2;45,5;60,7;C;nej;importoer;Kia;;automatisk;2026-07-19;2026-10-09;;https://kiaonline.dk/bestil/ev6/;522;nej;325;84,0;4wd;520;
2026-10-09;kia-ev6-gt-line-long-range-performance-325-hk-udb-29-995-25000-48;Kia;EV6;GT-Line Long Range Performance 325 hk · udb 29.995;suv;el;25000;48;4895;29995;0;264955;5520;414999;16,0;47,9;63,8;C;nej;importoer;Kia;;automatisk;2026-09-28;2026-10-09;;https://kiaonline.dk/bestil/ev6/;522;nej;325;84,0;4wd;520;
2026-10-09;kia-ev6-upgrade-long-range-229-hk-udb-29-995-25000-48;Kia;EV6;Upgrade Long Range 229 hk · udb 29.995;suv;el;25000;48;4895;29995;0;264955;5520;354999;18,7;56,0;74,6;D;nej;importoer;Kia;;automatisk;2026-09-28;2026-10-09;;https://kiaonline.dk/bestil/ev6/;582;nej;229;84,0;baghjul;520;
2026-10-09;kia-ev6-upgrade-long-range-performance-325-hk-25000-48;Kia;EV6;Upgrade Long Range Performance 325 hk;suv;el;25000;48;4995;29995;0;269755;5620;379999;17,7;53,2;71,0;C;nej;importoer;Kia;;automatisk;2026-07-19;2026-10-09;;https://kiaonline.dk/bestil/ev6/;546;nej;325;84,0;4wd;520;
2026-10-09;kia-ev6-gt-long-range-performance-650-hk-25000-48;Kia;EV6;GT Long Range Performance 650 hk;suv;el;25000;48;4495;59995;0;275755;5745;474999;14,5;43,5;58,1;B;nej;importoer;Kia;;automatisk;2026-08-11;2026-10-09;;https://kiaonline.dk/bestil/ev6/;450;nej;650;84,0;4wd;480;
2026-10-09;kia-ev6-gt-long-range-performance-650-hk-udb-29-995-25000-48;Kia;EV6;GT Long Range Performance 650 hk · udb 29.995;suv;el;25000;48;5595;29995;0;298555;6220;474999;15,7;47,1;62,9;C;nej;importoer;Kia;;automatisk;2026-09-28;2026-10-09;;https://kiaonline.dk/bestil/ev6/;450;nej;650;84,0;4wd;480;
2026-10-09;kia-ev6-prestige-long-range-229-hk-30000-48;Kia;EV6;Prestige Long Range 229 hk;suv;el;30000;48;3195;59995;0;213355;4445;334999;15,9;47,8;63,7;C;nej;importoer;Kia;;automatisk;2026-07-19;2026-10-09;;https://kiaonline.dk/bestil/ev6/;582;nej;229;84,0;baghjul;520;
2026-10-09;kia-ev6-prestige-long-range-229-hk-udb-29-995-30000-48;Kia;EV6;Prestige Long Range 229 hk · udb 29.995;suv;el;30000;48;4195;29995;0;231355;4820;334999;17,3;51,8;69,1;C;nej;importoer;Kia;;automatisk;2026-09-28;2026-10-09;;https://kiaonline.dk/bestil/ev6/;582;nej;229;84,0;baghjul;520;
2026-10-09;kia-ev6-upgrade-long-range-229-hk-30000-48;Kia;EV6;Upgrade Long Range 229 hk;suv;el;30000;48;3995;59995;0;251755;5245;354999;17,7;53,2;70,9;C;nej;importoer;Kia;;automatisk;2026-07-19;2026-10-09;;https://kiaonline.dk/bestil/ev6/;582;nej;229;84,0;baghjul;520;
2026-10-09;kia-ev6-upgrade-long-range-performance-325-hk-udb-59-995-30000-48;Kia;EV6;Upgrade Long Range Performance 325 hk · udb 59.995;suv;el;30000;48;4095;59995;0;256555;5345;379999;16,9;50,6;67,5;C;nej;importoer;Kia;;automatisk;2026-09-28;2026-10-09;;https://kiaonline.dk/bestil/ev6/;546;nej;325;84,0;4wd;520;
2026-10-09;kia-ev6-gt-line-long-range-performance-325-hk-udb-59-995-30000-48;Kia;EV6;GT-Line Long Range Performance 325 hk · udb 59.995;suv;el;30000;48;4295;59995;0;266155;5545;414999;16,0;48,1;64,1;C;nej;importoer;Kia;;automatisk;2026-09-28;2026-10-09;;https://kiaonline.dk/bestil/ev6/;522;nej;325;84,0;4wd;520;
2026-10-09;kia-ev6-gt-line-long-range-performance-325-hk-30000-48;Kia;EV6;GT-Line Long Range Performance 325 hk;suv;el;30000;48;5195;29995;0;279355;5820;414999;16,8;50,5;67,3;C;nej;importoer;Kia;;automatisk;2026-07-19;2026-10-09;;https://kiaonline.dk/bestil/ev6/;522;nej;325;84,0;4wd;520;
2026-10-09;kia-ev6-upgrade-long-range-229-hk-udb-29-995-30000-48;Kia;EV6;Upgrade Long Range 229 hk · udb 29.995;suv;el;30000;48;5195;29995;0;279355;5820;354999;19,7;59,0;78,7;D;nej;importoer;Kia;;automatisk;2026-09-28;2026-10-09;;https://kiaonline.dk/bestil/ev6/;582;nej;229;84,0;baghjul;520;
2026-10-09;kia-ev6-upgrade-long-range-performance-325-hk-30000-48;Kia;EV6;Upgrade Long Range Performance 325 hk;suv;el;30000;48;5295;29995;0;284155;5920;379999;18,7;56,1;74,8;D;nej;importoer;Kia;;automatisk;2026-07-19;2026-10-09;;https://kiaonline.dk/bestil/ev6/;546;nej;325;84,0;4wd;520;
2026-10-09;kia-ev6-gt-long-range-performance-650-hk-udb-59-995-30000-48;Kia;EV6;GT Long Range Performance 650 hk · udb 59.995;suv;el;30000;48;4795;59995;0;290155;6045;474999;15,3;45,8;61,1;C;nej;importoer;Kia;;automatisk;2026-09-28;2026-10-09;;https://kiaonline.dk/bestil/ev6/;450;nej;650;84,0;4wd;480;
2026-10-09;kia-ev6-gt-long-range-performance-650-hk-30000-48;Kia;EV6;GT Long Range Performance 650 hk;suv;el;30000;48;5895;29995;0;312955;6520;474999;16,5;49,4;65,9;C;nej;importoer;Kia;;automatisk;2026-08-11;2026-10-09;;https://kiaonline.dk/bestil/ev6/;450;nej;650;84,0;4wd;480;
2026-10-09;kia-ev6-prestige-long-range-229-hk-udb-59-995-35000-48;Kia;EV6;Prestige Long Range 229 hk · udb 59.995;suv;el;35000;48;3495;59995;0;227755;4745;334999;17,0;51,0;68,0;C;nej;importoer;Kia;;automatisk;2026-09-28;2026-10-09;;https://kiaonline.dk/bestil/ev6/;582;nej;229;84,0;baghjul;520;
2026-10-09;kia-ev6-prestige-long-range-229-hk-35000-48;Kia;EV6;Prestige Long Range 229 hk;suv;el;35000;48;4495;29995;0;245755;5120;334999;18,3;55,0;73,4;D;nej;importoer;Kia;;automatisk;2026-07-19;2026-10-09;;https://kiaonline.dk/bestil/ev6/;582;nej;229;84,0;baghjul;520;
2026-10-09;kia-ev6-upgrade-long-range-229-hk-udb-59-995-35000-48;Kia;EV6;Upgrade Long Range 229 hk · udb 59.995;suv;el;35000;48;4295;59995;0;266155;5545;354999;18,7;56,2;75,0;D;nej;importoer;Kia;;automatisk;2026-09-28;2026-10-09;;https://kiaonline.dk/bestil/ev6/;582;nej;229;84,0;baghjul;520;
2026-10-09;kia-ev6-upgrade-long-range-performance-325-hk-udb-59-995-35000-48;Kia;EV6;Upgrade Long Range Performance 325 hk · udb 59.995;suv;el;35000;48;4395;59995;0;270955;5645;379999;17,8;53,5;71,3;C;nej;importoer;Kia;;automatisk;2026-09-28;2026-10-09;;https://kiaonline.dk/bestil/ev6/;546;nej;325;84,0;4wd;520;
2026-10-09;kia-ev6-gt-line-long-range-performance-325-hk-35000-48;Kia;EV6;GT-Line Long Range Performance 325 hk;suv;el;35000;48;4595;59995;0;280555;5845;414999;16,9;50,7;67,6;C;nej;importoer;Kia;;automatisk;2026-07-19;2026-10-09;;https://kiaonline.dk/bestil/ev6/;522;nej;325;84,0;4wd;520;
2026-10-09;kia-ev6-gt-line-long-range-performance-325-hk-udb-29-995-35000-48;Kia;EV6;GT-Line Long Range Performance 325 hk · udb 29.995;suv;el;35000;48;5495;29995;0;293755;6120;414999;17,7;53,1;70,8;C;nej;importoer;Kia;;automatisk;2026-09-28;2026-10-09;;https://kiaonline.dk/bestil/ev6/;522;nej;325;84,0;4wd;520;
2026-10-09;kia-ev6-upgrade-long-range-229-hk-35000-48;Kia;EV6;Upgrade Long Range 229 hk;suv;el;35000;48;5495;29995;0;293755;6120;354999;20,7;62,1;82,7;E;nej;importoer;Kia;;automatisk;2026-07-19;2026-10-09;;https://kiaonline.dk/bestil/ev6/;582;nej;229;84,0;baghjul;520;
2026-10-09;kia-ev6-upgrade-long-range-performance-325-hk-35000-48;Kia;EV6;Upgrade Long Range Performance 325 hk;suv;el;35000;48;5595;29995;0;298555;6220;379999;19,6;58,9;78,6;D;nej;importoer;Kia;;automatisk;2026-07-19;2026-10-09;;https://kiaonline.dk/bestil/ev6/;546;nej;325;84,0;4wd;520;
2026-10-09;kia-ev6-gt-long-range-performance-650-hk-udb-59-995-35000-48;Kia;EV6;GT Long Range Performance 650 hk · udb 59.995;suv;el;35000;48;5095;59995;0;304555;6345;474999;16,0;48,1;64,1;C;nej;importoer;Kia;;automatisk;2026-09-28;2026-10-09;;https://kiaonline.dk/bestil/ev6/;450;nej;650;84,0;4wd;480;
2026-10-09;kia-ev6-gt-long-range-performance-650-hk-35000-48;Kia;EV6;GT Long Range Performance 650 hk;suv;el;35000;48;6195;29995;0;327355;6820;474999;17,2;51,7;68,9;C;nej;importoer;Kia;;automatisk;2026-08-11;2026-10-09;;https://kiaonline.dk/bestil/ev6/;450;nej;650;84,0;4wd;480;
2026-10-09;kia-ev6-prestige-long-range-229-hk-udb-59-995-40000-48;Kia;EV6;Prestige Long Range 229 hk · udb 59.995;suv;el;40000;48;3795;59995;0;242155;5045;334999;18,1;54,2;72,3;D;nej;importoer;Kia;;automatisk;2026-09-28;2026-10-09;;https://kiaonline.dk/bestil/ev6/;582;nej;229;84,0;baghjul;520;
2026-10-09;kia-ev6-prestige-long-range-229-hk-40000-48;Kia;EV6;Prestige Long Range 229 hk;suv;el;40000;48;4795;29995;0;260155;5420;334999;19,4;58,2;77,7;D;nej;importoer;Kia;;automatisk;2026-07-19;2026-10-09;;https://kiaonline.dk/bestil/ev6/;582;nej;229;84,0;baghjul;520;
2026-10-09;kia-ev6-upgrade-long-range-229-hk-udb-59-995-40000-48;Kia;EV6;Upgrade Long Range 229 hk · udb 59.995;suv;el;40000;48;4595;59995;0;280555;5845;354999;19,8;59,3;79,0;D;nej;importoer;Kia;;automatisk;2026-09-28;2026-10-09;;https://kiaonline.dk/bestil/ev6/;582;nej;229;84,0;baghjul;520;
2026-10-09;kia-ev6-upgrade-long-range-performance-325-hk-40000-48;Kia;EV6;Upgrade Long Range Performance 325 hk;suv;el;40000;48;4695;59995;0;285355;5945;379999;18,8;56,3;75,1;D;nej;importoer;Kia;;automatisk;2026-07-19;2026-10-09;;https://kiaonline.dk/bestil/ev6/;546;nej;325;84,0;4wd;520;
2026-10-09;kia-ev6-gt-line-long-range-performance-325-hk-udb-59-995-40000-48;Kia;EV6;GT-Line Long Range Performance 325 hk · udb 59.995;suv;el;40000;48;4895;59995;0;294955;6145;414999;17,8;53,3;71,1;C;nej;importoer;Kia;;automatisk;2026-09-28;2026-10-09;;https://kiaonline.dk/bestil/ev6/;522;nej;325;84,0;4wd;520;
2026-10-09;kia-ev6-gt-line-long-range-performance-325-hk-40000-48;Kia;EV6;GT-Line Long Range Performance 325 hk;suv;el;40000;48;5795;29995;0;308155;6420;414999;18,6;55,7;74,3;D;nej;importoer;Kia;;automatisk;2026-07-19;2026-10-09;;https://kiaonline.dk/bestil/ev6/;522;nej;325;84,0;4wd;520;
2026-10-09;kia-ev6-upgrade-long-range-229-hk-40000-48;Kia;EV6;Upgrade Long Range 229 hk;suv;el;40000;48;5795;29995;0;308155;6420;354999;21,7;65,1;86,8;E;nej;importoer;Kia;;automatisk;2026-07-19;2026-10-09;;https://kiaonline.dk/bestil/ev6/;582;nej;229;84,0;baghjul;520;
2026-10-09;kia-ev6-upgrade-long-range-performance-325-hk-udb-29-995-40000-48;Kia;EV6;Upgrade Long Range Performance 325 hk · udb 29.995;suv;el;40000;48;5895;29995;0;312955;6520;379999;20,6;61,8;82,4;E;nej;importoer;Kia;;automatisk;2026-09-28;2026-10-09;;https://kiaonline.dk/bestil/ev6/;546;nej;325;84,0;4wd;520;
2026-10-09;kia-ev6-gt-long-range-performance-650-hk-40000-48;Kia;EV6;GT Long Range Performance 650 hk;suv;el;40000;48;5395;59995;0;318955;6645;474999;16,8;50,4;67,1;C;nej;importoer;Kia;;automatisk;2026-08-11;2026-10-09;;https://kiaonline.dk/bestil/ev6/;450;nej;650;84,0;4wd;480;
2026-10-09;kia-ev6-gt-long-range-performance-650-hk-udb-29-995-40000-48;Kia;EV6;GT Long Range Performance 650 hk · udb 29.995;suv;el;40000;48;6495;29995;0;341755;7120;474999;18,0;54,0;71,9;D;nej;importoer;Kia;;automatisk;2026-09-28;2026-10-09;;https://kiaonline.dk/bestil/ev6/;450;nej;650;84,0;4wd;480;
2026-10-09;kia-ev9-upgrade-standard-range-218-hk-10000-48;Kia;EV9;Upgrade Standard Range 218 hk;stor-suv;el;10000;48;4495;49995;0;265755;5537;449999;14,8;44,3;59,1;B;nej;importoer;Kia;;automatisk;2026-07-19;2026-10-09;;https://kiaonline.dk/bestil/ev9/;443;nej;218;76,1;baghjul;828;7
2026-10-09;kia-ev9-upgrade-long-range-203-hk-10000-48;Kia;EV9;Upgrade Long Range 203 hk;stor-suv;el;10000;48;4995;49995;0;289755;6037;509999;14,2;42,6;56,8;B;nej;importoer;Kia;;automatisk;2026-07-19;2026-10-09;;https://kiaonline.dk/bestil/ev9/;563;nej;203;99,8;baghjul;828;7
2026-10-09;kia-ev9-premium-long-range-203-hk-10000-48;Kia;EV9;Premium Long Range 203 hk;stor-suv;el;10000;48;5695;49995;0;323355;6737;574999;14,1;42,2;56,2;B;nej;importoer;Kia;;automatisk;2026-07-19;2026-10-09;;https://kiaonline.dk/bestil/ev9/;563;nej;203;99,8;baghjul;828;7
2026-10-09;kia-ev9-upgrade-long-range-performance-384-hk-10000-48;Kia;EV9;Upgrade Long Range Performance 384 hk;stor-suv;el;10000;48;5695;49995;0;323355;6737;549999;14,7;44,1;58,8;B;nej;importoer;Kia;;automatisk;2026-07-19;2026-10-09;;https://kiaonline.dk/bestil/ev9/;512;nej;384;99,8;4wd;828;7
2026-10-09;kia-ev9-gt-line-long-range-performance-384-hk-10000-48;Kia;EV9;GT-Line Long Range Performance 384 hk;stor-suv;el;10000;48;7295;49995;0;400155;8337;699999;14,3;42,9;57,2;B;nej;importoer;Kia;;automatisk;2026-07-19;2026-10-09;;https://kiaonline.dk/bestil/ev9/;505;nej;384;99,8;4wd;828;7
2026-10-09;kia-ev9-upgrade-standard-range-218-hk-15000-48;Kia;EV9;Upgrade Standard Range 218 hk;stor-suv;el;15000;48;4895;49995;0;284955;5937;449999;15,8;47,5;63,3;C;nej;importoer;Kia;;automatisk;2026-07-19;2026-10-09;;https://kiaonline.dk/bestil/ev9/;443;nej;218;76,1;baghjul;828;7
2026-10-09;kia-ev9-upgrade-long-range-203-hk-15000-48;Kia;EV9;Upgrade Long Range 203 hk;stor-suv;el;15000;48;5395;49995;0;308955;6437;509999;15,1;45,4;60,6;C;nej;importoer;Kia;;automatisk;2026-07-19;2026-10-09;;https://kiaonline.dk/bestil/ev9/;563;nej;203;99,8;baghjul;828;7
2026-10-09;kia-ev9-premium-long-range-203-hk-15000-48;Kia;EV9;Premium Long Range 203 hk;stor-suv;el;15000;48;6095;49995;0;342555;7137;574999;14,9;44,7;59,6;B;nej;importoer;Kia;;automatisk;2026-07-19;2026-10-09;;https://kiaonline.dk/bestil/ev9/;563;nej;203;99,8;baghjul;828;7
2026-10-09;kia-ev9-upgrade-long-range-performance-384-hk-15000-48;Kia;EV9;Upgrade Long Range Performance 384 hk;stor-suv;el;15000;48;6095;49995;0;342555;7137;549999;15,6;46,7;62,3;C;nej;importoer;Kia;;automatisk;2026-07-19;2026-10-09;;https://kiaonline.dk/bestil/ev9/;512;nej;384;99,8;4wd;828;7
2026-10-09;kia-ev9-gt-line-long-range-performance-384-hk-15000-48;Kia;EV9;GT-Line Long Range Performance 384 hk;stor-suv;el;15000;48;7695;49995;0;419355;8737;699999;15,0;44,9;59,9;C;nej;importoer;Kia;;automatisk;2026-07-19;2026-10-09;;https://kiaonline.dk/bestil/ev9/;505;nej;384;99,8;4wd;828;7
2026-10-09;kia-ev9-upgrade-standard-range-218-hk-20000-48;Kia;EV9;Upgrade Standard Range 218 hk;stor-suv;el;20000;48;5295;49995;0;304155;6337;449999;16,9;50,7;67,6;C;nej;importoer;Kia;;automatisk;2026-07-19;2026-10-09;;https://kiaonline.dk/bestil/ev9/;443;nej;218;76,1;baghjul;828;7
2026-10-09;kia-ev9-upgrade-long-range-203-hk-20000-48;Kia;EV9;Upgrade Long Range 203 hk;stor-suv;el;20000;48;5795;49995;0;328155;6837;509999;16,1;48,3;64,3;C;nej;importoer;Kia;;automatisk;2026-07-19;2026-10-09;;https://kiaonline.dk/bestil/ev9/;563;nej;203;99,8;baghjul;828;7
2026-10-09;kia-ev9-premium-long-range-203-hk-20000-48;Kia;EV9;Premium Long Range 203 hk;stor-suv;el;20000;48;6495;49995;0;361755;7537;574999;15,7;47,2;62,9;C;nej;importoer;Kia;;automatisk;2026-07-19;2026-10-09;;https://kiaonline.dk/bestil/ev9/;563;nej;203;99,8;baghjul;828;7
2026-10-09;kia-ev9-upgrade-long-range-performance-384-hk-20000-48;Kia;EV9;Upgrade Long Range Performance 384 hk;stor-suv;el;20000;48;6495;49995;0;361755;7537;549999;16,4;49,3;65,8;C;nej;importoer;Kia;;automatisk;2026-07-19;2026-10-09;;https://kiaonline.dk/bestil/ev9/;512;nej;384;99,8;4wd;828;7
2026-10-09;kia-ev9-gt-line-long-range-performance-384-hk-20000-48;Kia;EV9;GT-Line Long Range Performance 384 hk;stor-suv;el;20000;48;8095;49995;0;438555;9137;699999;15,7;47,0;62,7;C;nej;importoer;Kia;;automatisk;2026-07-19;2026-10-09;;https://kiaonline.dk/bestil/ev9/;505;nej;384;99,8;4wd;828;7
2026-10-09;kia-ev9-upgrade-standard-range-218-hk-25000-48;Kia;EV9;Upgrade Standard Range 218 hk;stor-suv;el;25000;48;5695;49995;0;323355;6737;449999;18,0;53,9;71,9;D;nej;importoer;Kia;;automatisk;2026-07-19;2026-10-09;;https://kiaonline.dk/bestil/ev9/;443;nej;218;76,1;baghjul;828;7
2026-10-09;kia-ev9-upgrade-long-range-203-hk-25000-48;Kia;EV9;Upgrade Long Range 203 hk;stor-suv;el;25000;48;6195;49995;0;347355;7237;509999;17,0;51,1;68,1;C;nej;importoer;Kia;;automatisk;2026-07-19;2026-10-09;;https://kiaonline.dk/bestil/ev9/;563;nej;203;99,8;baghjul;828;7
2026-10-09;kia-ev9-premium-long-range-203-hk-25000-48;Kia;EV9;Premium Long Range 203 hk;stor-suv;el;25000;48;6895;49995;0;380955;7937;574999;16,6;49,7;66,3;C;nej;importoer;Kia;;automatisk;2026-07-19;2026-10-09;;https://kiaonline.dk/bestil/ev9/;563;nej;203;99,8;baghjul;828;7
2026-10-09;kia-ev9-upgrade-long-range-performance-384-hk-25000-48;Kia;EV9;Upgrade Long Range Performance 384 hk;stor-suv;el;25000;48;6895;49995;0;380955;7937;549999;17,3;52,0;69,3;C;nej;importoer;Kia;;automatisk;2026-07-19;2026-10-09;;https://kiaonline.dk/bestil/ev9/;512;nej;384;99,8;4wd;828;7
2026-10-09;kia-ev9-gt-line-long-range-performance-384-hk-25000-48;Kia;EV9;GT-Line Long Range Performance 384 hk;stor-suv;el;25000;48;8495;49995;0;457755;9537;699999;16,3;49,0;65,4;C;nej;importoer;Kia;;automatisk;2026-07-19;2026-10-09;;https://kiaonline.dk/bestil/ev9/;505;nej;384;99,8;4wd;828;7
2026-10-09;kia-ev9-upgrade-standard-range-218-hk-30000-48;Kia;EV9;Upgrade Standard Range 218 hk;stor-suv;el;30000;48;6095;49995;0;342555;7137;449999;19,0;57,1;76,1;D;nej;importoer;Kia;;automatisk;2026-07-19;2026-10-09;;https://kiaonline.dk/bestil/ev9/;443;nej;218;76,1;baghjul;828;7
2026-10-09;kia-ev9-upgrade-long-range-203-hk-30000-48;Kia;EV9;Upgrade Long Range 203 hk;stor-suv;el;30000;48;6595;49995;0;366555;7637;509999;18,0;53,9;71,9;D;nej;importoer;Kia;;automatisk;2026-07-19;2026-10-09;;https://kiaonline.dk/bestil/ev9/;563;nej;203;99,8;baghjul;828;7
2026-10-09;kia-ev9-premium-long-range-203-hk-30000-48;Kia;EV9;Premium Long Range 203 hk;stor-suv;el;30000;48;7295;49995;0;400155;8337;574999;17,4;52,2;69,6;C;nej;importoer;Kia;;automatisk;2026-07-19;2026-10-09;;https://kiaonline.dk/bestil/ev9/;563;nej;203;99,8;baghjul;828;7
2026-10-09;kia-ev9-upgrade-long-range-performance-384-hk-30000-48;Kia;EV9;Upgrade Long Range Performance 384 hk;stor-suv;el;30000;48;7295;49995;0;400155;8337;549999;18,2;54,6;72,8;D;nej;importoer;Kia;;automatisk;2026-07-19;2026-10-09;;https://kiaonline.dk/bestil/ev9/;512;nej;384;99,8;4wd;828;7
2026-10-09;kia-ev9-gt-line-long-range-performance-384-hk-30000-48;Kia;EV9;GT-Line Long Range Performance 384 hk;stor-suv;el;30000;48;8895;49995;0;476955;9937;699999;17,0;51,1;68,1;C;nej;importoer;Kia;;automatisk;2026-07-19;2026-10-09;;https://kiaonline.dk/bestil/ev9/;505;nej;384;99,8;4wd;828;7
2026-10-09;kia-ev9-upgrade-standard-range-218-hk-35000-48;Kia;EV9;Upgrade Standard Range 218 hk;stor-suv;el;35000;48;6495;49995;0;361755;7537;449999;20,1;60,3;80,4;E;nej;importoer;Kia;;automatisk;2026-07-19;2026-10-09;;https://kiaonline.dk/bestil/ev9/;443;nej;218;76,1;baghjul;828;7
2026-10-09;kia-ev9-upgrade-long-range-203-hk-35000-48;Kia;EV9;Upgrade Long Range 203 hk;stor-suv;el;35000;48;6995;49995;0;385755;8037;509999;18,9;56,7;75,6;D;nej;importoer;Kia;;automatisk;2026-07-19;2026-10-09;;https://kiaonline.dk/bestil/ev9/;563;nej;203;99,8;baghjul;828;7
2026-10-09;kia-ev9-premium-long-range-203-hk-35000-48;Kia;EV9;Premium Long Range 203 hk;stor-suv;el;35000;48;7695;49995;0;419355;8737;574999;18,2;54,7;72,9;D;nej;importoer;Kia;;automatisk;2026-07-19;2026-10-09;;https://kiaonline.dk/bestil/ev9/;563;nej;203;99,8;baghjul;828;7
2026-10-09;kia-ev9-upgrade-long-range-performance-384-hk-35000-48;Kia;EV9;Upgrade Long Range Performance 384 hk;stor-suv;el;35000;48;7695;49995;0;419355;8737;549999;19,1;57,2;76,2;D;nej;importoer;Kia;;automatisk;2026-07-19;2026-10-09;;https://kiaonline.dk/bestil/ev9/;512;nej;384;99,8;4wd;828;7
2026-10-09;kia-ev9-gt-line-long-range-performance-384-hk-35000-48;Kia;EV9;GT-Line Long Range Performance 384 hk;stor-suv;el;35000;48;9295;49995;0;496155;10337;699999;17,7;53,2;70,9;C;nej;importoer;Kia;;automatisk;2026-07-19;2026-10-09;;https://kiaonline.dk/bestil/ev9/;505;nej;384;99,8;4wd;828;7
2026-10-09;kia-ev9-upgrade-standard-range-218-hk-40000-48;Kia;EV9;Upgrade Standard Range 218 hk;stor-suv;el;40000;48;6895;49995;0;380955;7937;449999;21,2;63,5;84,7;E;nej;importoer;Kia;;automatisk;2026-07-19;2026-10-09;;https://kiaonline.dk/bestil/ev9/;443;nej;218;76,1;baghjul;828;7
2026-10-09;kia-ev9-upgrade-long-range-203-hk-40000-48;Kia;EV9;Upgrade Long Range 203 hk;stor-suv;el;40000;48;7395;49995;0;404955;8437;509999;19,9;59,6;79,4;D;nej;importoer;Kia;;automatisk;2026-07-19;2026-10-09;;https://kiaonline.dk/bestil/ev9/;563;nej;203;99,8;baghjul;828;7
2026-10-09;kia-ev9-premium-long-range-203-hk-40000-48;Kia;EV9;Premium Long Range 203 hk;stor-suv;el;40000;48;8095;49995;0;438555;9137;574999;19,1;57,2;76,3;D;nej;importoer;Kia;;automatisk;2026-07-19;2026-10-09;;https://kiaonline.dk/bestil/ev9/;563;nej;203;99,8;baghjul;828;7
2026-10-09;kia-ev9-upgrade-long-range-performance-384-hk-40000-48;Kia;EV9;Upgrade Long Range Performance 384 hk;stor-suv;el;40000;48;8095;49995;0;438555;9137;549999;19,9;59,8;79,7;D;nej;importoer;Kia;;automatisk;2026-07-19;2026-10-09;;https://kiaonline.dk/bestil/ev9/;512;nej;384;99,8;4wd;828;7
2026-10-09;kia-ev9-gt-line-long-range-performance-384-hk-40000-48;Kia;EV9;GT-Line Long Range Performance 384 hk;stor-suv;el;40000;48;9695;49995;0;515355;10737;699999;18,4;55,2;73,6;D;nej;importoer;Kia;;automatisk;2026-07-19;2026-10-09;;https://kiaonline.dk/bestil/ev9/;505;nej;384;99,8;4wd;828;7
2026-10-09;kia-pv5-passenger-prestige-163-hk-udb-29-995-10000-48;Kia;PV5 Passenger;Prestige 163 hk · udb 29.995;stor-suv;el;10000;48;3095;29995;0;178555;3720;324999;13,7;41,2;54,9;B;nej;importoer;Kia;;automatisk;2026-09-28;2026-10-09;;https://kiaonline.dk/bestil/pv5-passenger/;412;nej;163;71,2;forhjul;1330;5
2026-10-09;kia-pv5-passenger-prestige-long-range-163-hk-10000-48;Kia;PV5 Passenger;Prestige Long Range 163 hk;stor-suv;el;10000;48;3095;29995;1250;179805;3746;324999;13,8;41,5;55,3;B;nej;importoer;Kia;;automatisk;2026-07-19;2026-10-09;;https://kiaonline.dk/bestil/pv5-passenger/;412;nej;163;71,2;forhjul;1330;5
2026-10-09;kia-pv5-passenger-upgrade-163-hk-udb-29-995-10000-48;Kia;PV5 Passenger;Upgrade 163 hk · udb 29.995;stor-suv;el;10000;48;3295;29995;0;188155;3920;339999;13,8;41,5;55,3;B;nej;importoer;Kia;;automatisk;2026-09-28;2026-10-09;;https://kiaonline.dk/bestil/pv5-passenger/;412;nej;163;71,2;forhjul;1330;5
2026-10-09;kia-pv5-passenger-upgrade-long-range-163-hk-10000-48;Kia;PV5 Passenger;Upgrade Long Range 163 hk;stor-suv;el;10000;48;3295;29995;1250;189405;3946;339999;13,9;41,8;55,7;B;nej;importoer;Kia;;automatisk;2026-07-19;2026-10-09;;https://kiaonline.dk/bestil/pv5-passenger/;412;nej;163;71,2;forhjul;1330;5
2026-10-09;kia-pv5-passenger-prestige-163-hk-10000-48;Kia;PV5 Passenger;Prestige 163 hk;stor-suv;el;10000;48;3695;14995;0;192355;4007;324999;14,8;44,4;59,2;B;nej;importoer;Kia;;automatisk;2026-07-19;2026-10-09;;https://kiaonline.dk/bestil/pv5-passenger/;412;nej;163;71,2;forhjul;1330;5
2026-10-09;kia-pv5-passenger-prestige-long-range-163-hk-udb-14-995-10000-48;Kia;PV5 Passenger;Prestige Long Range 163 hk · udb 14.995;stor-suv;el;10000;48;3695;14995;1250;193605;4033;324999;14,9;44,7;59,6;B;nej;importoer;Kia;;automatisk;2026-09-28;2026-10-09;;https://kiaonline.dk/bestil/pv5-passenger/;412;nej;163;71,2;forhjul;1330;5
2026-10-09;kia-pv5-passenger-upgrade-163-hk-10000-48;Kia;PV5 Passenger;Upgrade 163 hk;stor-suv;el;10000;48;3895;14995;0;201955;4207;339999;14,8;44,5;59,4;B;nej;importoer;Kia;;automatisk;2026-07-19;2026-10-09;;https://kiaonline.dk/bestil/pv5-passenger/;412;nej;163;71,2;forhjul;1330;5
2026-10-09;kia-pv5-passenger-upgrade-long-range-163-hk-udb-14-995-10000-48;Kia;PV5 Passenger;Upgrade Long Range 163 hk · udb 14.995;stor-suv;el;10000;48;3895;14995;1250;203205;4233;339999;14,9;44,8;59,8;B;nej;importoer;Kia;;automatisk;2026-09-28;2026-10-09;;https://kiaonline.dk/bestil/pv5-passenger/;412;nej;163;71,2;forhjul;1330;5
2026-10-09;kia-pv5-passenger-prestige-163-hk-udb-29-995-15000-48;Kia;PV5 Passenger;Prestige 163 hk · udb 29.995;stor-suv;el;15000;48;3395;29995;0;192955;4020;324999;14,8;44,5;59,4;B;nej;importoer;Kia;;automatisk;2026-09-28;2026-10-09;;https://kiaonline.dk/bestil/pv5-passenger/;412;nej;163;71,2;forhjul;1330;5
2026-10-09;kia-pv5-passenger-prestige-long-range-163-hk-15000-48;Kia;PV5 Passenger;Prestige Long Range 163 hk;stor-suv;el;15000;48;3395;29995;1250;194205;4046;324999;14,9;44,8;59,8;B;nej;importoer;Kia;;automatisk;2026-07-19;2026-10-09;;https://kiaonline.dk/bestil/pv5-passenger/;412;nej;163;71,2;forhjul;1330;5
2026-10-09;kia-pv5-passenger-upgrade-163-hk-udb-29-995-15000-48;Kia;PV5 Passenger;Upgrade 163 hk · udb 29.995;stor-suv;el;15000;48;3595;29995;0;202555;4220;339999;14,9;44,7;59,6;B;nej;importoer;Kia;;automatisk;2026-09-28;2026-10-09;;https://kiaonline.dk/bestil/pv5-passenger/;412;nej;163;71,2;forhjul;1330;5
2026-10-09;kia-pv5-passenger-upgrade-long-range-163-hk-udb-29-995-15000-48;Kia;PV5 Passenger;Upgrade Long Range 163 hk · udb 29.995;stor-suv;el;15000;48;3595;29995;1250;203805;4246;339999;15,0;45,0;59,9;C;nej;importoer;Kia;;automatisk;2026-09-28;2026-10-09;;https://kiaonline.dk/bestil/pv5-passenger/;412;nej;163;71,2;forhjul;1330;5
2026-10-09;kia-pv5-passenger-prestige-163-hk-15000-48;Kia;PV5 Passenger;Prestige 163 hk;stor-suv;el;15000;48;3995;14995;0;206755;4307;324999;15,9;47,7;63,6;C;nej;importoer;Kia;;automatisk;2026-07-19;2026-10-09;;https://kiaonline.dk/bestil/pv5-passenger/;412;nej;163;71,2;forhjul;1330;5
2026-10-09;kia-pv5-passenger-prestige-long-range-163-hk-udb-14-995-15000-48;Kia;PV5 Passenger;Prestige Long Range 163 hk · udb 14.995;stor-suv;el;15000;48;3995;14995;1250;208005;4333;324999;16,0;48,0;64,0;C;nej;importoer;Kia;;automatisk;2026-09-28;2026-10-09;;https://kiaonline.dk/bestil/pv5-passenger/;412;nej;163;71,2;forhjul;1330;5
2026-10-09;kia-pv5-passenger-upgrade-163-hk-15000-48;Kia;PV5 Passenger;Upgrade 163 hk;stor-suv;el;15000;48;4195;14995;0;216355;4507;339999;15,9;47,7;63,6;C;nej;importoer;Kia;;automatisk;2026-07-19;2026-10-09;;https://kiaonline.dk/bestil/pv5-passenger/;412;nej;163;71,2;forhjul;1330;5
2026-10-09;kia-pv5-passenger-upgrade-long-range-163-hk-15000-48;Kia;PV5 Passenger;Upgrade Long Range 163 hk;stor-suv;el;15000;48;4195;14995;1250;217605;4533;339999;16,0;48,0;64,0;C;nej;importoer;Kia;;automatisk;2026-07-19;2026-10-09;;https://kiaonline.dk/bestil/pv5-passenger/;412;nej;163;71,2;forhjul;1330;5
2026-10-09;kia-pv5-passenger-prestige-163-hk-20000-48;Kia;PV5 Passenger;Prestige 163 hk;stor-suv;el;20000;48;3695;29995;0;207355;4320;324999;16,0;47,9;63,8;C;nej;importoer;Kia;;automatisk;2026-07-19;2026-10-09;;https://kiaonline.dk/bestil/pv5-passenger/;412;nej;163;71,2;forhjul;1330;5
2026-10-09;kia-pv5-passenger-prestige-long-range-163-hk-udb-29-995-20000-48;Kia;PV5 Passenger;Prestige Long Range 163 hk · udb 29.995;stor-suv;el;20000;48;3695;29995;1250;208605;4346;324999;16,0;48,1;64,2;C;nej;importoer;Kia;;automatisk;2026-09-28;2026-10-09;;https://kiaonline.dk/bestil/pv5-passenger/;412;nej;163;71,2;forhjul;1330;5
2026-10-09;kia-pv5-passenger-upgrade-163-hk-20000-48;Kia;PV5 Passenger;Upgrade 163 hk;stor-suv;el;20000;48;3895;29995;0;216955;4520;339999;16,0;47,9;63,8;C;nej;importoer;Kia;;automatisk;2026-07-19;2026-10-09;;https://kiaonline.dk/bestil/pv5-passenger/;412;nej;163;71,2;forhjul;1330;5
2026-10-09;kia-pv5-passenger-upgrade-long-range-163-hk-udb-29-995-20000-48;Kia;PV5 Passenger;Upgrade Long Range 163 hk · udb 29.995;stor-suv;el;20000;48;3895;29995;1250;218205;4546;339999;16,0;48,1;64,2;C;nej;importoer;Kia;;automatisk;2026-09-28;2026-10-09;;https://kiaonline.dk/bestil/pv5-passenger/;412;nej;163;71,2;forhjul;1330;5
2026-10-09;kia-pv5-passenger-prestige-163-hk-udb-14-995-20000-48;Kia;PV5 Passenger;Prestige 163 hk · udb 14.995;stor-suv;el;20000;48;4295;14995;0;221155;4607;324999;17,0;51,0;68,0;C;nej;importoer;Kia;;automatisk;2026-09-28;2026-10-09;;https://kiaonline.dk/bestil/pv5-passenger/;412;nej;163;71,2;forhjul;1330;5
2026-10-09;kia-pv5-passenger-prestige-long-range-163-hk-20000-48;Kia;PV5 Passenger;Prestige Long Range 163 hk;stor-suv;el;20000;48;4295;14995;1250;222405;4633;324999;17,1;51,3;68,4;C;nej;importoer;Kia;;automatisk;2026-07-19;2026-10-09;;https://kiaonline.dk/bestil/pv5-passenger/;412;nej;163;71,2;forhjul;1330;5
2026-10-09;kia-pv5-passenger-upgrade-163-hk-udb-14-995-20000-48;Kia;PV5 Passenger;Upgrade 163 hk · udb 14.995;stor-suv;el;20000;48;4495;14995;0;230755;4807;339999;17,0;50,9;67,9;C;nej;importoer;Kia;;automatisk;2026-09-28;2026-10-09;;https://kiaonline.dk/bestil/pv5-passenger/;412;nej;163;71,2;forhjul;1330;5
2026-10-09;kia-pv5-passenger-upgrade-long-range-163-hk-20000-48;Kia;PV5 Passenger;Upgrade Long Range 163 hk;stor-suv;el;20000;48;4495;14995;1250;232005;4833;339999;17,1;51,2;68,2;C;nej;importoer;Kia;;automatisk;2026-07-19;2026-10-09;;https://kiaonline.dk/bestil/pv5-passenger/;412;nej;163;71,2;forhjul;1330;5
2026-10-09;kia-pv5-passenger-prestige-163-hk-25000-48;Kia;PV5 Passenger;Prestige 163 hk;stor-suv;el;25000;48;3995;29995;0;221755;4620;324999;17,1;51,2;68,2;C;nej;importoer;Kia;;automatisk;2026-07-19;2026-10-09;;https://kiaonline.dk/bestil/pv5-passenger/;412;nej;163;71,2;forhjul;1330;5
2026-10-09;kia-pv5-passenger-prestige-long-range-163-hk-25000-48;Kia;PV5 Passenger;Prestige Long Range 163 hk;stor-suv;el;25000;48;3995;29995;1250;223005;4646;324999;17,2;51,5;68,6;C;nej;importoer;Kia;;automatisk;2026-07-19;2026-10-09;;https://kiaonline.dk/bestil/pv5-passenger/;412;nej;163;71,2;forhjul;1330;5
2026-10-09;kia-pv5-passenger-upgrade-163-hk-25000-48;Kia;PV5 Passenger;Upgrade 163 hk;stor-suv;el;25000;48;4195;29995;0;231355;4820;339999;17,0;51,0;68,0;C;nej;importoer;Kia;;automatisk;2026-07-19;2026-10-09;;https://kiaonline.dk/bestil/pv5-passenger/;412;nej;163;71,2;forhjul;1330;5
2026-10-09;kia-pv5-passenger-upgrade-long-range-163-hk-udb-29-995-25000-48;Kia;PV5 Passenger;Upgrade Long Range 163 hk · udb 29.995;stor-suv;el;25000;48;4195;29995;1250;232605;4846;339999;17,1;51,3;68,4;C;nej;importoer;Kia;;automatisk;2026-09-28;2026-10-09;;https://kiaonline.dk/bestil/pv5-passenger/;412;nej;163;71,2;forhjul;1330;5
2026-10-09;kia-pv5-passenger-prestige-163-hk-udb-14-995-25000-48;Kia;PV5 Passenger;Prestige 163 hk · udb 14.995;stor-suv;el;25000;48;4595;14995;0;235555;4907;324999;18,1;54,4;72,5;D;nej;importoer;Kia;;automatisk;2026-09-28;2026-10-09;;https://kiaonline.dk/bestil/pv5-passenger/;412;nej;163;71,2;forhjul;1330;5
2026-10-09;kia-pv5-passenger-prestige-long-range-163-hk-udb-14-995-25000-48;Kia;PV5 Passenger;Prestige Long Range 163 hk · udb 14.995;stor-suv;el;25000;48;4595;14995;1250;236805;4933;324999;18,2;54,6;72,9;D;nej;importoer;Kia;;automatisk;2026-09-28;2026-10-09;;https://kiaonline.dk/bestil/pv5-passenger/;412;nej;163;71,2;forhjul;1330;5
2026-10-09;kia-pv5-passenger-upgrade-163-hk-udb-14-995-25000-48;Kia;PV5 Passenger;Upgrade 163 hk · udb 14.995;stor-suv;el;25000;48;4795;14995;0;245155;5107;339999;18,0;54,1;72,1;D;nej;importoer;Kia;;automatisk;2026-09-28;2026-10-09;;https://kiaonline.dk/bestil/pv5-passenger/;412;nej;163;71,2;forhjul;1330;5
2026-10-09;kia-pv5-passenger-upgrade-long-range-163-hk-25000-48;Kia;PV5 Passenger;Upgrade Long Range 163 hk;stor-suv;el;25000;48;4795;14995;1250;246405;5133;339999;18,1;54,3;72,5;D;nej;importoer;Kia;;automatisk;2026-07-19;2026-10-09;;https://kiaonline.dk/bestil/pv5-passenger/;412;nej;163;71,2;forhjul;1330;5
2026-10-09;kia-pv5-passenger-prestige-163-hk-30000-48;Kia;PV5 Passenger;Prestige 163 hk;stor-suv;el;30000;48;4295;29995;0;236155;4920;324999;18,2;54,5;72,7;D;nej;importoer;Kia;;automatisk;2026-07-19;2026-10-09;;https://kiaonline.dk/bestil/pv5-passenger/;412;nej;163;71,2;forhjul;1330;5
2026-10-09;kia-pv5-passenger-prestige-long-range-163-hk-udb-29-995-30000-48;Kia;PV5 Passenger;Prestige Long Range 163 hk · udb 29.995;stor-suv;el;30000;48;4295;29995;1250;237405;4946;324999;18,3;54,8;73,0;D;nej;importoer;Kia;;automatisk;2026-09-28;2026-10-09;;https://kiaonline.dk/bestil/pv5-passenger/;412;nej;163;71,2;forhjul;1330;5
2026-10-09;kia-pv5-passenger-upgrade-163-hk-30000-48;Kia;PV5 Passenger;Upgrade 163 hk;stor-suv;el;30000;48;4495;29995;0;245755;5120;339999;18,1;54,2;72,3;D;nej;importoer;Kia;;automatisk;2026-07-19;2026-10-09;;https://kiaonline.dk/bestil/pv5-passenger/;412;nej;163;71,2;forhjul;1330;5
2026-10-09;kia-pv5-passenger-upgrade-long-range-163-hk-udb-29-995-30000-48;Kia;PV5 Passenger;Upgrade Long Range 163 hk · udb 29.995;stor-suv;el;30000;48;4495;29995;1250;247005;5146;339999;18,2;54,5;72,6;D;nej;importoer;Kia;;automatisk;2026-09-28;2026-10-09;;https://kiaonline.dk/bestil/pv5-passenger/;412;nej;163;71,2;forhjul;1330;5
2026-10-09;kia-pv5-passenger-prestige-163-hk-udb-14-995-30000-48;Kia;PV5 Passenger;Prestige 163 hk · udb 14.995;stor-suv;el;30000;48;4895;14995;0;249955;5207;324999;19,2;57,7;76,9;D;nej;importoer;Kia;;automatisk;2026-09-28;2026-10-09;;https://kiaonline.dk/bestil/pv5-passenger/;412;nej;163;71,2;forhjul;1330;5
2026-10-09;kia-pv5-passenger-prestige-long-range-163-hk-30000-48;Kia;PV5 Passenger;Prestige Long Range 163 hk;stor-suv;el;30000;48;4895;14995;1250;251205;5233;324999;19,3;58,0;77,3;D;nej;importoer;Kia;;automatisk;2026-07-19;2026-10-09;;https://kiaonline.dk/bestil/pv5-passenger/;412;nej;163;71,2;forhjul;1330;5
2026-10-09;kia-pv5-passenger-upgrade-163-hk-udb-14-995-30000-48;Kia;PV5 Passenger;Upgrade 163 hk · udb 14.995;stor-suv;el;30000;48;5095;14995;0;259555;5407;339999;19,1;57,3;76,3;D;nej;importoer;Kia;;automatisk;2026-09-28;2026-10-09;;https://kiaonline.dk/bestil/pv5-passenger/;412;nej;163;71,2;forhjul;1330;5
2026-10-09;kia-pv5-passenger-upgrade-long-range-163-hk-30000-48;Kia;PV5 Passenger;Upgrade Long Range 163 hk;stor-suv;el;30000;48;5095;14995;1250;260805;5433;339999;19,2;57,5;76,7;D;nej;importoer;Kia;;automatisk;2026-07-19;2026-10-09;;https://kiaonline.dk/bestil/pv5-passenger/;412;nej;163;71,2;forhjul;1330;5
2026-10-09;leapmotor-b10-design-10000-36;Leapmotor;B10;DESIGN;suv;el;10000;36;3095;29995;780;142195;3950;229990;20,6;61,8;61,8;E;nej;importoer;Leapmotor;;automatisk;2026-07-24;2026-10-09;;https://leapmotor.dk/privatleasing/;434;nej;;67,1;;;
2026-10-09;lexus-es-350e-executive-15000-48;Lexus;ES;350e Executive;mellemklasse;el;15000;48;4999;24999;0;264951;5520;459500;14,4;43,2;57,7;B;nej;importoer;Lexus;;automatisk;2026-09-28;2026-10-09;;https://www.lexus.dk/koeb-og-leasing/privatleasing;581;nej;224;77,0;forhjul;;5
2026-10-09;lexus-es-350e-executive-21-aluflge-15000-48;Lexus;ES;350e Executive 21” alufælge;mellemklasse;el;15000;48;5199;24999;0;274551;5720;474500;14,5;43,4;57,9;B;nej;importoer;Lexus;;automatisk;2026-09-28;2026-10-09;;https://www.lexus.dk/koeb-og-leasing/privatleasing;538;nej;224;77,0;forhjul;;5
2026-10-09;lexus-es-500e-executive-15000-48;Lexus;ES;500e Executive;mellemklasse;el;15000;48;5699;24999;0;298551;6220;499500;14,9;44,8;59,8;B;nej;importoer;Lexus;;automatisk;2026-09-28;2026-10-09;;https://www.lexus.dk/koeb-og-leasing/privatleasing;529;nej;343;75,0;4wd;;5
2026-10-09;lexus-es-500e-executive-21-aluflge-15000-48;Lexus;ES;500e Executive 21” alufælge;mellemklasse;el;15000;48;5899;24999;0;308151;6420;514500;15,0;44,9;59,9;C;nej;importoer;Lexus;;automatisk;2026-09-28;2026-10-09;;https://www.lexus.dk/koeb-og-leasing/privatleasing;494;nej;343;75,0;4wd;;5
2026-10-09;lexus-es-350e-luxury-15000-48;Lexus;ES;350e Luxury;mellemklasse;el;15000;48;6499;24999;0;336951;7020;539500;15,6;46,8;62,5;C;nej;importoer;Lexus;;automatisk;2026-09-28;2026-10-09;;https://www.lexus.dk/koeb-og-leasing/privatleasing;575;nej;224;77,0;forhjul;;5
2026-10-09;lexus-es-350e-luxury-21-aluflge-15000-48;Lexus;ES;350e Luxury 21” alufælge;mellemklasse;el;15000;48;6699;24999;0;346551;7220;554500;15,6;46,9;62,5;C;nej;importoer;Lexus;;automatisk;2026-09-28;2026-10-09;;https://www.lexus.dk/koeb-og-leasing/privatleasing;531;nej;224;77,0;forhjul;;5
2026-10-09;lexus-rz-350e-executive-15000-48;Lexus;RZ;350e Executive;suv;el;15000;48;4499;19999;0;235951;4916;399500;14,8;44,3;59,1;B;nej;importoer;Lexus;;automatisk;2026-07-19;2026-10-09;;https://www.lexus.dk/koeb-og-leasing/privatleasing;559;nej;224;77,0;forhjul;586;5
2026-10-09;lexus-rz-350e-luxury-15000-48;Lexus;RZ;350e Luxury;suv;el;15000;48;4999;19999;0;259951;5416;439500;14,8;44,4;59,1;B;nej;importoer;Lexus;;automatisk;2026-09-28;2026-10-09;;https://www.lexus.dk/koeb-og-leasing/privatleasing;508;nej;224;77,0;forhjul;586;5
2026-10-09;lexus-rz-500e-executive-15000-48;Lexus;RZ;500e Executive;suv;el;15000;48;4999;19999;0;259951;5416;439500;14,8;44,4;59,1;B;nej;importoer;Lexus;;automatisk;2026-09-28;2026-10-09;;https://www.lexus.dk/koeb-og-leasing/privatleasing;493;nej;380;77,0;4wd;586;5
2026-10-09;lexus-rz-500e-luxury-15000-48;Lexus;RZ;500e Luxury;suv;el;15000;48;6399;19999;0;327151;6816;499500;16,4;49,1;65,5;C;nej;importoer;Lexus;;automatisk;2026-09-28;2026-10-09;;https://www.lexus.dk/koeb-og-leasing/privatleasing;458;ja;380;77,0;4wd;586;5
2026-10-09;lexus-rz-550e-f-sport-15000-48;Lexus;RZ;550e F Sport;suv;el;15000;48;7799;19999;0;394351;8216;599500;16,4;49,3;65,8;C;nej;importoer;Lexus;;automatisk;2026-09-28;2026-10-09;;https://www.lexus.dk/koeb-og-leasing/privatleasing;462;nej;408;77,0;4wd;586;5
2026-10-09;mg-mg-cyberster-trophy-udb-54-995-10000-36;MG;MG Cyberster;Trophy · udb 54.995;mellemklasse;el;10000;36;5995;54995;0;270815;7523;499999;18,1;54,2;54,2;D;nej;importoer;MG;;automatisk;2026-08-05;2026-10-09;;https://mgmotors.dk/bestil/mg-cyberster/;507;nej;340;77,0;;249;
2026-10-09;mg-mg-cyberster-gt-udb-54-995-10000-36;MG;MG Cyberster;GT · udb 54.995;mellemklasse;el;10000;36;6295;54995;0;281615;7823;549999;17,1;51,2;51,2;C;nej;importoer;MG;;automatisk;2026-08-05;2026-10-09;;https://mgmotors.dk/bestil/mg-cyberster/;443;nej;510;77,0;;249;
2026-10-09;mg-mg-cyberster-trophy-udb-54-995-15000-36;MG;MG Cyberster;Trophy · udb 54.995;mellemklasse;el;15000;36;6395;54995;0;285215;7923;499999;19,0;57,0;57,0;D;nej;importoer;MG;;automatisk;2026-08-05;2026-10-09;;https://mgmotors.dk/bestil/mg-cyberster/;507;nej;340;77,0;;249;
2026-10-09;mg-mg-cyberster-gt-udb-54-995-15000-36;MG;MG Cyberster;GT · udb 54.995;mellemklasse;el;15000;36;6695;54995;0;296015;8223;549999;17,9;53,8;53,8;C;nej;importoer;MG;;automatisk;2026-08-05;2026-10-09;;https://mgmotors.dk/bestil/mg-cyberster/;443;nej;510;77,0;;249;
2026-10-09;mg-mg-cyberster-trophy-udb-54-995-20000-36;MG;MG Cyberster;Trophy · udb 54.995;mellemklasse;el;20000;36;6795;54995;0;299615;8323;499999;20,0;59,9;59,9;E;nej;importoer;MG;;automatisk;2026-08-05;2026-10-09;;https://mgmotors.dk/bestil/mg-cyberster/;507;nej;340;77,0;;249;
2026-10-09;mg-mg-cyberster-gt-udb-54-995-20000-36;MG;MG Cyberster;GT · udb 54.995;mellemklasse;el;20000;36;7095;54995;0;310415;8623;549999;18,8;56,4;56,4;D;nej;importoer;MG;;automatisk;2026-08-05;2026-10-09;;https://mgmotors.dk/bestil/mg-cyberster/;443;nej;510;77,0;;249;
2026-10-09;mg-mg-cyberster-trophy-udb-54-995-25000-36;MG;MG Cyberster;Trophy · udb 54.995;mellemklasse;el;25000;36;7195;54995;0;314015;8723;499999;20,9;62,8;62,8;E;nej;importoer;MG;;automatisk;2026-08-05;2026-10-09;;https://mgmotors.dk/bestil/mg-cyberster/;507;nej;340;77,0;;249;
2026-10-09;mg-mg-cyberster-gt-udb-54-995-25000-36;MG;MG Cyberster;GT · udb 54.995;mellemklasse;el;25000;36;7495;54995;0;324815;9023;549999;19,7;59,1;59,1;D;nej;importoer;MG;;automatisk;2026-08-05;2026-10-09;;https://mgmotors.dk/bestil/mg-cyberster/;443;nej;510;77,0;;249;
2026-10-09;mg-mg-cyberster-trophy-udb-54-995-30000-36;MG;MG Cyberster;Trophy · udb 54.995;mellemklasse;el;30000;36;7595;54995;0;328415;9123;499999;21,9;65,7;65,7;E;nej;importoer;MG;;automatisk;2026-08-05;2026-10-09;;https://mgmotors.dk/bestil/mg-cyberster/;507;nej;340;77,0;;249;
2026-10-09;mg-mg-cyberster-gt-udb-54-995-30000-36;MG;MG Cyberster;GT · udb 54.995;mellemklasse;el;30000;36;7895;54995;0;339215;9423;549999;20,6;61,7;61,7;E;nej;importoer;MG;;automatisk;2026-08-05;2026-10-09;;https://mgmotors.dk/bestil/mg-cyberster/;443;nej;510;77,0;;249;
2026-10-09;mg-mg-cyberster-trophy-udb-54-995-35000-36;MG;MG Cyberster;Trophy · udb 54.995;mellemklasse;el;35000;36;7995;54995;0;342815;9523;499999;22,9;68,6;68,6;E;nej;importoer;MG;;automatisk;2026-08-05;2026-10-09;;https://mgmotors.dk/bestil/mg-cyberster/;507;nej;340;77,0;;249;
2026-10-09;mg-mg-cyberster-gt-udb-54-995-35000-36;MG;MG Cyberster;GT · udb 54.995;mellemklasse;el;35000;36;8295;54995;0;353615;9823;549999;21,4;64,3;64,3;E;nej;importoer;MG;;automatisk;2026-08-05;2026-10-09;;https://mgmotors.dk/bestil/mg-cyberster/;443;nej;510;77,0;;249;
2026-10-09;mg-mg-cyberster-trophy-udb-54-995-40000-36;MG;MG Cyberster;Trophy · udb 54.995;mellemklasse;el;40000;36;8395;54995;0;357215;9923;499999;23,8;71,4;71,4;E;nej;importoer;MG;;automatisk;2026-08-05;2026-10-09;;https://mgmotors.dk/bestil/mg-cyberster/;507;nej;340;77,0;;249;
2026-10-09;mg-mg-cyberster-gt-udb-54-995-40000-36;MG;MG Cyberster;GT · udb 54.995;mellemklasse;el;40000;36;8695;54995;0;368015;10223;549999;22,3;66,9;66,9;E;nej;importoer;MG;;automatisk;2026-08-05;2026-10-09;;https://mgmotors.dk/bestil/mg-cyberster/;443;nej;510;77,0;;249;
2026-10-09;mg-mg4-ev-premium-udb-29-995-15000-36;MG;MG4 EV;Premium · udb 29.995;kompakt;el;15000;36;2995;29995;0;137815;3828;219999;20,9;62,6;62,6;E;nej;importoer;MG;;automatisk;2026-08-05;2026-10-09;;https://mgmotors.dk/bestil/mg4-ev/;;;;;;350;
2026-10-09;mg-mg4-ev-xpower-udb-29-995-15000-36;MG;MG4 EV;XPOWER · udb 29.995;kompakt;el;15000;36;3295;29995;0;148615;4128;249999;19,8;59,4;59,4;D;nej;importoer;MG;;automatisk;2026-08-05;2026-10-09;;https://mgmotors.dk/bestil/mg4-ev/;405;nej;435;64,0;4wd;350;
2026-10-09;mg-mg4-ev-premium-udb-29-995-20000-36;MG;MG4 EV;Premium · udb 29.995;kompakt;el;20000;36;3295;29995;0;148615;4128;219999;22,5;67,5;67,6;E;nej;importoer;MG;;automatisk;2026-08-05;2026-10-09;;https://mgmotors.dk/bestil/mg4-ev/;;;;;;350;
2026-10-09;mg-mg4-ev-xpower-udb-29-995-20000-36;MG;MG4 EV;XPOWER · udb 29.995;kompakt;el;20000;36;3595;29995;0;159415;4428;249999;21,3;63,8;63,8;E;nej;importoer;MG;;automatisk;2026-08-05;2026-10-09;;https://mgmotors.dk/bestil/mg4-ev/;405;nej;435;64,0;4wd;350;
2026-10-09;mg-mg4-ev-premium-udb-29-995-25000-36;MG;MG4 EV;Premium · udb 29.995;kompakt;el;25000;36;3595;29995;0;159415;4428;219999;24,2;72,5;72,5;E;nej;importoer;MG;;automatisk;2026-08-05;2026-10-09;;https://mgmotors.dk/bestil/mg4-ev/;;;;;;350;
2026-10-09;mg-mg4-ev-xpower-udb-29-995-25000-36;MG;MG4 EV;XPOWER · udb 29.995;kompakt;el;25000;36;3895;29995;0;170215;4728;249999;22,7;68,1;68,1;E;nej;importoer;MG;;automatisk;2026-08-05;2026-10-09;;https://mgmotors.dk/bestil/mg4-ev/;405;nej;435;64,0;4wd;350;
2026-10-09;mg-mg4-ev-premium-udb-29-995-30000-36;MG;MG4 EV;Premium · udb 29.995;kompakt;el;30000;36;3895;29995;0;170215;4728;219999;25,8;77,4;77,4;E;nej;importoer;MG;;automatisk;2026-08-05;2026-10-09;;https://mgmotors.dk/bestil/mg4-ev/;;;;;;350;
2026-10-09;mg-mg4-ev-xpower-udb-29-995-30000-36;MG;MG4 EV;XPOWER · udb 29.995;kompakt;el;30000;36;4195;29995;0;181015;5028;249999;24,1;72,4;72,4;E;nej;importoer;MG;;automatisk;2026-08-05;2026-10-09;;https://mgmotors.dk/bestil/mg4-ev/;405;nej;435;64,0;4wd;350;
2026-10-09;mg-mg4-ev-premium-udb-29-995-35000-36;MG;MG4 EV;Premium · udb 29.995;kompakt;el;35000;36;4195;29995;0;181015;5028;219999;27,4;82,3;82,3;E;nej;importoer;MG;;automatisk;2026-08-05;2026-10-09;;https://mgmotors.dk/bestil/mg4-ev/;;;;;;350;
2026-10-09;mg-mg4-ev-xpower-udb-29-995-35000-36;MG;MG4 EV;XPOWER · udb 29.995;kompakt;el;35000;36;4495;29995;0;191815;5328;249999;25,6;76,7;76,7;E;nej;importoer;MG;;automatisk;2026-08-05;2026-10-09;;https://mgmotors.dk/bestil/mg4-ev/;405;nej;435;64,0;4wd;350;
2026-10-09;mg-mg4-ev-premium-udb-29-995-40000-36;MG;MG4 EV;Premium · udb 29.995;kompakt;el;40000;36;4495;29995;0;191815;5328;219999;29,1;87,2;87,2;E;nej;importoer;MG;;automatisk;2026-08-05;2026-10-09;;https://mgmotors.dk/bestil/mg4-ev/;;;;;;350;
2026-10-09;mg-mg4-ev-xpower-udb-29-995-40000-36;MG;MG4 EV;XPOWER · udb 29.995;kompakt;el;40000;36;4795;29995;0;202615;5628;249999;27,0;81,0;81,0;E;nej;importoer;MG;;automatisk;2026-08-05;2026-10-09;;https://mgmotors.dk/bestil/mg4-ev/;405;nej;435;64,0;4wd;350;
2026-10-09;mg-mgs5-ev-luxury-udb-50-000-10000-36;MG;MGS5 EV;Luxury · udb 50.000;suv;el;10000;36;1495;50000;0;103820;2884;249999;13,8;41,5;41,5;B;nej;importoer;MG;;automatisk;2026-09-23;2026-10-09;;https://mgmotors.dk/bestil/mgs5-ev/;465;nej;231;64,0;baghjul;453;
2026-10-09;mg-mgs5-ev-luxury-udb-35-000-10000-36;MG;MGS5 EV;Luxury · udb 35.000;suv;el;10000;36;1995;35000;0;106820;2967;249999;14,2;42,7;42,7;B;nej;importoer;MG;;automatisk;2026-09-23;2026-10-09;;https://mgmotors.dk/bestil/mgs5-ev/;465;nej;231;64,0;baghjul;453;
2026-10-09;mg-mgs5-ev-luxury-udb-50-000-15000-36;MG;MGS5 EV;Luxury · udb 50.000;suv;el;15000;36;1695;50000;0;111020;3084;249999;14,8;44,4;44,4;B;nej;importoer;MG;;automatisk;2026-09-23;2026-10-09;;https://mgmotors.dk/bestil/mgs5-ev/;465;nej;231;64,0;baghjul;453;
2026-10-09;mg-mgs5-ev-luxury-udb-35-000-15000-36;MG;MGS5 EV;Luxury · udb 35.000;suv;el;15000;36;2195;35000;0;114020;3167;249999;15,2;45,6;45,6;C;nej;importoer;MG;;automatisk;2026-09-23;2026-10-09;;https://mgmotors.dk/bestil/mgs5-ev/;465;nej;231;64,0;baghjul;453;
2026-10-09;mg-mgs5-ev-luxury-udb-49-995-15000-36;MG;MGS5 EV;Luxury · udb 49.995;suv;el;15000;36;1995;49995;0;121815;3384;249999;16,2;48,7;48,7;C;nej;importoer;MG;;automatisk;2026-08-05;2026-10-06;;https://mgmotors.dk/bestil/mgs5-ev/;465;nej;231;64,0;baghjul;453;
2026-10-09;mg-mgs5-ev-comfort-udb-49-995-15000-36;MG;MGS5 EV;Comfort · udb 49.995;suv;el;15000;36;1995;49995;0;121815;3384;224999;18,0;54,1;54,1;D;nej;importoer;MG;;automatisk;2026-08-05;2026-10-06;;https://mgmotors.dk/bestil/mgs5-ev/;480;nej;231;64,0;baghjul;453;
2026-10-09;mg-mgs5-ev-luxury-udb-34-995-15000-36;MG;MGS5 EV;Luxury · udb 34.995;suv;el;15000;36;2495;34995;0;124815;3467;249999;16,6;49,9;49,9;C;nej;importoer;MG;;automatisk;2026-08-05;2026-10-06;;https://mgmotors.dk/bestil/mgs5-ev/;465;nej;231;64,0;baghjul;453;
2026-10-09;mg-mgs5-ev-comfort-udb-34-995-15000-36;MG;MGS5 EV;Comfort · udb 34.995;suv;el;15000;36;2495;34995;0;124815;3467;224999;18,5;55,5;55,5;D;nej;importoer;MG;;automatisk;2026-08-05;2026-10-06;;https://mgmotors.dk/bestil/mgs5-ev/;480;nej;231;64,0;baghjul;453;
2026-10-09;mg-mgs5-ev-luxury-udb-50-000-20000-36;MG;MGS5 EV;Luxury · udb 50.000;suv;el;20000;36;1995;50000;0;121820;3384;249999;16,2;48,7;48,7;C;nej;importoer;MG;;automatisk;2026-09-23;2026-10-09;;https://mgmotors.dk/bestil/mgs5-ev/;465;nej;231;64,0;baghjul;453;
2026-10-09;mg-mgs5-ev-luxury-udb-35-000-20000-36;MG;MGS5 EV;Luxury · udb 35.000;suv;el;20000;36;2495;35000;0;124820;3467;249999;16,6;49,9;49,9;C;nej;importoer;MG;;automatisk;2026-09-23;2026-10-09;;https://mgmotors.dk/bestil/mgs5-ev/;465;nej;231;64,0;baghjul;453;
2026-10-09;mg-mgs5-ev-luxury-udb-49-995-20000-36;MG;MGS5 EV;Luxury · udb 49.995;suv;el;20000;36;2295;49995;0;132615;3684;249999;17,7;53,0;53,0;C;nej;importoer;MG;;automatisk;2026-08-05;2026-10-06;;https://mgmotors.dk/bestil/mgs5-ev/;465;nej;231;64,0;baghjul;453;
2026-10-09;mg-mgs5-ev-comfort-udb-49-995-20000-36;MG;MGS5 EV;Comfort · udb 49.995;suv;el;20000;36;2295;49995;0;132615;3684;224999;19,6;58,9;58,9;D;nej;importoer;MG;;automatisk;2026-08-05;2026-10-06;;https://mgmotors.dk/bestil/mgs5-ev/;480;nej;231;64,0;baghjul;453;
2026-10-09;mg-mgs5-ev-luxury-udb-34-995-20000-36;MG;MGS5 EV;Luxury · udb 34.995;suv;el;20000;36;2795;34995;0;135615;3767;249999;18,1;54,2;54,2;D;nej;importoer;MG;;automatisk;2026-08-05;2026-10-06;;https://mgmotors.dk/bestil/mgs5-ev/;465;nej;231;64,0;baghjul;453;
2026-10-09;mg-mgs5-ev-comfort-udb-34-995-20000-36;MG;MGS5 EV;Comfort · udb 34.995;suv;el;20000;36;2795;34995;0;135615;3767;224999;20,1;60,3;60,3;E;nej;importoer;MG;;automatisk;2026-08-05;2026-10-06;;https://mgmotors.dk/bestil/mgs5-ev/;480;nej;231;64,0;baghjul;453;
2026-10-09;mg-mgs5-ev-luxury-udb-50-000-25000-36;MG;MGS5 EV;Luxury · udb 50.000;suv;el;25000;36;2295;50000;0;132620;3684;249999;17,7;53,0;53,0;C;nej;importoer;MG;;automatisk;2026-09-23;2026-10-09;;https://mgmotors.dk/bestil/mgs5-ev/;465;nej;231;64,0;baghjul;453;
2026-10-09;mg-mgs5-ev-luxury-udb-35-000-25000-36;MG;MGS5 EV;Luxury · udb 35.000;suv;el;25000;36;2795;35000;0;135620;3767;249999;18,1;54,2;54,2;D;nej;importoer;MG;;automatisk;2026-09-23;2026-10-09;;https://mgmotors.dk/bestil/mgs5-ev/;465;nej;231;64,0;baghjul;453;
2026-10-09;mg-mgs5-ev-luxury-udb-49-995-25000-36;MG;MGS5 EV;Luxury · udb 49.995;suv;el;25000;36;2595;49995;0;143415;3984;249999;19,1;57,4;57,4;D;nej;importoer;MG;;automatisk;2026-08-05;2026-10-06;;https://mgmotors.dk/bestil/mgs5-ev/;465;nej;231;64,0;baghjul;453;
2026-10-09;mg-mgs5-ev-comfort-udb-49-995-25000-36;MG;MGS5 EV;Comfort · udb 49.995;suv;el;25000;36;2595;49995;0;143415;3984;224999;21,2;63,7;63,7;E;nej;importoer;MG;;automatisk;2026-08-05;2026-10-06;;https://mgmotors.dk/bestil/mgs5-ev/;480;nej;231;64,0;baghjul;453;
2026-10-09;mg-mgs5-ev-luxury-udb-34-995-25000-36;MG;MGS5 EV;Luxury · udb 34.995;suv;el;25000;36;3095;34995;0;146415;4067;249999;19,5;58,6;58,6;D;nej;importoer;MG;;automatisk;2026-08-05;2026-10-06;;https://mgmotors.dk/bestil/mgs5-ev/;465;nej;231;64,0;baghjul;453;
2026-10-09;mg-mgs5-ev-comfort-udb-34-995-25000-36;MG;MGS5 EV;Comfort · udb 34.995;suv;el;25000;36;3095;34995;0;146415;4067;224999;21,7;65,1;65,1;E;nej;importoer;MG;;automatisk;2026-08-05;2026-10-06;;https://mgmotors.dk/bestil/mgs5-ev/;480;nej;231;64,0;baghjul;453;
2026-10-09;mg-mgs5-ev-luxury-udb-50-000-30000-36;MG;MGS5 EV;Luxury · udb 50.000;suv;el;30000;36;2395;50000;0;136220;3784;249999;18,2;54,5;54,5;D;nej;importoer;MG;;automatisk;2026-09-23;2026-10-09;;https://mgmotors.dk/bestil/mgs5-ev/;465;nej;231;64,0;baghjul;453;
2026-10-09;mg-mgs5-ev-luxury-udb-35-000-30000-36;MG;MGS5 EV;Luxury · udb 35.000;suv;el;30000;36;3095;35000;0;146420;4067;249999;19,5;58,6;58,6;D;nej;importoer;MG;;automatisk;2026-09-23;2026-10-09;;https://mgmotors.dk/bestil/mgs5-ev/;465;nej;231;64,0;baghjul;453;
2026-10-09;mg-mgs5-ev-luxury-udb-49-995-30000-36;MG;MGS5 EV;Luxury · udb 49.995;suv;el;30000;36;2895;49995;0;154215;4284;249999;20,6;61,7;61,7;E;nej;importoer;MG;;automatisk;2026-08-05;2026-10-06;;https://mgmotors.dk/bestil/mgs5-ev/;465;nej;231;64,0;baghjul;453;
2026-10-09;mg-mgs5-ev-comfort-udb-49-995-30000-36;MG;MGS5 EV;Comfort · udb 49.995;suv;el;30000;36;2895;49995;0;154215;4284;224999;22,8;68,5;68,5;E;nej;importoer;MG;;automatisk;2026-08-05;2026-10-06;;https://mgmotors.dk/bestil/mgs5-ev/;480;nej;231;64,0;baghjul;453;
2026-10-09;mg-mgs5-ev-luxury-udb-34-995-30000-36;MG;MGS5 EV;Luxury · udb 34.995;suv;el;30000;36;3395;34995;0;157215;4367;249999;21,0;62,9;62,9;E;nej;importoer;MG;;automatisk;2026-08-05;2026-10-06;;https://mgmotors.dk/bestil/mgs5-ev/;465;nej;231;64,0;baghjul;453;
2026-10-09;mg-mgs5-ev-comfort-udb-34-995-30000-36;MG;MGS5 EV;Comfort · udb 34.995;suv;el;30000;36;3395;34995;0;157215;4367;224999;23,3;69,9;69,9;E;nej;importoer;MG;;automatisk;2026-08-05;2026-10-06;;https://mgmotors.dk/bestil/mgs5-ev/;480;nej;231;64,0;baghjul;453;
2026-10-09;mg-mgs5-ev-luxury-udb-50-000-35000-36;MG;MGS5 EV;Luxury · udb 50.000;suv;el;35000;36;2695;50000;0;147020;4084;249999;19,6;58,8;58,8;D;nej;importoer;MG;;automatisk;2026-09-23;2026-10-09;;https://mgmotors.dk/bestil/mgs5-ev/;465;nej;231;64,0;baghjul;453;
2026-10-09;mg-mgs5-ev-luxury-udb-35-000-35000-36;MG;MGS5 EV;Luxury · udb 35.000;suv;el;35000;36;3395;35000;0;157220;4367;249999;21,0;62,9;62,9;E;nej;importoer;MG;;automatisk;2026-09-23;2026-10-09;;https://mgmotors.dk/bestil/mgs5-ev/;465;nej;231;64,0;baghjul;453;
2026-10-09;mg-mgs5-ev-luxury-udb-49-995-35000-36;MG;MGS5 EV;Luxury · udb 49.995;suv;el;35000;36;3195;49995;0;165015;4584;249999;22,0;66,0;66,0;E;nej;importoer;MG;;automatisk;2026-08-05;2026-10-06;;https://mgmotors.dk/bestil/mgs5-ev/;465;nej;231;64,0;baghjul;453;
2026-10-09;mg-mgs5-ev-comfort-udb-49-995-35000-36;MG;MGS5 EV;Comfort · udb 49.995;suv;el;35000;36;3195;49995;0;165015;4584;224999;24,4;73,3;73,3;E;nej;importoer;MG;;automatisk;2026-08-05;2026-10-06;;https://mgmotors.dk/bestil/mgs5-ev/;480;nej;231;64,0;baghjul;453;
2026-10-09;mg-mgs5-ev-luxury-udb-34-995-35000-36;MG;MGS5 EV;Luxury · udb 34.995;suv;el;35000;36;3695;34995;0;168015;4667;249999;22,4;67,2;67,2;E;nej;importoer;MG;;automatisk;2026-08-05;2026-10-06;;https://mgmotors.dk/bestil/mgs5-ev/;465;nej;231;64,0;baghjul;453;
2026-10-09;mg-mgs5-ev-comfort-udb-34-995-35000-36;MG;MGS5 EV;Comfort · udb 34.995;suv;el;35000;36;3695;34995;0;168015;4667;224999;24,9;74,7;74,7;E;nej;importoer;MG;;automatisk;2026-08-05;2026-10-06;;https://mgmotors.dk/bestil/mgs5-ev/;480;nej;231;64,0;baghjul;453;
2026-10-09;mg-mgs5-ev-luxury-udb-50-000-40000-36;MG;MGS5 EV;Luxury · udb 50.000;suv;el;40000;36;2995;50000;0;157820;4384;249999;21,0;63,1;63,1;E;nej;importoer;MG;;automatisk;2026-09-23;2026-10-09;;https://mgmotors.dk/bestil/mgs5-ev/;465;nej;231;64,0;baghjul;453;
2026-10-09;mg-mgs5-ev-luxury-udb-35-000-40000-36;MG;MGS5 EV;Luxury · udb 35.000;suv;el;40000;36;3695;35000;0;168020;4667;249999;22,4;67,2;67,2;E;nej;importoer;MG;;automatisk;2026-09-23;2026-10-09;;https://mgmotors.dk/bestil/mgs5-ev/;465;nej;231;64,0;baghjul;453;
2026-10-09;mg-mgs5-ev-luxury-udb-49-995-40000-36;MG;MGS5 EV;Luxury · udb 49.995;suv;el;40000;36;3495;49995;0;175815;4884;249999;23,4;70,3;70,3;E;nej;importoer;MG;;automatisk;2026-08-05;2026-10-06;;https://mgmotors.dk/bestil/mgs5-ev/;465;nej;231;64,0;baghjul;453;
2026-10-09;mg-mgs5-ev-comfort-udb-49-995-40000-36;MG;MGS5 EV;Comfort · udb 49.995;suv;el;40000;36;3495;49995;0;175815;4884;224999;26,0;78,1;78,1;E;nej;importoer;MG;;automatisk;2026-08-05;2026-10-06;;https://mgmotors.dk/bestil/mgs5-ev/;480;nej;231;64,0;baghjul;453;
2026-10-09;mg-mgs5-ev-luxury-udb-34-995-40000-36;MG;MGS5 EV;Luxury · udb 34.995;suv;el;40000;36;3995;34995;0;178815;4967;249999;23,8;71,5;71,5;E;nej;importoer;MG;;automatisk;2026-08-05;2026-10-06;;https://mgmotors.dk/bestil/mgs5-ev/;465;nej;231;64,0;baghjul;453;
2026-10-09;mg-mgs5-ev-comfort-udb-34-995-40000-36;MG;MGS5 EV;Comfort · udb 34.995;suv;el;40000;36;3995;34995;0;178815;4967;224999;26,5;79,5;79,5;E;nej;importoer;MG;;automatisk;2026-08-05;2026-10-06;;https://mgmotors.dk/bestil/mgs5-ev/;480;nej;231;64,0;baghjul;453;
2026-10-09;mg-mgs6-ev-luxury-udb-49-995-15000-36;MG;MGS6 EV;Luxury · udb 49.995;suv;el;15000;36;2995;49995;0;157815;4384;299999;17,5;52,6;52,6;C;nej;importoer;MG;;automatisk;2026-08-05;2026-10-09;;https://mgmotors.dk/bestil/mgs6-ev/;530;nej;245;77,0;;493;
2026-10-09;mg-mgs6-ev-luxury-udb-49-995-20000-36;MG;MGS6 EV;Luxury · udb 49.995;suv;el;20000;36;3295;49995;0;168615;4684;299999;18,7;56,2;56,2;D;nej;importoer;MG;;automatisk;2026-08-05;2026-10-09;;https://mgmotors.dk/bestil/mgs6-ev/;530;nej;245;77,0;;493;
2026-10-09;mg-mgs6-ev-luxury-udb-49-995-25000-36;MG;MGS6 EV;Luxury · udb 49.995;suv;el;25000;36;3595;49995;0;179415;4984;299999;19,9;59,8;59,8;D;nej;importoer;MG;;automatisk;2026-08-05;2026-10-09;;https://mgmotors.dk/bestil/mgs6-ev/;530;nej;245;77,0;;493;
2026-10-09;mg-mgs6-ev-luxury-udb-49-995-30000-36;MG;MGS6 EV;Luxury · udb 49.995;suv;el;30000;36;3895;49995;0;190215;5284;299999;21,1;63,4;63,4;E;nej;importoer;MG;;automatisk;2026-08-05;2026-10-09;;https://mgmotors.dk/bestil/mgs6-ev/;530;nej;245;77,0;;493;
2026-10-09;mg-mgs6-ev-luxury-udb-49-995-35000-36;MG;MGS6 EV;Luxury · udb 49.995;suv;el;35000;36;4195;49995;0;201015;5584;299999;22,3;67,0;67,0;E;nej;importoer;MG;;automatisk;2026-08-05;2026-10-09;;https://mgmotors.dk/bestil/mgs6-ev/;530;nej;245;77,0;;493;
2026-10-09;mg-mgs6-ev-luxury-udb-49-995-40000-36;MG;MGS6 EV;Luxury · udb 49.995;suv;el;40000;36;4495;49995;0;211815;5884;299999;23,5;70,6;70,6;E;nej;importoer;MG;;automatisk;2026-08-05;2026-10-09;;https://mgmotors.dk/bestil/mgs6-ev/;530;nej;245;77,0;;493;
2026-10-09;mini-aceman-e-15000-36;MINI;Aceman;E;kompakt;el;15000;36;3119;15000;5895;133179;3699;;;;;;nej;importoer;MINI;;manuel;2026-10-06;2026-10-06;;https://www.mini.dk/da_DK/hjem/modeller/fuldelektrisk-mini-aceman/offers.html;;;;;;;
2026-10-09;mini-aceman-se-15000-36;MINI;Aceman;SE;kompakt;el;15000;36;3538;15000;5895;148263;4118;;;;;;nej;importoer;MINI;;manuel;2026-10-06;2026-10-06;;https://www.mini.dk/da_DK/hjem/modeller/fuldelektrisk-mini-aceman/offers.html;;;;;;;
2026-10-09;mini-cooper-e-15000-36;MINI;Cooper;E;minibil;el;15000;36;3151;15000;5895;134331;3731;;;;;;nej;importoer;MINI;;manuel;2026-10-06;2026-10-06;;https://www.mini.dk/da_DK/hjem/modeller/fuldelektrisk-mini-cooper/offers.html;;;;;;;
2026-10-09;mini-cooper-se-15000-36;MINI;Cooper;SE;minibil;el;15000;36;3632;15000;5895;151647;4212;;;;;;nej;importoer;MINI;;manuel;2026-10-06;2026-10-06;;https://www.mini.dk/da_DK/hjem/modeller/fuldelektrisk-mini-cooper/offers.html;;;;;;;
2026-10-09;mini-countryman-e-15000-36;MINI;Countryman;E;suv;el;15000;36;4008;15000;5895;165183;4588;;;;;;nej;importoer;MINI;;manuel;2026-10-06;2026-10-06;;https://www.mini.dk/da_DK/hjem/modeller/fuldelektrisk-mini-countryman/offers.html;;;;;;;
2026-10-09;mini-countryman-se-all4-15000-36;MINI;Countryman;SE ALL4;suv;el;15000;36;4658;15000;5895;188583;5238;;;;;;nej;importoer;MINI;;manuel;2026-10-06;2026-10-06;;https://www.mini.dk/da_DK/hjem/modeller/fuldelektrisk-mini-countryman/offers.html;;;;;;;
2026-10-09;mazda-2-hybrid-1-5-hybrid-vvt-i-116-hk-cvt-aut-prime-line-udb-14-995-10000-48;Mazda;2 Hybrid;1.5 Hybrid VVT-i (116 hk) CVT aut. Prime-Line · udb 14.995;minibil;hybrid;10000;48;3095;14995;600;164155;3420;223990;18,3;55,0;73,3;D;nej;importoer;Mazda;;automatisk;2026-10-01;2026-10-09;;https://media-assets.mazda.eu/raw/upload//mazdadk/globalassets/mmdk/2026-prislister/juli/mazda2-hybrid-priser-og-udstyr-juli-2026.pdf?rnd=4a4fd6;;;116;;;286;
2026-10-09;mazda-2-hybrid-1-5-hybrid-vvt-i-116-hk-cvt-aut-prime-line-udb-14-995-15000-48;Mazda;2 Hybrid;1.5 Hybrid VVT-i (116 hk) CVT aut. Prime-Line · udb 14.995;minibil;hybrid;15000;48;3195;14995;600;168955;3520;223990;18,9;56,6;75,4;D;nej;importoer;Mazda;;automatisk;2026-10-01;2026-10-09;;https://media-assets.mazda.eu/raw/upload//mazdadk/globalassets/mmdk/2026-prislister/juli/mazda2-hybrid-priser-og-udstyr-juli-2026.pdf?rnd=4a4fd6;;;116;;;286;
2026-10-09;mazda-2-hybrid-1-5-hybrid-vvt-i-116-hk-cvt-aut-prime-line-udb-14-995-20000-48;Mazda;2 Hybrid;1.5 Hybrid VVT-i (116 hk) CVT aut. Prime-Line · udb 14.995;minibil;hybrid;20000;48;3495;14995;600;183355;3820;223990;20,5;61,4;81,9;E;nej;importoer;Mazda;;automatisk;2026-10-01;2026-10-09;;https://media-assets.mazda.eu/raw/upload//mazdadk/globalassets/mmdk/2026-prislister/juli/mazda2-hybrid-priser-og-udstyr-juli-2026.pdf?rnd=4a4fd6;;;116;;;286;
2026-10-09;mazda-3-hatchback-2-5-e-skyactiv-g-140-hk-6-trins-aut-nagisa-udb-14-995-10000-48;Mazda;3 Hatchback;2.5 E-Skyactiv G 140 hk 6-trins aut. Nagisa · udb 14.995;kompakt;benzin;10000;48;3895;14995;600;202555;4220;314700;16,1;48,3;64,4;C;nej;importoer;Mazda;;automatisk;2026-10-01;2026-10-09;;https://media-assets.mazda.eu/raw/upload//mazdadk/globalassets/mmdk/2026-prislister/juli/mazda3-priser-juli-2026.pdf?rnd=4a4ec2;;;140;;forhjul;351;
2026-10-09;mazda-3-hatchback-2-5-e-skyactiv-g-140-hk-6-trins-aut-homura-udb-14-995-10000-48;Mazda;3 Hatchback;2.5 E-Skyactiv G 140 hk 6-trins aut. Homura · udb 14.995;kompakt;benzin;10000;48;3995;14995;600;207355;4320;308700;16,8;50,4;67,2;C;nej;importoer;Mazda;;automatisk;2026-10-01;2026-10-09;;https://media-assets.mazda.eu/raw/upload//mazdadk/globalassets/mmdk/2026-prislister/juli/mazda3-priser-juli-2026.pdf?rnd=4a4ec2;;;140;;forhjul;351;
2026-10-09;mazda-3-hatchback-2-5-e-skyactiv-g-140-hk-6-trins-aut-homura-plus-udb-14-995-10000-48;Mazda;3 Hatchback;2.5 E-Skyactiv G 140 hk 6-trins aut. Homura Plus · udb 14.995;kompakt;benzin;10000;48;4095;14995;600;212155;4420;334800;15,8;47,5;63,4;C;nej;importoer;Mazda;;automatisk;2026-10-01;2026-10-09;;https://media-assets.mazda.eu/raw/upload//mazdadk/globalassets/mmdk/2026-prislister/juli/mazda3-priser-juli-2026.pdf?rnd=4a4ec2;;;140;;forhjul;351;
2026-10-09;mazda-3-hatchback-2-5-e-skyactiv-g-140-hk-6-trins-aut-nagisa-udb-14-995-15000-48;Mazda;3 Hatchback;2.5 E-Skyactiv G 140 hk 6-trins aut. Nagisa · udb 14.995;kompakt;benzin;15000;48;3995;14995;600;207355;4320;314700;16,5;49,4;65,9;C;nej;importoer;Mazda;;automatisk;2026-10-01;2026-10-09;;https://media-assets.mazda.eu/raw/upload//mazdadk/globalassets/mmdk/2026-prislister/juli/mazda3-priser-juli-2026.pdf?rnd=4a4ec2;;;140;;forhjul;351;
2026-10-09;mazda-3-hatchback-2-5-e-skyactiv-g-140-hk-6-trins-aut-homura-udb-14-995-15000-48;Mazda;3 Hatchback;2.5 E-Skyactiv G 140 hk 6-trins aut. Homura · udb 14.995;kompakt;benzin;15000;48;4095;14995;600;212155;4420;308700;17,2;51,5;68,7;C;nej;importoer;Mazda;;automatisk;2026-10-01;2026-10-09;;https://media-assets.mazda.eu/raw/upload//mazdadk/globalassets/mmdk/2026-prislister/juli/mazda3-priser-juli-2026.pdf?rnd=4a4ec2;;;140;;forhjul;351;
2026-10-09;mazda-3-hatchback-2-5-e-skyactiv-g-140-hk-6-trins-aut-homura-plus-udb-14-995-15000-48;Mazda;3 Hatchback;2.5 E-Skyactiv G 140 hk 6-trins aut. Homura Plus · udb 14.995;kompakt;benzin;15000;48;4195;14995;600;216955;4520;334800;16,2;48,6;64,8;C;nej;importoer;Mazda;;automatisk;2026-10-01;2026-10-09;;https://media-assets.mazda.eu/raw/upload//mazdadk/globalassets/mmdk/2026-prislister/juli/mazda3-priser-juli-2026.pdf?rnd=4a4ec2;;;140;;forhjul;351;
2026-10-09;mazda-3-hatchback-2-5-e-skyactiv-g-140-hk-6-trins-aut-nagisa-udb-14-995-20000-48;Mazda;3 Hatchback;2.5 E-Skyactiv G 140 hk 6-trins aut. Nagisa · udb 14.995;kompakt;benzin;20000;48;4295;14995;600;221755;4620;314700;17,6;52,9;70,5;C;nej;importoer;Mazda;;automatisk;2026-10-01;2026-10-09;;https://media-assets.mazda.eu/raw/upload//mazdadk/globalassets/mmdk/2026-prislister/juli/mazda3-priser-juli-2026.pdf?rnd=4a4ec2;;;140;;forhjul;351;
2026-10-09;mazda-3-hatchback-2-5-e-skyactiv-g-140-hk-6-trins-aut-homura-udb-14-995-20000-48;Mazda;3 Hatchback;2.5 E-Skyactiv G 140 hk 6-trins aut. Homura · udb 14.995;kompakt;benzin;20000;48;4395;14995;600;226555;4720;308700;18,3;55,0;73,4;D;nej;importoer;Mazda;;automatisk;2026-10-01;2026-10-09;;https://media-assets.mazda.eu/raw/upload//mazdadk/globalassets/mmdk/2026-prislister/juli/mazda3-priser-juli-2026.pdf?rnd=4a4ec2;;;140;;forhjul;351;
2026-10-09;mazda-3-hatchback-2-5-e-skyactiv-g-140-hk-6-trins-aut-homura-plus-udb-14-995-20000-48;Mazda;3 Hatchback;2.5 E-Skyactiv G 140 hk 6-trins aut. Homura Plus · udb 14.995;kompakt;benzin;20000;48;4495;14995;600;231355;4820;334800;17,3;51,8;69,1;C;nej;importoer;Mazda;;automatisk;2026-10-01;2026-10-09;;https://media-assets.mazda.eu/raw/upload//mazdadk/globalassets/mmdk/2026-prislister/juli/mazda3-priser-juli-2026.pdf?rnd=4a4ec2;;;140;;forhjul;351;
2026-10-09;mazda-cx-30-2-5-e-skyactiv-g-140-hk-6-trins-aut-homura-udb-19-995-10000-48;Mazda;CX-30;2.5 E-Skyactiv G 140 hk 6-trins aut. Homura · udb 19.995;suv;benzin;10000;48;3895;19995;600;207555;4324;333500;15,6;46,7;62,2;C;nej;importoer;Mazda;;automatisk;2026-10-01;2026-10-09;;https://media-assets.mazda.eu/raw/upload//mazdadk/globalassets/mmdk/2026-prislister/juli/cx-30-priser-juli-2026.pdf?rnd=4a4e67;;;140;;forhjul;430;
2026-10-09;mazda-cx-30-2-5-e-skyactiv-g-140-hk-6-trins-aut-makoto-udb-19-995-10000-48;Mazda;CX-30;2.5 E-Skyactiv G 140 hk 6-trins aut. Makoto · udb 19.995;suv;benzin;10000;48;3995;19995;600;212355;4424;342100;15,5;46,6;62,1;C;nej;importoer;Mazda;;automatisk;2026-10-01;2026-10-09;;https://media-assets.mazda.eu/raw/upload//mazdadk/globalassets/mmdk/2026-prislister/juli/cx-30-priser-juli-2026.pdf?rnd=4a4e67;;;140;;forhjul;430;
2026-10-09;mazda-cx-30-2-5-e-skyactiv-g-140-hk-6-trins-aut-homura-plus-udb-19-995-10000-48;Mazda;CX-30;2.5 E-Skyactiv G 140 hk 6-trins aut. Homura Plus · udb 19.995;suv;benzin;10000;48;4195;19995;600;221955;4624;362900;15,3;45,9;61,2;C;nej;importoer;Mazda;;automatisk;2026-10-01;2026-10-09;;https://media-assets.mazda.eu/raw/upload//mazdadk/globalassets/mmdk/2026-prislister/juli/cx-30-priser-juli-2026.pdf?rnd=4a4e67;;;140;;forhjul;430;
2026-10-09;mazda-cx-30-2-5-e-skyactiv-g-140-hk-6-trins-aut-homura-udb-19-995-15000-48;Mazda;CX-30;2.5 E-Skyactiv G 140 hk 6-trins aut. Homura · udb 19.995;suv;benzin;15000;48;3995;19995;600;212355;4424;333500;15,9;47,8;63,7;C;nej;importoer;Mazda;;automatisk;2026-10-01;2026-10-09;;https://media-assets.mazda.eu/raw/upload//mazdadk/globalassets/mmdk/2026-prislister/juli/cx-30-priser-juli-2026.pdf?rnd=4a4e67;;;140;;forhjul;430;
2026-10-09;mazda-cx-30-2-5-e-skyactiv-g-140-hk-6-trins-aut-makoto-udb-19-995-15000-48;Mazda;CX-30;2.5 E-Skyactiv G 140 hk 6-trins aut. Makoto · udb 19.995;suv;benzin;15000;48;4095;19995;600;217155;4524;342100;15,9;47,6;63,5;C;nej;importoer;Mazda;;automatisk;2026-10-01;2026-10-09;;https://media-assets.mazda.eu/raw/upload//mazdadk/globalassets/mmdk/2026-prislister/juli/cx-30-priser-juli-2026.pdf?rnd=4a4e67;;;140;;forhjul;430;
2026-10-09;mazda-cx-30-2-5-e-skyactiv-g-140-hk-6-trins-aut-homura-plus-udb-19-995-15000-48;Mazda;CX-30;2.5 E-Skyactiv G 140 hk 6-trins aut. Homura Plus · udb 19.995;suv;benzin;15000;48;4295;19995;600;226755;4724;362900;15,6;46,9;62,5;C;nej;importoer;Mazda;;automatisk;2026-10-01;2026-10-09;;https://media-assets.mazda.eu/raw/upload//mazdadk/globalassets/mmdk/2026-prislister/juli/cx-30-priser-juli-2026.pdf?rnd=4a4e67;;;140;;forhjul;430;
2026-10-09;mazda-cx-30-2-5-e-skyactiv-g-140-hk-6-trins-aut-homura-udb-19-995-20000-48;Mazda;CX-30;2.5 E-Skyactiv G 140 hk 6-trins aut. Homura · udb 19.995;suv;benzin;20000;48;4295;19995;600;226755;4724;333500;17,0;51,0;68,0;C;nej;importoer;Mazda;;automatisk;2026-10-01;2026-10-09;;https://media-assets.mazda.eu/raw/upload//mazdadk/globalassets/mmdk/2026-prislister/juli/cx-30-priser-juli-2026.pdf?rnd=4a4e67;;;140;;forhjul;430;
2026-10-09;mazda-cx-30-2-5-e-skyactiv-g-140-hk-6-trins-aut-makoto-udb-19-995-20000-48;Mazda;CX-30;2.5 E-Skyactiv G 140 hk 6-trins aut. Makoto · udb 19.995;suv;benzin;20000;48;4395;19995;600;231555;4824;342100;16,9;50,8;67,7;C;nej;importoer;Mazda;;automatisk;2026-10-01;2026-10-09;;https://media-assets.mazda.eu/raw/upload//mazdadk/globalassets/mmdk/2026-prislister/juli/cx-30-priser-juli-2026.pdf?rnd=4a4e67;;;140;;forhjul;430;
2026-10-09;mazda-cx-30-2-5-e-skyactiv-g-140-hk-6-trins-aut-homura-plus-udb-19-995-20000-48;Mazda;CX-30;2.5 E-Skyactiv G 140 hk 6-trins aut. Homura Plus · udb 19.995;suv;benzin;20000;48;4595;19995;600;241155;5024;362900;16,6;49,8;66,5;C;nej;importoer;Mazda;;automatisk;2026-10-01;2026-10-09;;https://media-assets.mazda.eu/raw/upload//mazdadk/globalassets/mmdk/2026-prislister/juli/cx-30-priser-juli-2026.pdf?rnd=4a4e67;;;140;;forhjul;430;
2026-10-09;mazda-cx-6e-takumi-258-hk-78-kwh-udb-49-995-10000-48;Mazda;CX-6e;Takumi 258 hk 78 kWh · udb 49.995;suv;el;10000;48;3895;49995;600;237555;4949;329990;18,0;54,0;72,0;D;nej;importoer;Mazda;;automatisk;2026-10-01;2026-10-09;;https://media-assets.mazda.eu/raw/upload//mazdadk/globalassets/mmdk/2026-prislister/september/mazda-cx-6e-priser-og-udstyr-september-update.pdf?rnd=4a7bbd;484;nej;258;78,0;baghjul;468;
2026-10-09;mazda-cx-6e-takumi-21-258-hk-78-kwh-udb-49-995-10000-48;Mazda;CX-6e;"Takumi 21"" 258 hk 78 kWh · udb 49.995";suv;el;10000;48;4095;49995;600;247155;5149;339980;18,2;54,5;72,7;D;nej;importoer;Mazda;;automatisk;2026-10-01;2026-10-09;;https://media-assets.mazda.eu/raw/upload//mazdadk/globalassets/mmdk/2026-prislister/september/mazda-cx-6e-priser-og-udstyr-september-update.pdf?rnd=4a7bbd;468;nej;258;78,0;baghjul;468;
2026-10-09;mazda-cx-6e-takumi-258-hk-78-kwh-udb-24-995-10000-48;Mazda;CX-6e;Takumi 258 hk 78 kWh · udb 24.995;suv;el;10000;48;4695;24995;600;250955;5228;329990;19,0;57,0;76,0;D;nej;importoer;Mazda;;automatisk;2026-10-01;2026-10-09;;https://media-assets.mazda.eu/raw/upload//mazdadk/globalassets/mmdk/2026-prislister/september/mazda-cx-6e-priser-og-udstyr-september-update.pdf?rnd=4a7bbd;484;nej;258;78,0;baghjul;468;
2026-10-09;mazda-cx-6e-takumi-plus-258-hk-78-kwh-udb-49-995-10000-48;Mazda;CX-6e;Takumi Plus 258 hk 78 kWh · udb 49.995;suv;el;10000;48;4295;49995;600;256755;5349;352490;18,2;54,6;72,8;D;nej;importoer;Mazda;;automatisk;2026-10-01;2026-10-09;;https://media-assets.mazda.eu/raw/upload//mazdadk/globalassets/mmdk/2026-prislister/september/mazda-cx-6e-priser-og-udstyr-september-update.pdf?rnd=4a7bbd;468;nej;258;78,0;baghjul;468;
2026-10-09;mazda-cx-6e-takumi-21-258-hk-78-kwh-udb-24-995-10000-48;Mazda;CX-6e;"Takumi 21"" 258 hk 78 kWh · udb 24.995";suv;el;10000;48;4895;24995;600;260555;5428;339980;19,2;57,5;76,6;D;nej;importoer;Mazda;;automatisk;2026-10-01;2026-10-09;;https://media-assets.mazda.eu/raw/upload//mazdadk/globalassets/mmdk/2026-prislister/september/mazda-cx-6e-priser-og-udstyr-september-update.pdf?rnd=4a7bbd;468;nej;258;78,0;baghjul;468;
2026-10-09;mazda-cx-6e-takumi-plus-258-hk-78-kwh-udb-24-995-10000-48;Mazda;CX-6e;Takumi Plus 258 hk 78 kWh · udb 24.995;suv;el;10000;48;5095;24995;600;270155;5628;352490;19,2;57,5;76,6;D;nej;importoer;Mazda;;automatisk;2026-10-01;2026-10-09;;https://media-assets.mazda.eu/raw/upload//mazdadk/globalassets/mmdk/2026-prislister/september/mazda-cx-6e-priser-og-udstyr-september-update.pdf?rnd=4a7bbd;468;nej;258;78,0;baghjul;468;
2026-10-09;mazda-cx-6e-takumi-258-hk-78-kwh-udb-49-995-15000-48;Mazda;CX-6e;Takumi 258 hk 78 kWh · udb 49.995;suv;el;15000;48;4195;49995;600;251955;5249;329990;19,1;57,3;76,4;D;nej;importoer;Mazda;;automatisk;2026-10-01;2026-10-09;;https://media-assets.mazda.eu/raw/upload//mazdadk/globalassets/mmdk/2026-prislister/september/mazda-cx-6e-priser-og-udstyr-september-update.pdf?rnd=4a7bbd;484;nej;258;78,0;baghjul;468;
2026-10-09;mazda-cx-6e-takumi-21-258-hk-78-kwh-udb-49-995-15000-48;Mazda;CX-6e;"Takumi 21"" 258 hk 78 kWh · udb 49.995";suv;el;15000;48;4395;49995;600;261555;5449;339980;19,2;57,7;76,9;D;nej;importoer;Mazda;;automatisk;2026-10-01;2026-10-09;;https://media-assets.mazda.eu/raw/upload//mazdadk/globalassets/mmdk/2026-prislister/september/mazda-cx-6e-priser-og-udstyr-september-update.pdf?rnd=4a7bbd;468;nej;258;78,0;baghjul;468;
2026-10-09;mazda-cx-6e-takumi-258-hk-78-kwh-udb-24-995-15000-48;Mazda;CX-6e;Takumi 258 hk 78 kWh · udb 24.995;suv;el;15000;48;4995;24995;600;265355;5528;329990;20,1;60,3;80,4;E;nej;importoer;Mazda;;automatisk;2026-10-01;2026-10-09;;https://media-assets.mazda.eu/raw/upload//mazdadk/globalassets/mmdk/2026-prislister/september/mazda-cx-6e-priser-og-udstyr-september-update.pdf?rnd=4a7bbd;484;nej;258;78,0;baghjul;468;
2026-10-09;mazda-cx-6e-takumi-plus-258-hk-78-kwh-udb-49-995-15000-48;Mazda;CX-6e;Takumi Plus 258 hk 78 kWh · udb 49.995;suv;el;15000;48;4595;49995;600;271155;5649;352490;19,2;57,7;76,9;D;nej;importoer;Mazda;;automatisk;2026-10-01;2026-10-09;;https://media-assets.mazda.eu/raw/upload//mazdadk/globalassets/mmdk/2026-prislister/september/mazda-cx-6e-priser-og-udstyr-september-update.pdf?rnd=4a7bbd;468;nej;258;78,0;baghjul;468;
2026-10-09;mazda-cx-6e-takumi-21-258-hk-78-kwh-udb-24-995-15000-48;Mazda;CX-6e;"Takumi 21"" 258 hk 78 kWh · udb 24.995";suv;el;15000;48;5195;24995;600;274955;5728;339980;20,2;60,7;80,9;E;nej;importoer;Mazda;;automatisk;2026-10-01;2026-10-09;;https://media-assets.mazda.eu/raw/upload//mazdadk/globalassets/mmdk/2026-prislister/september/mazda-cx-6e-priser-og-udstyr-september-update.pdf?rnd=4a7bbd;468;nej;258;78,0;baghjul;468;
2026-10-09;mazda-cx-6e-takumi-plus-258-hk-78-kwh-udb-24-995-15000-48;Mazda;CX-6e;Takumi Plus 258 hk 78 kWh · udb 24.995;suv;el;15000;48;5395;24995;600;284555;5928;352490;20,2;60,5;80,7;E;nej;importoer;Mazda;;automatisk;2026-10-01;2026-10-09;;https://media-assets.mazda.eu/raw/upload//mazdadk/globalassets/mmdk/2026-prislister/september/mazda-cx-6e-priser-og-udstyr-september-update.pdf?rnd=4a7bbd;468;nej;258;78,0;baghjul;468;
2026-10-09;mazda-cx-6e-takumi-258-hk-78-kwh-udb-49-995-20000-48;Mazda;CX-6e;Takumi 258 hk 78 kWh · udb 49.995;suv;el;20000;48;4495;49995;600;266355;5549;329990;20,2;60,5;80,7;E;nej;importoer;Mazda;;automatisk;2026-10-01;2026-10-09;;https://media-assets.mazda.eu/raw/upload//mazdadk/globalassets/mmdk/2026-prislister/september/mazda-cx-6e-priser-og-udstyr-september-update.pdf?rnd=4a7bbd;484;nej;258;78,0;baghjul;468;
2026-10-09;mazda-cx-6e-takumi-21-258-hk-78-kwh-udb-49-995-20000-48;Mazda;CX-6e;"Takumi 21"" 258 hk 78 kWh · udb 49.995";suv;el;20000;48;4695;49995;600;275955;5749;339980;20,3;60,9;81,2;E;nej;importoer;Mazda;;automatisk;2026-10-01;2026-10-09;;https://media-assets.mazda.eu/raw/upload//mazdadk/globalassets/mmdk/2026-prislister/september/mazda-cx-6e-priser-og-udstyr-september-update.pdf?rnd=4a7bbd;468;nej;258;78,0;baghjul;468;
2026-10-09;mazda-cx-6e-takumi-258-hk-78-kwh-udb-24-995-20000-48;Mazda;CX-6e;Takumi 258 hk 78 kWh · udb 24.995;suv;el;20000;48;5295;24995;600;279755;5828;329990;21,2;63,6;84,8;E;nej;importoer;Mazda;;automatisk;2026-10-01;2026-10-09;;https://media-assets.mazda.eu/raw/upload//mazdadk/globalassets/mmdk/2026-prislister/september/mazda-cx-6e-priser-og-udstyr-september-update.pdf?rnd=4a7bbd;484;nej;258;78,0;baghjul;468;
2026-10-09;mazda-cx-6e-takumi-plus-258-hk-78-kwh-udb-49-995-20000-48;Mazda;CX-6e;Takumi Plus 258 hk 78 kWh · udb 49.995;suv;el;20000;48;4895;49995;600;285555;5949;352490;20,3;60,8;81,0;E;nej;importoer;Mazda;;automatisk;2026-10-01;2026-10-09;;https://media-assets.mazda.eu/raw/upload//mazdadk/globalassets/mmdk/2026-prislister/september/mazda-cx-6e-priser-og-udstyr-september-update.pdf?rnd=4a7bbd;468;nej;258;78,0;baghjul;468;
2026-10-09;mazda-cx-6e-takumi-21-258-hk-78-kwh-udb-24-995-20000-48;Mazda;CX-6e;"Takumi 21"" 258 hk 78 kWh · udb 24.995";suv;el;20000;48;5495;24995;600;289355;6028;339980;21,3;63,8;85,1;E;nej;importoer;Mazda;;automatisk;2026-10-01;2026-10-09;;https://media-assets.mazda.eu/raw/upload//mazdadk/globalassets/mmdk/2026-prislister/september/mazda-cx-6e-priser-og-udstyr-september-update.pdf?rnd=4a7bbd;468;nej;258;78,0;baghjul;468;
2026-10-09;mazda-cx-6e-takumi-plus-258-hk-78-kwh-udb-24-995-20000-48;Mazda;CX-6e;Takumi Plus 258 hk 78 kWh · udb 24.995;suv;el;20000;48;5695;24995;600;298955;6228;352490;21,2;63,6;84,8;E;nej;importoer;Mazda;;automatisk;2026-10-01;2026-10-09;;https://media-assets.mazda.eu/raw/upload//mazdadk/globalassets/mmdk/2026-prislister/september/mazda-cx-6e-priser-og-udstyr-september-update.pdf?rnd=4a7bbd;468;nej;258;78,0;baghjul;468;
2026-10-09;mercedes-c-klasse-c-300-4matic-advance-plus-inkl-forsikring-15000-36;Mercedes-Benz;C-Klasse;C 300 4MATIC Advance Plus · inkl. forsikring;mellemklasse;el;15000;36;6095;34990;6400;260810;7245;;;;;;ja;importoer;Mercedes-Benz;;manuel;2026-10-06;2026-10-06;;https://www.mercedes-benz.dk/passengercars/campaigns/finance/privatleasing.html;;;;;;;
2026-10-09;mercedes-c-klasse-c-300-4matic-advance-plus-inkl-forsikring-15000-24;Mercedes-Benz;C-Klasse;C 300 4MATIC Advance Plus · inkl. forsikring;mellemklasse;el;15000;24;5795;34990;5750;179820;7492;;;;;;ja;importoer;Mercedes-Benz;;manuel;2026-10-06;2026-10-06;;https://www.mercedes-benz.dk/passengercars/campaigns/finance/privatleasing.html;;;;;;;
2026-10-09;mercedes-c-klasse-c-400-4matic-advance-plus-inkl-forsikring-15000-36;Mercedes-Benz;C-Klasse;C 400 4MATIC Advance Plus · inkl. forsikring;mellemklasse;el;15000;36;6595;34990;6400;278810;7745;549900;16,9;50,7;50,7;C;ja;importoer;Mercedes-Benz;;manuel;2026-07-21;2026-10-06;;https://www.mercedes-benz.dk/passengercars/campaigns/finance/privatleasing.html;753;ja;489;94,0;4wd;470;5
2026-10-09;mercedes-c-klasse-c-400-4matic-advance-plus-inkl-forsikring-15000-24;Mercedes-Benz;C-Klasse;C 400 4MATIC Advance Plus · inkl. forsikring;mellemklasse;el;15000;24;6295;34990;5750;191820;7992;549900;17,4;52,3;34,9;C;ja;importoer;Mercedes-Benz;;manuel;2026-07-21;2026-10-06;;https://www.mercedes-benz.dk/passengercars/campaigns/finance/privatleasing.html;753;ja;489;94,0;4wd;470;5
2026-10-09;mercedes-c-klasse-c-300-4matic-advance-plus-inkl-forsikring-15000-12;Mercedes-Benz;C-Klasse;C 300 4MATIC Advance Plus · inkl. forsikring;mellemklasse;el;15000;12;5495;34990;5450;106380;8865;;;;;;ja;importoer;Mercedes-Benz;;manuel;2026-10-06;2026-10-06;;https://www.mercedes-benz.dk/passengercars/campaigns/finance/privatleasing.html;;;;;;;
2026-10-09;mercedes-c-klasse-c-400-4matic-advance-plus-inkl-forsikring-15000-12;Mercedes-Benz;C-Klasse;C 400 4MATIC Advance Plus · inkl. forsikring;mellemklasse;el;15000;12;5995;34990;5450;112380;9365;549900;20,4;61,3;20,4;E;ja;importoer;Mercedes-Benz;;manuel;2026-07-21;2026-10-06;;https://www.mercedes-benz.dk/passengercars/campaigns/finance/privatleasing.html;753;ja;489;94,0;4wd;470;5
2026-10-09;mercedes-cla-250-advance-edition-inkl-forsikring-15000-36;Mercedes-Benz;CLA;250+ Advance Edition · inkl. forsikring;mellemklasse;el;15000;36;4695;34990;6400;210410;5845;419900;16,7;50,1;50,1;C;ja;importoer;Mercedes-Benz;;manuel;2026-07-21;2026-10-06;;https://www.mercedes-benz.dk/passengercars/campaigns/finance/privatleasing.html;772;ja;272;85,0;baghjul;405;5
2026-10-09;mercedes-cla-250-advance-edition-inkl-forsikring-15000-24;Mercedes-Benz;CLA;250+ Advance Edition · inkl. forsikring;mellemklasse;el;15000;24;4395;29990;5750;141220;5884;419900;16,8;50,4;33,6;C;ja;importoer;Mercedes-Benz;;manuel;2026-07-21;2026-10-06;;https://www.mercedes-benz.dk/passengercars/campaigns/finance/privatleasing.html;772;ja;272;85,0;baghjul;405;5
2026-10-09;mercedes-cla-250-advance-edition-shooting-brake-inkl-forsikring-15000-36;Mercedes-Benz;CLA;250+ Advance Edition Shooting Brake · inkl. forsikring;mellemklasse;el;15000;36;4895;34990;6400;217610;6045;429946;16,9;50,6;50,6;C;ja;importoer;Mercedes-Benz;;manuel;2026-07-21;2026-10-06;;https://www.mercedes-benz.dk/passengercars/campaigns/finance/privatleasing.html;748;ja;272;85,0;baghjul;455;5
2026-10-09;mercedes-cla-250-advance-edition-shooting-brake-inkl-forsikring-15000-24;Mercedes-Benz;CLA;250+ Advance Edition Shooting Brake · inkl. forsikring;mellemklasse;el;15000;24;4595;29990;5750;146020;6084;429946;17,0;50,9;34,0;C;ja;importoer;Mercedes-Benz;;manuel;2026-07-21;2026-10-06;;https://www.mercedes-benz.dk/passengercars/campaigns/finance/privatleasing.html;748;ja;272;85,0;baghjul;455;5
2026-10-09;mercedes-cla-350-4matic-advance-edition-inkl-forsikring-15000-36;Mercedes-Benz;CLA;350 4MATIC Advance Edition · inkl. forsikring;mellemklasse;el;15000;36;4995;34990;6400;221210;6145;459946;16,0;48,1;48,1;C;ja;importoer;Mercedes-Benz;;manuel;2026-07-21;2026-10-06;;https://www.mercedes-benz.dk/passengercars/campaigns/finance/privatleasing.html;751;ja;354;85,0;4wd;405;5
2026-10-09;mercedes-cla-350-4matic-advance-edition-inkl-forsikring-15000-24;Mercedes-Benz;CLA;350 4MATIC Advance Edition · inkl. forsikring;mellemklasse;el;15000;24;4695;29990;5750;148420;6184;459946;16,1;48,4;32,3;C;ja;importoer;Mercedes-Benz;;manuel;2026-07-21;2026-10-06;;https://www.mercedes-benz.dk/passengercars/campaigns/finance/privatleasing.html;751;ja;354;85,0;4wd;405;5
2026-10-09;mercedes-cla-350-4m-advance-edition-shooting-brake-inkl-forsikring-15000-36;Mercedes-Benz;CLA;350 4M Advance Edition Shooting Brake · inkl. forsikring;mellemklasse;el;15000;36;5195;34990;6400;228410;6345;469946;16,2;48,6;48,6;C;ja;importoer;Mercedes-Benz;;manuel;2026-07-21;2026-10-06;;https://www.mercedes-benz.dk/passengercars/campaigns/finance/privatleasing.html;723;ja;354;85,0;4wd;455;5
2026-10-09;mercedes-cla-350-4m-advance-edition-shooting-brake-inkl-forsikring-15000-24;Mercedes-Benz;CLA;350 4M Advance Edition Shooting Brake · inkl. forsikring;mellemklasse;el;15000;24;4895;29990;5750;153220;6384;469946;16,3;48,9;32,6;C;ja;importoer;Mercedes-Benz;;manuel;2026-07-21;2026-10-06;;https://www.mercedes-benz.dk/passengercars/campaigns/finance/privatleasing.html;723;ja;354;85,0;4wd;455;5
2026-10-09;mercedes-cla-250-advance-edition-inkl-forsikring-15000-12;Mercedes-Benz;CLA;250+ Advance Edition · inkl. forsikring;mellemklasse;el;15000;12;5095;19990;5450;86580;7215;419900;20,6;61,9;20,6;E;ja;importoer;Mercedes-Benz;;manuel;2026-07-21;2026-10-06;;https://www.mercedes-benz.dk/passengercars/campaigns/finance/privatleasing.html;772;ja;272;85,0;baghjul;405;5
2026-10-09;mercedes-cla-250-advance-edition-shooting-brake-inkl-forsikring-15000-12;Mercedes-Benz;CLA;250+ Advance Edition Shooting Brake · inkl. forsikring;mellemklasse;el;15000;12;5295;19990;5450;88980;7415;429946;20,7;62,1;20,7;E;ja;importoer;Mercedes-Benz;;manuel;2026-07-21;2026-10-06;;https://www.mercedes-benz.dk/passengercars/campaigns/finance/privatleasing.html;748;ja;272;85,0;baghjul;455;5
2026-10-09;mercedes-cla-350-4matic-advance-edition-inkl-forsikring-15000-12;Mercedes-Benz;CLA;350 4MATIC Advance Edition · inkl. forsikring;mellemklasse;el;15000;12;5395;19990;5450;90180;7515;459946;19,6;58,8;19,6;D;ja;importoer;Mercedes-Benz;;manuel;2026-07-21;2026-10-06;;https://www.mercedes-benz.dk/passengercars/campaigns/finance/privatleasing.html;751;ja;354;85,0;4wd;405;5
2026-10-09;mercedes-cla-350-4m-advance-edition-shooting-brake-inkl-forsikring-15000-12;Mercedes-Benz;CLA;350 4M Advance Edition Shooting Brake · inkl. forsikring;mellemklasse;el;15000;12;5595;19990;5450;92580;7715;469946;19,7;59,1;19,7;D;ja;importoer;Mercedes-Benz;;manuel;2026-07-21;2026-10-06;;https://www.mercedes-benz.dk/passengercars/campaigns/finance/privatleasing.html;723;ja;354;85,0;4wd;455;5
2026-10-09;mercedes-cla-45-amg-4matic-inkl-forsikring-15000-36;Mercedes-Benz;CLA;45 AMG 4MATIC · inkl. forsikring;mellemklasse;el;15000;36;6995;44990;6400;303210;8422;;;;;;ja;importoer;Mercedes-Benz;;manuel;2026-10-06;2026-10-06;;https://www.mercedes-benz.dk/passengercars/campaigns/finance/privatleasing.html;;;;;;;
2026-10-09;mercedes-cla-45-amg-4matic-shooting-brake-inkl-forsikring-15000-36;Mercedes-Benz;CLA;45 AMG 4MATIC Shooting Brake · inkl. forsikring;mellemklasse;el;15000;36;7295;44990;6400;314010;8722;;;;;;ja;importoer;Mercedes-Benz;;manuel;2026-10-06;2026-10-06;;https://www.mercedes-benz.dk/passengercars/campaigns/finance/privatleasing.html;;;;;;;
2026-10-09;mercedes-cla-45-amg-4matic-inkl-forsikring-15000-24;Mercedes-Benz;CLA;45 AMG 4MATIC · inkl. forsikring;mellemklasse;el;15000;24;6995;44990;5750;218620;9109;;;;;;ja;importoer;Mercedes-Benz;;manuel;2026-10-06;2026-10-06;;https://www.mercedes-benz.dk/passengercars/campaigns/finance/privatleasing.html;;;;;;;
2026-10-09;mercedes-cla-45-amg-4matic-shooting-brake-inkl-forsikring-15000-24;Mercedes-Benz;CLA;45 AMG 4MATIC Shooting Brake · inkl. forsikring;mellemklasse;el;15000;24;7295;44990;5750;225820;9409;;;;;;ja;importoer;Mercedes-Benz;;manuel;2026-10-06;2026-10-06;;https://www.mercedes-benz.dk/passengercars/campaigns/finance/privatleasing.html;;;;;;;
2026-10-09;mercedes-cla-45-amg-4matic-inkl-forsikring-15000-12;Mercedes-Benz;CLA;45 AMG 4MATIC · inkl. forsikring;mellemklasse;el;15000;12;6795;44990;5450;131980;10998;;;;;;ja;importoer;Mercedes-Benz;;manuel;2026-10-06;2026-10-06;;https://www.mercedes-benz.dk/passengercars/campaigns/finance/privatleasing.html;;;;;;;
2026-10-09;mercedes-cla-45-amg-4matic-shooting-brake-inkl-forsikring-15000-12;Mercedes-Benz;CLA;45 AMG 4MATIC Shooting Brake · inkl. forsikring;mellemklasse;el;15000;12;7095;44990;5450;135580;11298;;;;;;ja;importoer;Mercedes-Benz;;manuel;2026-10-06;2026-10-06;;https://www.mercedes-benz.dk/passengercars/campaigns/finance/privatleasing.html;;;;;;;
2026-10-09;mercedes-eqs-450-inkl-forsikring-15000-36;Mercedes-Benz;EQS;450+ · inkl. forsikring;mellemklasse;el;15000;36;12995;80000;6400;554220;15395;;;;;;ja;importoer;Mercedes-Benz;;manuel;2026-10-06;2026-10-06;;https://www.mercedes-benz.dk/passengercars/campaigns/finance/privatleasing.html;;;;;;;
2026-10-09;mercedes-eqs-450-inkl-forsikring-15000-24;Mercedes-Benz;EQS;450+ · inkl. forsikring;mellemklasse;el;15000;24;14295;70000;5750;418830;17451;;;;;;ja;importoer;Mercedes-Benz;;manuel;2026-10-06;2026-10-06;;https://www.mercedes-benz.dk/passengercars/campaigns/finance/privatleasing.html;;;;;;;
2026-10-09;mercedes-eqs-450-inkl-forsikring-15000-12;Mercedes-Benz;EQS;450+ · inkl. forsikring;mellemklasse;el;15000;12;16995;60000;5450;269390;22449;;;;;;ja;importoer;Mercedes-Benz;;manuel;2026-10-06;2026-10-06;;https://www.mercedes-benz.dk/passengercars/campaigns/finance/privatleasing.html;;;;;;;
2026-10-09;mercedes-gla-250-advance-plus-inkl-forsikring-15000-36;Mercedes-Benz;GLA;250+ Advance Plus · inkl. forsikring;suv;el;15000;36;4595;34990;6400;206810;5745;;;;;;ja;importoer;Mercedes-Benz;;manuel;2026-10-06;2026-10-06;;https://www.mercedes-benz.dk/passengercars/campaigns/finance/privatleasing.html;;;;;;;
2026-10-09;mercedes-gla-250-advance-plus-inkl-forsikring-15000-24;Mercedes-Benz;GLA;250+ Advance Plus · inkl. forsikring;suv;el;15000;24;4595;29990;5750;146020;6084;;;;;;ja;importoer;Mercedes-Benz;;manuel;2026-10-06;2026-10-06;;https://www.mercedes-benz.dk/passengercars/campaigns/finance/privatleasing.html;;;;;;;
2026-10-09;mercedes-gla-350-4matic-advance-plus-inkl-forsikring-15000-36;Mercedes-Benz;GLA;350 4MATIC Advance Plus · inkl. forsikring;suv;el;15000;36;4995;34990;6400;221210;6145;;;;;;ja;importoer;Mercedes-Benz;;manuel;2026-10-06;2026-10-06;;https://www.mercedes-benz.dk/passengercars/campaigns/finance/privatleasing.html;;;;;;;
2026-10-09;mercedes-gla-350-4matic-advance-plus-inkl-forsikring-15000-24;Mercedes-Benz;GLA;350 4MATIC Advance Plus · inkl. forsikring;suv;el;15000;24;4995;29990;5750;155620;6484;;;;;;ja;importoer;Mercedes-Benz;;manuel;2026-10-06;2026-10-06;;https://www.mercedes-benz.dk/passengercars/campaigns/finance/privatleasing.html;;;;;;;
2026-10-09;mercedes-gla-250-advance-plus-inkl-forsikring-15000-12;Mercedes-Benz;GLA;250+ Advance Plus · inkl. forsikring;suv;el;15000;12;4595;19990;5450;80580;6715;;;;;;ja;importoer;Mercedes-Benz;;manuel;2026-10-06;2026-10-06;;https://www.mercedes-benz.dk/passengercars/campaigns/finance/privatleasing.html;;;;;;;
2026-10-09;mercedes-gla-350-4matic-advance-plus-inkl-forsikring-15000-12;Mercedes-Benz;GLA;350 4MATIC Advance Plus · inkl. forsikring;suv;el;15000;12;4995;19990;5450;85380;7115;;;;;;ja;importoer;Mercedes-Benz;;manuel;2026-10-06;2026-10-06;;https://www.mercedes-benz.dk/passengercars/campaigns/finance/privatleasing.html;;;;;;;
2026-10-09;mercedes-glb-250-advance-plus-inkl-forsikring-15000-36;Mercedes-Benz;GLB;250+ Advance Plus · inkl. forsikring;suv;el;15000;36;4995;34990;6400;221210;6145;419900;17,6;52,7;52,7;C;ja;importoer;Mercedes-Benz;;manuel;2026-07-21;2026-10-06;;https://www.mercedes-benz.dk/passengercars/campaigns/finance/privatleasing.html;632;ja;272;85,0;baghjul;540;5
2026-10-09;mercedes-glb-250-advance-plus-inkl-forsikring-15000-24;Mercedes-Benz;GLB;250+ Advance Plus · inkl. forsikring;suv;el;15000;24;4995;29990;5750;155620;6484;419900;18,5;55,6;37,1;D;ja;importoer;Mercedes-Benz;;manuel;2026-07-21;2026-10-06;;https://www.mercedes-benz.dk/passengercars/campaigns/finance/privatleasing.html;632;ja;272;85,0;baghjul;540;5
2026-10-09;mercedes-glb-350-4matic-advance-plus-inkl-forsikring-15000-36;Mercedes-Benz;GLB;350 4MATIC Advance Plus · inkl. forsikring;suv;el;15000;36;5495;34990;6400;239210;6645;;;;;;ja;importoer;Mercedes-Benz;;manuel;2026-10-06;2026-10-06;;https://www.mercedes-benz.dk/passengercars/campaigns/finance/privatleasing.html;;;;;;;
2026-10-09;mercedes-glb-350-4matic-advance-plus-inkl-forsikring-15000-24;Mercedes-Benz;GLB;350 4MATIC Advance Plus · inkl. forsikring;suv;el;15000;24;5495;29990;5750;167620;6984;;;;;;ja;importoer;Mercedes-Benz;;manuel;2026-10-06;2026-10-06;;https://www.mercedes-benz.dk/passengercars/campaigns/finance/privatleasing.html;;;;;;;
2026-10-09;mercedes-glb-250-advance-plus-inkl-forsikring-15000-12;Mercedes-Benz;GLB;250+ Advance Plus · inkl. forsikring;suv;el;15000;12;4995;19990;5450;85380;7115;419900;20,3;61,0;20,3;E;ja;importoer;Mercedes-Benz;;manuel;2026-07-21;2026-10-06;;https://www.mercedes-benz.dk/passengercars/campaigns/finance/privatleasing.html;632;ja;272;85,0;baghjul;540;5
2026-10-09;mercedes-glb-350-4matic-advance-plus-inkl-forsikring-15000-12;Mercedes-Benz;GLB;350 4MATIC Advance Plus · inkl. forsikring;suv;el;15000;12;5495;19990;5450;91380;7615;;;;;;ja;importoer;Mercedes-Benz;;manuel;2026-10-06;2026-10-06;;https://www.mercedes-benz.dk/passengercars/campaigns/finance/privatleasing.html;;;;;;;
2026-10-09;mercedes-glc-250-advance-plus-inkl-forsikring-15000-36;Mercedes-Benz;GLC;250 Advance Plus · inkl. forsikring;suv;el;15000;36;5995;45000;6400;267220;7423;;;;;;ja;importoer;Mercedes-Benz;;manuel;2026-10-06;2026-10-06;;https://www.mercedes-benz.dk/passengercars/campaigns/finance/privatleasing.html;;;;;;;
2026-10-09;mercedes-glc-250-advance-plus-inkl-forsikring-15000-24;Mercedes-Benz;GLC;250 Advance Plus · inkl. forsikring;suv;el;15000;24;5795;40000;5750;184830;7701;;;;;;ja;importoer;Mercedes-Benz;;manuel;2026-10-06;2026-10-06;;https://www.mercedes-benz.dk/passengercars/campaigns/finance/privatleasing.html;;;;;;;
2026-10-09;mercedes-glc-300-4matic-advance-plus-inkl-forsikring-15000-36;Mercedes-Benz;GLC;300 4MATIC Advance Plus · inkl. forsikring;suv;el;15000;36;6695;45000;6400;292420;8123;;;;;;ja;importoer;Mercedes-Benz;;manuel;2026-10-06;2026-10-06;;https://www.mercedes-benz.dk/passengercars/campaigns/finance/privatleasing.html;;;;;;;
2026-10-09;mercedes-glc-300-4matic-advance-plus-inkl-forsikring-15000-24;Mercedes-Benz;GLC;300 4MATIC Advance Plus · inkl. forsikring;suv;el;15000;24;6495;40000;5750;201630;8401;;;;;;ja;importoer;Mercedes-Benz;;manuel;2026-10-06;2026-10-06;;https://www.mercedes-benz.dk/passengercars/campaigns/finance/privatleasing.html;;;;;;;
2026-10-09;mercedes-glc-250-advance-plus-inkl-forsikring-15000-12;Mercedes-Benz;GLC;250 Advance Plus · inkl. forsikring;suv;el;15000;12;5495;35000;5450;106390;8866;;;;;;ja;importoer;Mercedes-Benz;;manuel;2026-10-06;2026-10-06;;https://www.mercedes-benz.dk/passengercars/campaigns/finance/privatleasing.html;;;;;;;
2026-10-09;mercedes-glc-400-4matic-advance-plus-inkl-forsikring-15000-36;Mercedes-Benz;GLC;400 4MATIC Advance Plus · inkl. forsikring;suv;el;15000;36;7695;45000;6400;328420;9123;619900;17,7;53,0;53,0;C;ja;importoer;Mercedes-Benz;;manuel;2026-07-21;2026-10-06;;https://www.mercedes-benz.dk/passengercars/campaigns/finance/privatleasing.html;673;ja;489;94,0;4wd;570;5
2026-10-09;mercedes-glc-300-4matic-advance-plus-inkl-forsikring-15000-12;Mercedes-Benz;GLC;300 4MATIC Advance Plus · inkl. forsikring;suv;el;15000;12;5995;35000;5450;112390;9366;;;;;;ja;importoer;Mercedes-Benz;;manuel;2026-10-06;2026-10-06;;https://www.mercedes-benz.dk/passengercars/campaigns/finance/privatleasing.html;;;;;;;
2026-10-09;mercedes-glc-400-4matic-advance-plus-inkl-forsikring-15000-24;Mercedes-Benz;GLC;400 4MATIC Advance Plus · inkl. forsikring;suv;el;15000;24;7495;40000;5750;225630;9401;619900;18,2;54,6;36,4;D;ja;importoer;Mercedes-Benz;;manuel;2026-07-21;2026-10-06;;https://www.mercedes-benz.dk/passengercars/campaigns/finance/privatleasing.html;673;ja;489;94,0;4wd;570;5
2026-10-09;mercedes-glc-400-4matic-advance-plus-inkl-forsikring-15000-12;Mercedes-Benz;GLC;400 4MATIC Advance Plus · inkl. forsikring;suv;el;15000;12;7195;35000;5450;126790;10566;619900;20,5;61,4;20,5;E;ja;importoer;Mercedes-Benz;;manuel;2026-07-21;2026-10-06;;https://www.mercedes-benz.dk/passengercars/campaigns/finance/privatleasing.html;673;ja;489;94,0;4wd;570;5
2026-10-09;nio-el6-10000-36;NIO;EL6;Long Range;suv;el;10000;36;4495;19995;0;181815;5050;429900;14,1;42,3;42,3;B;nej;importoer;NIO;;automatisk;2026-09-28;2026-10-09;;https://www.nio.dk/koeb/privatleasing;529;ja;;100,0;;579;
2026-10-09;nio-et5-touring-10000-36;NIO;ET5 Touring;Long Range;stationcar;el;10000;36;3995;19995;0;163815;4550;399900;13,7;41,0;41,0;B;nej;importoer;NIO;;automatisk;2026-09-28;2026-10-09;;https://www.nio.dk/koeb/privatleasing;560;ja;;100,0;;450;
2026-10-09;nissan-leaf-10000-48;Nissan;Leaf;Engage 52 kWh;kompakt;el;10000;48;2395;19995;0;134955;2812;249900;13,5;40,5;54,0;B;nej;importoer;Nissan;;automatisk;2026-09-30;2026-10-09;;https://www.nissan.dk/biler/offers/tilbud-leasing.html;445;ja;177;52,0;forhjul;437;5
2026-10-09;nissan-micra-10000-48;Nissan;Micra;Advance 40 kWh;minibil;el;10000;48;2395;14995;0;129955;2707;210900;15,4;46,2;61,6;C;nej;importoer;Nissan;;automatisk;2026-09-30;2026-10-09;;https://www.nissan.dk/biler/offers/tilbud-leasing.html;316;nej;120;40,0;forhjul;;5
2026-10-09;peugeot-e-2008-gt-el-156-54-kwh-udb-14-995-10000-36;Peugeot;e-2008;GT · EL 156 / 54 kWh · udb 14.995;suv;el;10000;36;3995;14995;780;159595;4433;234990;22,6;67,9;67,9;E;nej;importoer;Peugeot;;manuel;2026-10-02;2026-10-06;;https://price-list-public.cars4ever.eu/?brand=peugeot&businessType=leasing&features=campaignVariantsSection,variantsSection&modelCode=E-2008;401;nej;156;54,0;;434;
2026-10-09;peugeot-e-208-gt-pack-el-156-54-kwh-udb-14-995-10000-36;Peugeot;e-208;GT Pack · EL 156 / 54 kWh · udb 14.995;minibil;el;10000;36;3645;14995;780;146995;4083;214990;22,8;68,4;68,4;E;nej;importoer;Peugeot;;manuel;2026-10-02;2026-10-06;;https://price-list-public.cars4ever.eu/?brand=peugeot&businessType=leasing&features=campaignVariantsSection,variantsSection&modelCode=E-208;421;nej;156;54,0;forhjul;311;
2026-10-09;peugeot-e-3008-gt-el-210-udb-29-995-10000-36;Peugeot;e-3008;GT · EL 210 · udb 29.995;suv;el;10000;36;4395;29995;780;188995;5250;304990;20,7;62,0;62,0;E;nej;importoer;Peugeot;;manuel;2026-10-02;2026-10-06;;https://price-list-public.cars4ever.eu/?brand=peugeot&businessType=leasing&features=campaignVariantsSection,variantsSection&modelCode=E-3008;519;nej;210;73,0;forhjul;588;
2026-10-09;peugeot-e-3008-gt-el-210-udb-14-995-10000-36;Peugeot;e-3008;GT · EL 210 · udb 14.995;suv;el;10000;36;4895;14995;780;191995;5333;304990;21,0;62,9;63,0;E;nej;importoer;Peugeot;;manuel;2026-10-02;2026-10-06;;https://price-list-public.cars4ever.eu/?brand=peugeot&businessType=leasing&features=campaignVariantsSection,variantsSection&modelCode=E-3008;519;nej;210;73,0;forhjul;588;
2026-10-09;peugeot-e-3008-gt-pack-el-210-udb-29-995-10000-36;Peugeot;e-3008;GT Pack · EL 210 · udb 29.995;suv;el;10000;36;4495;29995;780;192595;5350;314990;20,4;61,1;61,1;E;nej;importoer;Peugeot;;manuel;2026-10-02;2026-10-06;;https://price-list-public.cars4ever.eu/?brand=peugeot&businessType=leasing&features=campaignVariantsSection,variantsSection&modelCode=E-3008;519;nej;210;73,0;forhjul;588;
2026-10-09;peugeot-e-3008-gt-pack-el-210-udb-14-995-10000-36;Peugeot;e-3008;GT Pack · EL 210 · udb 14.995;suv;el;10000;36;4995;14995;780;195595;5433;314990;20,7;62,1;62,1;E;nej;importoer;Peugeot;;manuel;2026-10-02;2026-10-06;;https://price-list-public.cars4ever.eu/?brand=peugeot&businessType=leasing&features=campaignVariantsSection,variantsSection&modelCode=E-3008;519;nej;210;73,0;forhjul;588;
2026-10-09;peugeot-e-5008-gt-pack-el-210-udb-49-995-10000-36;Peugeot;e-5008;GT Pack · EL 210 · udb 49.995;stor-suv;el;10000;36;3795;49995;780;187395;5205;379990;16,4;49,3;49,3;C;nej;importoer;Peugeot;;manuel;2026-10-02;2026-10-06;;https://price-list-public.cars4ever.eu/?brand=peugeot&businessType=leasing&features=campaignVariantsSection,variantsSection&modelCode=E-5008;492;nej;210;73,0;forhjul;916;7
2026-10-09;peugeot-e-5008-gt-pack-el-210-udb-29-995-10000-36;Peugeot;e-5008;GT Pack · EL 210 · udb 29.995;stor-suv;el;10000;36;4495;29995;780;192595;5350;379990;16,9;50,7;50,7;C;nej;importoer;Peugeot;;manuel;2026-10-02;2026-10-06;;https://price-list-public.cars4ever.eu/?brand=peugeot&businessType=leasing&features=campaignVariantsSection,variantsSection&modelCode=E-5008;492;nej;210;73,0;forhjul;916;7
2026-10-09;polestar-polestar-4-prime-edition-baghjulstrk-10000-48;Polestar;Polestar 4;Prime Edition Baghjulstræk;suv;el;10000;48;2995;49995;0;193755;4037;499900;9,7;29,1;38,8;A;nej;importoer;Polestar;;automatisk;2026-07-29;2026-10-09;;https://www.polestar.com/dk/offers/privatleasing-polestar-4/;620;nej;272;100,0;baghjul;526;
2026-10-09;polestar-polestar-4-prime-edition-firehjulstrk-10000-48;Polestar;Polestar 4;Prime Edition Firehjulstræk;suv;el;10000;48;3245;49995;0;205755;4287;529900;9,7;29,1;38,8;A;nej;importoer;Polestar;;automatisk;2026-07-29;2026-10-09;;https://www.polestar.com/dk/offers/privatleasing-polestar-4/;590;nej;544;100,0;4wd;526;
2026-10-09;polestar-polestar-4-prime-edition-baghjulstrk-udb-24-995-10000-48;Polestar;Polestar 4;Prime Edition Baghjulstræk · udb 24.995;suv;el;10000;48;3995;24995;0;216755;4516;499900;10,8;32,5;43,4;A;nej;importoer;Polestar;;automatisk;2026-09-28;2026-10-09;;https://www.polestar.com/dk/offers/privatleasing-polestar-4/;620;nej;272;100,0;baghjul;526;
2026-10-09;polestar-polestar-4-prime-edition-firehjulstrk-udb-24-995-10000-48;Polestar;Polestar 4;Prime Edition Firehjulstræk · udb 24.995;suv;el;10000;48;4245;24995;0;228755;4766;529900;10,8;32,4;43,2;A;nej;importoer;Polestar;;automatisk;2026-09-28;2026-10-09;;https://www.polestar.com/dk/offers/privatleasing-polestar-4/;590;nej;544;100,0;4wd;526;
2026-10-09;polestar-polestar-4-prime-edition-firehjulstrk-performance-10000-48;Polestar;Polestar 4;Prime Edition Firehjulstræk Performance;suv;el;10000;48;3745;49995;;;4787;579900;9,9;29,7;;;nej;importoer;Polestar;;automatisk;2026-07-29;2026-10-09;;https://www.polestar.com/dk/offers/privatleasing-polestar-4/;500;nej;544;100,0;4wd;526;
2026-10-09;polestar-polestar-4-prime-edition-firehjulstrk-performance-udb-24-995-10000-48;Polestar;Polestar 4;Prime Edition Firehjulstræk Performance · udb 24.995;suv;el;10000;48;4895;24995;;;5416;579900;11,2;33,6;;;nej;importoer;Polestar;;automatisk;2026-09-28;2026-10-09;;https://www.polestar.com/dk/offers/privatleasing-polestar-4/;500;nej;544;100,0;4wd;526;
2026-10-09;porsche-macan-340-hk-10000-48;Porsche;Macan;340 hk;suv;el;10000;48;8995;75000;6095;512855;10684;729900;17,6;52,7;70,3;C;nej;importoer;Porsche;;manuel;2026-10-05;2026-10-05;;https://www.porsche.dk/financial-services/porsche-privatleasing-macan/;642;ja;340;100,0;baghjul;518;5
2026-10-09;porsche-macan-340-hk-udb-55-000-10000-48;Porsche;Macan;340 hk · udb 55.000;suv;el;10000;48;9795;55000;6095;531255;11068;729900;18,2;54,6;72,8;D;nej;importoer;Porsche;;manuel;2026-10-05;2026-10-05;;https://www.porsche.dk/financial-services/porsche-privatleasing-macan/;642;ja;340;100,0;baghjul;518;5
2026-10-09;porsche-macan-340-hk-med-advanced-pakke-10000-48;Porsche;Macan;340 hk med Advanced-pakke;suv;el;10000;48;9695;75000;6095;546455;11384;;;;;;nej;importoer;Porsche;;manuel;2026-10-05;2026-10-05;;https://www.porsche.dk/financial-services/porsche-privatleasing-macan-advanced-pakke/;642;ja;340;100,0;baghjul;518;5
2026-10-09;porsche-macan-340-hk-med-advanced-pakke-udb-55-000-10000-48;Porsche;Macan;340 hk med Advanced-pakke · udb 55.000;suv;el;10000;48;10495;55000;6095;564855;11768;;;;;;nej;importoer;Porsche;;manuel;2026-10-05;2026-10-05;;https://www.porsche.dk/financial-services/porsche-privatleasing-macan-advanced-pakke/;642;ja;340;100,0;baghjul;518;5
2026-10-09;porsche-macan-340-hk-15000-48;Porsche;Macan;340 hk;suv;el;15000;48;9443;75000;6095;534359;11132;729900;18,3;54,9;73,2;D;nej;importoer;Porsche;;manuel;2026-10-05;2026-10-05;;https://www.porsche.dk/financial-services/porsche-privatleasing-macan/;642;ja;340;100,0;baghjul;518;5
2026-10-09;porsche-macan-340-hk-udb-55-000-15000-48;Porsche;Macan;340 hk · udb 55.000;suv;el;15000;48;10237;55000;6095;552471;11510;729900;18,9;56,8;75,7;D;nej;importoer;Porsche;;manuel;2026-10-05;2026-10-05;;https://www.porsche.dk/financial-services/porsche-privatleasing-macan/;642;ja;340;100,0;baghjul;518;5
2026-10-09;porsche-macan-340-hk-med-advanced-pakke-15000-48;Porsche;Macan;340 hk med Advanced-pakke;suv;el;15000;48;10108;75000;6095;566279;11797;;;;;;nej;importoer;Porsche;;manuel;2026-10-05;2026-10-05;;https://www.porsche.dk/financial-services/porsche-privatleasing-macan-advanced-pakke/;642;ja;340;100,0;baghjul;518;5
2026-10-09;porsche-macan-340-hk-med-advanced-pakke-udb-55-000-15000-48;Porsche;Macan;340 hk med Advanced-pakke · udb 55.000;suv;el;15000;48;10902;55000;6095;584391;12175;;;;;;nej;importoer;Porsche;;manuel;2026-10-05;2026-10-05;;https://www.porsche.dk/financial-services/porsche-privatleasing-macan-advanced-pakke/;642;ja;340;100,0;baghjul;518;5
2026-10-09;renault-renault-4-e-tech-electric-10000-48;Renault;Renault 4;Evolution EV40;suv;el;10000;48;2695;14995;0;144355;3007;199990;18,0;54,1;72,2;D;nej;importoer;Renault;;automatisk;2026-09-28;2026-10-09;;https://www.renault.dk/kob/privatleasing;300;nej;120;40,0;;420;5
2026-10-09;renault-renault-5-evolution-ev40-10000-48;Renault;Renault 5;Evolution EV40;minibil;el;10000;48;2395;14995;0;129955;2707;189990;17,1;51,3;68,4;C;nej;importoer;Renault;;automatisk;2026-09-28;2026-10-09;;https://www.renault.dk/kob/privatleasing;310;nej;120;40,0;;326;5
2026-10-09;renault-scenic-techno-60-kwh-10000-48;Renault;Scenic;Techno 60 kwh;suv;el;10000;48;3195;19995;0;173355;3612;;;;;;nej;importoer;Renault;;automatisk;2026-09-28;2026-10-09;;https://www.renault.dk/kob/privatleasing;;;;60,0;;545;
2026-10-09;renault-twingo-e-tech-electric-10000-48;Renault;Twingo;Techno;minibil;el;10000;48;2195;14995;0;120355;2507;156990;19,2;57,5;76,7;D;nej;importoer;Renault;;automatisk;2026-09-28;2026-10-09;;https://www.renault.dk/kob/privatleasing;260;nej;80;27,5;;360;4
2026-10-09;skoda-elroq-60-selection-190-hk-udb-34-995-10000-48;Skoda;Elroq;60 Selection 190 hk · udb 34.995;suv;el;10000;48;2895;34995;600;174555;3637;275095;15,9;47,6;63,5;C;nej;importoer;Skoda;;automatisk;2026-09-28;2026-10-09;;https://prislister.skoda.dk/leasingpriser;446;nej;190;58,0;baghjul;470;5
2026-10-09;skoda-elroq-60-selection-190-hk-10000-48;Skoda;Elroq;60 Selection 190 hk;suv;el;10000;48;3395;14995;600;178555;3720;275095;16,2;48,7;64,9;C;nej;importoer;Skoda;;automatisk;2026-07-19;2026-10-09;;https://prislister.skoda.dk/leasingpriser;446;nej;190;58,0;baghjul;470;5
2026-10-09;skoda-elroq-60-selection-190-hk-15000-48;Skoda;Elroq;60 Selection 190 hk;suv;el;15000;48;3100;34995;600;184395;3842;275095;16,8;50,3;67,0;C;nej;importoer;Skoda;;automatisk;2026-07-19;2026-10-09;;https://prislister.skoda.dk/leasingpriser;446;nej;190;58,0;baghjul;470;5
2026-10-09;skoda-elroq-60-selection-190-hk-udb-14-995-15000-48;Skoda;Elroq;60 Selection 190 hk · udb 14.995;suv;el;15000;48;3600;14995;600;188395;3925;275095;17,1;51,4;68,5;C;nej;importoer;Skoda;;automatisk;2026-09-28;2026-10-09;;https://prislister.skoda.dk/leasingpriser;446;nej;190;58,0;baghjul;470;5
2026-10-09;skoda-elroq-60-selection-190-hk-20000-48;Skoda;Elroq;60 Selection 190 hk;suv;el;20000;48;3280;34995;600;193035;4022;275095;17,5;52,6;70,2;C;nej;importoer;Skoda;;automatisk;2026-07-19;2026-10-09;;https://prislister.skoda.dk/leasingpriser;446;nej;190;58,0;baghjul;470;5
2026-10-09;skoda-elroq-60-selection-190-hk-udb-14-995-20000-48;Skoda;Elroq;60 Selection 190 hk · udb 14.995;suv;el;20000;48;3780;14995;600;197035;4105;275095;17,9;53,7;71,6;C;nej;importoer;Skoda;;automatisk;2026-09-28;2026-10-09;;https://prislister.skoda.dk/leasingpriser;446;nej;190;58,0;baghjul;470;5
2026-10-09;skoda-elroq-60-selection-190-hk-25000-48;Skoda;Elroq;60 Selection 190 hk;suv;el;25000;48;3560;34995;600;206475;4302;275095;18,8;56,3;75,1;D;nej;importoer;Skoda;;automatisk;2026-07-19;2026-10-09;;https://prislister.skoda.dk/leasingpriser;446;nej;190;58,0;baghjul;470;5
2026-10-09;skoda-elroq-60-selection-190-hk-udb-14-995-25000-48;Skoda;Elroq;60 Selection 190 hk · udb 14.995;suv;el;25000;48;4060;14995;600;210475;4385;275095;19,1;57,4;76,5;D;nej;importoer;Skoda;;automatisk;2026-09-28;2026-10-09;;https://prislister.skoda.dk/leasingpriser;446;nej;190;58,0;baghjul;470;5
2026-10-09;skoda-elroq-60-selection-190-hk-30000-48;Skoda;Elroq;60 Selection 190 hk;suv;el;30000;48;3770;34995;600;216555;4512;275095;19,7;59,0;78,7;D;nej;importoer;Skoda;;automatisk;2026-07-19;2026-10-09;;https://prislister.skoda.dk/leasingpriser;446;nej;190;58,0;baghjul;470;5
2026-10-09;skoda-elroq-60-selection-190-hk-udb-14-995-30000-48;Skoda;Elroq;60 Selection 190 hk · udb 14.995;suv;el;30000;48;4260;14995;600;220075;4585;275095;20,0;60,0;80,0;E;nej;importoer;Skoda;;automatisk;2026-09-28;2026-10-09;;https://prislister.skoda.dk/leasingpriser;446;nej;190;58,0;baghjul;470;5
2026-10-09;skoda-enyaq-60-selection-190-hk-udb-39-995-10000-36;Skoda;Enyaq;60 Selection 190 hk · udb 39.995;suv;el;10000;36;2995;39995;600;148415;4123;305095;16,2;48,6;48,6;C;nej;importoer;Skoda;;automatisk;2026-09-28;2026-10-09;;https://prislister.skoda.dk/leasingpriser;453;nej;190;58,0;baghjul;585;5
2026-10-09;skoda-enyaq-60-selection-190-hk-10000-36;Skoda;Enyaq;60 Selection 190 hk;suv;el;10000;36;3695;19995;600;153615;4267;305095;16,8;50,3;50,3;C;nej;importoer;Skoda;;automatisk;2026-07-19;2026-10-09;;https://prislister.skoda.dk/leasingpriser;453;nej;190;58,0;baghjul;585;5
2026-10-09;skoda-enyaq-85-selection-286-hk-10000-36;Skoda;Enyaq;85 Selection 286 hk;suv;el;10000;36;3295;39995;600;159215;4423;355095;14,9;44,8;44,8;B;nej;importoer;Skoda;;automatisk;2026-07-19;2026-10-09;;https://prislister.skoda.dk/leasingpriser;579;nej;286;77,0;baghjul;585;5
2026-10-09;skoda-enyaq-85-selection-286-hk-udb-19-995-10000-36;Skoda;Enyaq;85 Selection 286 hk · udb 19.995;suv;el;10000;36;3995;19995;600;164415;4567;355095;15,4;46,3;46,3;C;nej;importoer;Skoda;;automatisk;2026-09-28;2026-10-09;;https://prislister.skoda.dk/leasingpriser;579;nej;286;77,0;baghjul;585;5
2026-10-09;skoda-enyaq-85x-selection-4x4-299-hk-udb-39-995-10000-36;Skoda;Enyaq;85x Selection 4x4 299 hk · udb 39.995;suv;el;10000;36;3795;39995;600;177215;4923;378095;15,6;46,9;46,9;C;nej;importoer;Skoda;;automatisk;2026-09-28;2026-10-09;;https://prislister.skoda.dk/leasingpriser;578;nej;299;77,0;4wd;585;5
2026-10-09;skoda-enyaq-85-sportline-286-hk-udb-39-995-10000-36;Skoda;Enyaq;85 Sportline 286 hk · udb 39.995;suv;el;10000;36;3895;39995;600;180815;5023;412495;14,6;43,8;43,8;B;nej;importoer;Skoda;;automatisk;2026-09-28;2026-10-09;;https://prislister.skoda.dk/leasingpriser;574;nej;286;77,0;baghjul;585;5
2026-10-09;skoda-enyaq-85x-selection-4x4-299-hk-10000-36;Skoda;Enyaq;85x Selection 4x4 299 hk;suv;el;10000;36;4495;19995;600;182415;5067;378095;16,1;48,2;48,2;C;nej;importoer;Skoda;;automatisk;2026-07-19;2026-10-09;;https://prislister.skoda.dk/leasingpriser;578;nej;299;77,0;4wd;585;5
2026-10-09;skoda-enyaq-85-sportline-286-hk-10000-36;Skoda;Enyaq;85 Sportline 286 hk;suv;el;10000;36;4595;19995;600;186015;5167;412495;15,0;45,1;45,1;C;nej;importoer;Skoda;;automatisk;2026-07-19;2026-10-09;;https://prislister.skoda.dk/leasingpriser;574;nej;286;77,0;baghjul;585;5
2026-10-09;skoda-enyaq-rs-4x4-340-hk-10000-36;Skoda;Enyaq;RS 4x4 340 hk;suv;el;10000;36;4495;39995;600;202415;5623;463395;14,6;43,7;43,7;B;nej;importoer;Skoda;;automatisk;2026-07-19;2026-10-09;;https://prislister.skoda.dk/leasingpriser;565;nej;340;77,0;4wd;585;5
2026-10-09;skoda-enyaq-60-selection-190-hk-15000-36;Skoda;Enyaq;60 Selection 190 hk;suv;el;15000;36;3240;39995;600;157235;4368;305095;17,2;51,5;51,5;C;nej;importoer;Skoda;;automatisk;2026-07-19;2026-10-09;;https://prislister.skoda.dk/leasingpriser;453;nej;190;58,0;baghjul;585;5
2026-10-09;skoda-enyaq-60-selection-190-hk-udb-19-995-15000-36;Skoda;Enyaq;60 Selection 190 hk · udb 19.995;suv;el;15000;36;3940;19995;600;162435;4512;305095;17,7;53,2;53,2;C;nej;importoer;Skoda;;automatisk;2026-09-28;2026-10-09;;https://prislister.skoda.dk/leasingpriser;453;nej;190;58,0;baghjul;585;5
2026-10-09;skoda-enyaq-85-selection-286-hk-udb-39-995-15000-36;Skoda;Enyaq;85 Selection 286 hk · udb 39.995;suv;el;15000;36;3590;39995;600;169835;4718;355095;15,9;47,8;47,8;C;nej;importoer;Skoda;;automatisk;2026-09-28;2026-10-09;;https://prislister.skoda.dk/leasingpriser;579;nej;286;77,0;baghjul;585;5
2026-10-09;skoda-enyaq-85-selection-286-hk-15000-36;Skoda;Enyaq;85 Selection 286 hk;suv;el;15000;36;4280;19995;600;174675;4852;355095;16,4;49,2;49,2;C;nej;importoer;Skoda;;automatisk;2026-07-19;2026-10-09;;https://prislister.skoda.dk/leasingpriser;579;nej;286;77,0;baghjul;585;5
2026-10-09;skoda-enyaq-85x-selection-4x4-299-hk-15000-36;Skoda;Enyaq;85x Selection 4x4 299 hk;suv;el;15000;36;4100;39995;600;188195;5228;378095;16,6;49,8;49,8;C;nej;importoer;Skoda;;automatisk;2026-07-19;2026-10-09;;https://prislister.skoda.dk/leasingpriser;578;nej;299;77,0;4wd;585;5
2026-10-09;skoda-enyaq-85-sportline-286-hk-udb-39-995-15000-36;Skoda;Enyaq;85 Sportline 286 hk · udb 39.995;suv;el;15000;36;4210;39995;600;192155;5338;412495;15,5;46,6;46,6;C;nej;importoer;Skoda;;automatisk;2026-09-28;2026-10-09;;https://prislister.skoda.dk/leasingpriser;574;nej;286;77,0;baghjul;585;5
2026-10-09;skoda-enyaq-85x-selection-4x4-299-hk-udb-19-995-15000-36;Skoda;Enyaq;85x Selection 4x4 299 hk · udb 19.995;suv;el;15000;36;4800;19995;600;193395;5372;378095;17,0;51,1;51,1;C;nej;importoer;Skoda;;automatisk;2026-09-28;2026-10-09;;https://prislister.skoda.dk/leasingpriser;578;nej;299;77,0;4wd;585;5
2026-10-09;skoda-enyaq-85-sportline-286-hk-15000-36;Skoda;Enyaq;85 Sportline 286 hk;suv;el;15000;36;4910;19995;600;197355;5482;412495;15,9;47,8;47,8;C;nej;importoer;Skoda;;automatisk;2026-07-19;2026-10-09;;https://prislister.skoda.dk/leasingpriser;574;nej;286;77,0;baghjul;585;5
2026-10-09;skoda-enyaq-rs-4x4-340-hk-15000-36;Skoda;Enyaq;RS 4x4 340 hk;suv;el;15000;36;4830;39995;600;214475;5958;463395;15,4;46,3;46,3;C;nej;importoer;Skoda;;automatisk;2026-07-19;2026-10-09;;https://prislister.skoda.dk/leasingpriser;565;nej;340;77,0;4wd;585;5
2026-10-09;skoda-enyaq-60-selection-190-hk-20000-36;Skoda;Enyaq;60 Selection 190 hk;suv;el;20000;36;3540;39995;600;168035;4668;305095;18,4;55,1;55,1;D;nej;importoer;Skoda;;automatisk;2026-07-19;2026-10-09;;https://prislister.skoda.dk/leasingpriser;453;nej;190;58,0;baghjul;585;5
2026-10-09;skoda-enyaq-60-selection-190-hk-udb-19-995-20000-36;Skoda;Enyaq;60 Selection 190 hk · udb 19.995;suv;el;20000;36;4240;19995;600;173235;4812;305095;18,9;56,8;56,8;D;nej;importoer;Skoda;;automatisk;2026-09-28;2026-10-09;;https://prislister.skoda.dk/leasingpriser;453;nej;190;58,0;baghjul;585;5
2026-10-09;skoda-enyaq-85-selection-286-hk-udb-39-995-20000-36;Skoda;Enyaq;85 Selection 286 hk · udb 39.995;suv;el;20000;36;3930;39995;600;182075;5058;355095;17,1;51,3;51,3;C;nej;importoer;Skoda;;automatisk;2026-09-28;2026-10-09;;https://prislister.skoda.dk/leasingpriser;579;nej;286;77,0;baghjul;585;5
2026-10-09;skoda-enyaq-85-selection-286-hk-20000-36;Skoda;Enyaq;85 Selection 286 hk;suv;el;20000;36;4630;19995;600;187275;5202;355095;17,6;52,7;52,7;C;nej;importoer;Skoda;;automatisk;2026-07-19;2026-10-09;;https://prislister.skoda.dk/leasingpriser;579;nej;286;77,0;baghjul;585;5
2026-10-09;skoda-enyaq-85x-selection-4x4-299-hk-udb-39-995-20000-36;Skoda;Enyaq;85x Selection 4x4 299 hk · udb 39.995;suv;el;20000;36;4500;39995;600;202595;5628;378095;17,9;53,6;53,6;C;nej;importoer;Skoda;;automatisk;2026-09-28;2026-10-09;;https://prislister.skoda.dk/leasingpriser;578;nej;299;77,0;4wd;585;5
2026-10-09;skoda-enyaq-85-sportline-286-hk-20000-36;Skoda;Enyaq;85 Sportline 286 hk;suv;el;20000;36;4590;39995;600;205835;5718;412495;16,6;49,9;49,9;C;nej;importoer;Skoda;;automatisk;2026-07-19;2026-10-09;;https://prislister.skoda.dk/leasingpriser;574;nej;286;77,0;baghjul;585;5
2026-10-09;skoda-enyaq-85x-selection-4x4-299-hk-20000-36;Skoda;Enyaq;85x Selection 4x4 299 hk;suv;el;20000;36;5200;19995;600;207795;5772;378095;18,3;55,0;55,0;D;nej;importoer;Skoda;;automatisk;2026-07-19;2026-10-09;;https://prislister.skoda.dk/leasingpriser;578;nej;299;77,0;4wd;585;5
2026-10-09;skoda-enyaq-85-sportline-286-hk-udb-19-995-20000-36;Skoda;Enyaq;85 Sportline 286 hk · udb 19.995;suv;el;20000;36;5280;19995;600;210675;5852;412495;17,0;51,1;51,1;C;nej;importoer;Skoda;;automatisk;2026-09-28;2026-10-09;;https://prislister.skoda.dk/leasingpriser;574;nej;286;77,0;baghjul;585;5
2026-10-09;skoda-enyaq-rs-4x4-340-hk-20000-36;Skoda;Enyaq;RS 4x4 340 hk;suv;el;20000;36;5270;39995;600;230315;6398;463395;16,6;49,7;49,7;C;nej;importoer;Skoda;;automatisk;2026-07-19;2026-10-09;;https://prislister.skoda.dk/leasingpriser;565;nej;340;77,0;4wd;585;5
2026-10-09;skoda-enyaq-60-selection-190-hk-25000-36;Skoda;Enyaq;60 Selection 190 hk;suv;el;25000;36;3820;39995;600;178115;4948;305095;19,5;58,4;58,4;D;nej;importoer;Skoda;;automatisk;2026-07-19;2026-10-09;;https://prislister.skoda.dk/leasingpriser;453;nej;190;58,0;baghjul;585;5
2026-10-09;skoda-enyaq-60-selection-190-hk-udb-19-995-25000-36;Skoda;Enyaq;60 Selection 190 hk · udb 19.995;suv;el;25000;36;4510;19995;600;182955;5082;305095;20,0;60,0;60,0;E;nej;importoer;Skoda;;automatisk;2026-09-28;2026-10-09;;https://prislister.skoda.dk/leasingpriser;453;nej;190;58,0;baghjul;585;5
2026-10-09;skoda-enyaq-85-selection-286-hk-25000-36;Skoda;Enyaq;85 Selection 286 hk;suv;el;25000;36;4250;39995;600;193595;5378;355095;18,2;54,5;54,5;D;nej;importoer;Skoda;;automatisk;2026-07-19;2026-10-09;;https://prislister.skoda.dk/leasingpriser;579;nej;286;77,0;baghjul;585;5
2026-10-09;skoda-enyaq-85-selection-286-hk-udb-19-995-25000-36;Skoda;Enyaq;85 Selection 286 hk · udb 19.995;suv;el;25000;36;4950;19995;600;198795;5522;355095;18,7;56,0;56,0;D;nej;importoer;Skoda;;automatisk;2026-09-28;2026-10-09;;https://prislister.skoda.dk/leasingpriser;579;nej;286;77,0;baghjul;585;5
2026-10-09;skoda-enyaq-85x-selection-4x4-299-hk-udb-39-995-25000-36;Skoda;Enyaq;85x Selection 4x4 299 hk · udb 39.995;suv;el;25000;36;4850;39995;600;215195;5978;378095;19,0;56,9;56,9;D;nej;importoer;Skoda;;automatisk;2026-09-28;2026-10-09;;https://prislister.skoda.dk/leasingpriser;578;nej;299;77,0;4wd;585;5
2026-10-09;skoda-enyaq-85-sportline-286-hk-25000-36;Skoda;Enyaq;85 Sportline 286 hk;suv;el;25000;36;4940;39995;600;218435;6068;412495;17,7;53,0;53,0;C;nej;importoer;Skoda;;automatisk;2026-07-19;2026-10-09;;https://prislister.skoda.dk/leasingpriser;574;nej;286;77,0;baghjul;585;5
2026-10-09;skoda-enyaq-85x-selection-4x4-299-hk-25000-36;Skoda;Enyaq;85x Selection 4x4 299 hk;suv;el;25000;36;5550;19995;600;220395;6122;378095;19,4;58,3;58,3;D;nej;importoer;Skoda;;automatisk;2026-07-19;2026-10-09;;https://prislister.skoda.dk/leasingpriser;578;nej;299;77,0;4wd;585;5
2026-10-09;skoda-enyaq-85-sportline-286-hk-udb-19-995-25000-36;Skoda;Enyaq;85 Sportline 286 hk · udb 19.995;suv;el;25000;36;5640;19995;600;223635;6212;412495;18,1;54,2;54,2;D;nej;importoer;Skoda;;automatisk;2026-09-28;2026-10-09;;https://prislister.skoda.dk/leasingpriser;574;nej;286;77,0;baghjul;585;5
2026-10-09;skoda-enyaq-rs-4x4-340-hk-25000-36;Skoda;Enyaq;RS 4x4 340 hk;suv;el;25000;36;5650;39995;600;243995;6778;463395;17,6;52,7;52,7;C;nej;importoer;Skoda;;automatisk;2026-07-19;2026-10-09;;https://prislister.skoda.dk/leasingpriser;565;nej;340;77,0;4wd;585;5
2026-10-09;skoda-enyaq-60-selection-190-hk-30000-36;Skoda;Enyaq;60 Selection 190 hk;suv;el;30000;36;4080;39995;600;187475;5208;305095;20,5;61,5;61,4;E;nej;importoer;Skoda;;automatisk;2026-07-19;2026-10-09;;https://prislister.skoda.dk/leasingpriser;453;nej;190;58,0;baghjul;585;5
2026-10-09;skoda-enyaq-60-selection-190-hk-udb-19-995-30000-36;Skoda;Enyaq;60 Selection 190 hk · udb 19.995;suv;el;30000;36;4770;19995;600;192315;5342;305095;21,0;63,0;63,0;E;nej;importoer;Skoda;;automatisk;2026-09-28;2026-10-09;;https://prislister.skoda.dk/leasingpriser;453;nej;190;58,0;baghjul;585;5
2026-10-09;skoda-enyaq-85-selection-286-hk-udb-39-995-30000-36;Skoda;Enyaq;85 Selection 286 hk · udb 39.995;suv;el;30000;36;4600;39995;600;206195;5728;355095;19,4;58,1;58,1;D;nej;importoer;Skoda;;automatisk;2026-09-28;2026-10-09;;https://prislister.skoda.dk/leasingpriser;579;nej;286;77,0;baghjul;585;5
2026-10-09;skoda-enyaq-85-selection-286-hk-30000-36;Skoda;Enyaq;85 Selection 286 hk;suv;el;30000;36;5290;19995;600;211035;5862;355095;19,8;59,4;59,4;D;nej;importoer;Skoda;;automatisk;2026-07-19;2026-10-09;;https://prislister.skoda.dk/leasingpriser;579;nej;286;77,0;baghjul;585;5
2026-10-09;skoda-enyaq-85x-selection-4x4-299-hk-30000-36;Skoda;Enyaq;85x Selection 4x4 299 hk;suv;el;30000;36;5220;39995;600;228515;6348;378095;20,1;60,4;60,4;E;nej;importoer;Skoda;;automatisk;2026-07-19;2026-10-09;;https://prislister.skoda.dk/leasingpriser;578;nej;299;77,0;4wd;585;5
2026-10-09;skoda-enyaq-85-sportline-286-hk-udb-39-995-30000-36;Skoda;Enyaq;85 Sportline 286 hk · udb 39.995;suv;el;30000;36;5310;39995;600;231755;6438;412495;18,7;56,2;56,2;D;nej;importoer;Skoda;;automatisk;2026-09-28;2026-10-09;;https://prislister.skoda.dk/leasingpriser;574;nej;286;77,0;baghjul;585;5
2026-10-09;skoda-enyaq-85x-selection-4x4-299-hk-udb-19-995-30000-36;Skoda;Enyaq;85x Selection 4x4 299 hk · udb 19.995;suv;el;30000;36;5910;19995;600;233355;6482;378095;20,6;61,7;61,7;E;nej;importoer;Skoda;;automatisk;2026-09-28;2026-10-09;;https://prislister.skoda.dk/leasingpriser;578;nej;299;77,0;4wd;585;5
2026-10-09;skoda-enyaq-85-sportline-286-hk-30000-36;Skoda;Enyaq;85 Sportline 286 hk;suv;el;30000;36;6000;19995;600;236595;6572;412495;19,1;57,4;57,4;D;nej;importoer;Skoda;;automatisk;2026-07-19;2026-10-09;;https://prislister.skoda.dk/leasingpriser;574;nej;286;77,0;baghjul;585;5
2026-10-09;skoda-enyaq-rs-4x4-340-hk-30000-36;Skoda;Enyaq;RS 4x4 340 hk;suv;el;30000;36;6050;39995;600;258395;7178;463395;18,6;55,8;55,8;D;nej;importoer;Skoda;;automatisk;2026-07-19;2026-10-09;;https://prislister.skoda.dk/leasingpriser;565;nej;340;77,0;4wd;585;5
2026-10-09;skoda-enyaq-coupe-85-selection-286-hk-udb-39-995-10000-36;Skoda;Enyaq Coupé;85 Selection 286 hk · udb 39.995;suv;el;10000;36;3895;39995;600;180815;5023;365095;16,5;49,5;49,5;C;nej;importoer;Skoda;;automatisk;2026-09-28;2026-10-09;;https://prislister.skoda.dk/leasingpriser;588;nej;286;77,0;baghjul;570;5
2026-10-09;skoda-enyaq-coupe-85-selection-286-hk-10000-36;Skoda;Enyaq Coupé;85 Selection 286 hk;suv;el;10000;36;4595;19995;600;186015;5167;365095;17,0;50,9;50,9;C;nej;importoer;Skoda;;automatisk;2026-07-19;2026-10-09;;https://prislister.skoda.dk/leasingpriser;588;nej;286;77,0;baghjul;570;5
2026-10-09;skoda-enyaq-coupe-85-sportline-286-hk-10000-36;Skoda;Enyaq Coupé;85 Sportline 286 hk;suv;el;10000;36;4495;39995;600;202415;5623;429695;15,7;47,1;47,1;C;nej;importoer;Skoda;;automatisk;2026-07-19;2026-10-09;;https://prislister.skoda.dk/leasingpriser;577;nej;286;77,0;baghjul;570;5
2026-10-09;skoda-enyaq-coupe-85-sportline-286-hk-udb-19-995-10000-36;Skoda;Enyaq Coupé;85 Sportline 286 hk · udb 19.995;suv;el;10000;36;5195;19995;600;207615;5767;429695;16,1;48,3;48,3;C;nej;importoer;Skoda;;automatisk;2026-09-28;2026-10-09;;https://prislister.skoda.dk/leasingpriser;577;nej;286;77,0;baghjul;570;5
2026-10-09;skoda-enyaq-coupe-rs-4x4-340-hk-10000-36;Skoda;Enyaq Coupé;RS 4x4 340 hk;suv;el;10000;36;5195;39995;600;227615;6323;479595;15,8;47,5;47,5;C;nej;importoer;Skoda;;automatisk;2026-07-19;2026-10-09;;https://prislister.skoda.dk/leasingpriser;572;nej;340;77,0;4wd;570;5
2026-10-09;skoda-enyaq-coupe-85-selection-286-hk-15000-36;Skoda;Enyaq Coupé;85 Selection 286 hk;suv;el;15000;36;4200;39995;600;191795;5328;365095;17,5;52,5;52,5;C;nej;importoer;Skoda;;automatisk;2026-07-19;2026-10-09;;https://prislister.skoda.dk/leasingpriser;588;nej;286;77,0;baghjul;570;5
2026-10-09;skoda-enyaq-coupe-85-selection-286-hk-udb-19-995-15000-36;Skoda;Enyaq Coupé;85 Selection 286 hk · udb 19.995;suv;el;15000;36;4900;19995;600;196995;5472;365095;18,0;54,0;54,0;D;nej;importoer;Skoda;;automatisk;2026-09-28;2026-10-09;;https://prislister.skoda.dk/leasingpriser;588;nej;286;77,0;baghjul;570;5
2026-10-09;skoda-enyaq-coupe-85-sportline-286-hk-15000-36;Skoda;Enyaq Coupé;85 Sportline 286 hk;suv;el;15000;36;4820;39995;600;214115;5948;429695;16,6;49,8;49,8;C;nej;importoer;Skoda;;automatisk;2026-07-19;2026-10-09;;https://prislister.skoda.dk/leasingpriser;577;nej;286;77,0;baghjul;570;5
2026-10-09;skoda-enyaq-coupe-85-sportline-286-hk-udb-19-995-15000-36;Skoda;Enyaq Coupé;85 Sportline 286 hk · udb 19.995;suv;el;15000;36;5520;19995;600;219315;6092;429695;17,0;51,0;51,0;C;nej;importoer;Skoda;;automatisk;2026-09-28;2026-10-09;;https://prislister.skoda.dk/leasingpriser;577;nej;286;77,0;baghjul;570;5
2026-10-09;skoda-enyaq-coupe-rs-4x4-340-hk-15000-36;Skoda;Enyaq Coupé;RS 4x4 340 hk;suv;el;15000;36;5540;39995;600;240035;6668;479595;16,7;50,1;50,0;C;nej;importoer;Skoda;;automatisk;2026-07-19;2026-10-09;;https://prislister.skoda.dk/leasingpriser;572;nej;340;77,0;4wd;570;5
2026-10-09;skoda-enyaq-coupe-85-selection-286-hk-udb-39-995-20000-36;Skoda;Enyaq Coupé;85 Selection 286 hk · udb 39.995;suv;el;20000;36;4560;39995;600;204755;5688;365095;18,7;56,1;56,1;D;nej;importoer;Skoda;;automatisk;2026-09-28;2026-10-09;;https://prislister.skoda.dk/leasingpriser;588;nej;286;77,0;baghjul;570;5
2026-10-09;skoda-enyaq-coupe-85-selection-286-hk-20000-36;Skoda;Enyaq Coupé;85 Selection 286 hk;suv;el;20000;36;5250;19995;600;209595;5822;365095;19,1;57,4;57,4;D;nej;importoer;Skoda;;automatisk;2026-07-19;2026-10-09;;https://prislister.skoda.dk/leasingpriser;588;nej;286;77,0;baghjul;570;5
2026-10-09;skoda-enyaq-coupe-85-sportline-286-hk-udb-39-995-20000-36;Skoda;Enyaq Coupé;85 Sportline 286 hk · udb 39.995;suv;el;20000;36;5220;39995;600;228515;6348;429695;17,7;53,2;53,2;C;nej;importoer;Skoda;;automatisk;2026-09-28;2026-10-09;;https://prislister.skoda.dk/leasingpriser;577;nej;286;77,0;baghjul;570;5
2026-10-09;skoda-enyaq-coupe-85-sportline-286-hk-20000-36;Skoda;Enyaq Coupé;85 Sportline 286 hk;suv;el;20000;36;5920;19995;600;233715;6492;429695;18,1;54,4;54,4;D;nej;importoer;Skoda;;automatisk;2026-07-19;2026-10-09;;https://prislister.skoda.dk/leasingpriser;577;nej;286;77,0;baghjul;570;5
2026-10-09;skoda-enyaq-coupe-rs-4x4-340-hk-20000-36;Skoda;Enyaq Coupé;RS 4x4 340 hk;suv;el;20000;36;5990;39995;600;256235;7118;479595;17,8;53,4;53,4;C;nej;importoer;Skoda;;automatisk;2026-07-19;2026-10-09;;https://prislister.skoda.dk/leasingpriser;572;nej;340;77,0;4wd;570;5
2026-10-09;skoda-enyaq-coupe-85-selection-286-hk-udb-39-995-25000-36;Skoda;Enyaq Coupé;85 Selection 286 hk · udb 39.995;suv;el;25000;36;4860;39995;600;215555;5988;365095;19,7;59,0;59,0;D;nej;importoer;Skoda;;automatisk;2026-09-28;2026-10-09;;https://prislister.skoda.dk/leasingpriser;588;nej;286;77,0;baghjul;570;5
2026-10-09;skoda-enyaq-coupe-85-selection-286-hk-25000-36;Skoda;Enyaq Coupé;85 Selection 286 hk;suv;el;25000;36;5560;19995;600;220755;6132;365095;20,2;60,5;60,5;E;nej;importoer;Skoda;;automatisk;2026-07-19;2026-10-09;;https://prislister.skoda.dk/leasingpriser;588;nej;286;77,0;baghjul;570;5
2026-10-09;skoda-enyaq-coupe-85-sportline-286-hk-udb-39-995-25000-36;Skoda;Enyaq Coupé;85 Sportline 286 hk · udb 39.995;suv;el;25000;36;5550;39995;600;240395;6678;429695;18,6;55,9;55,9;D;nej;importoer;Skoda;;automatisk;2026-09-28;2026-10-09;;https://prislister.skoda.dk/leasingpriser;577;nej;286;77,0;baghjul;570;5
2026-10-09;skoda-enyaq-coupe-85-sportline-286-hk-25000-36;Skoda;Enyaq Coupé;85 Sportline 286 hk;suv;el;25000;36;6250;19995;600;245595;6822;429695;19,1;57,2;57,2;D;nej;importoer;Skoda;;automatisk;2026-07-19;2026-10-09;;https://prislister.skoda.dk/leasingpriser;577;nej;286;77,0;baghjul;570;5
2026-10-09;skoda-enyaq-coupe-rs-4x4-340-hk-25000-36;Skoda;Enyaq Coupé;RS 4x4 340 hk;suv;el;25000;36;6350;39995;600;269195;7478;479595;18,7;56,1;56,1;D;nej;importoer;Skoda;;automatisk;2026-07-19;2026-10-09;;https://prislister.skoda.dk/leasingpriser;572;nej;340;77,0;4wd;570;5
2026-10-09;skoda-enyaq-coupe-85-selection-286-hk-udb-39-995-30000-36;Skoda;Enyaq Coupé;85 Selection 286 hk · udb 39.995;suv;el;30000;36;5170;39995;600;226715;6298;365095;20,7;62,1;62,1;E;nej;importoer;Skoda;;automatisk;2026-09-28;2026-10-09;;https://prislister.skoda.dk/leasingpriser;588;nej;286;77,0;baghjul;570;5
2026-10-09;skoda-enyaq-coupe-85-selection-286-hk-30000-36;Skoda;Enyaq Coupé;85 Selection 286 hk;suv;el;30000;36;5860;19995;600;231555;6432;365095;21,1;63,4;63,4;E;nej;importoer;Skoda;;automatisk;2026-07-19;2026-10-09;;https://prislister.skoda.dk/leasingpriser;588;nej;286;77,0;baghjul;570;5
2026-10-09;skoda-enyaq-coupe-85-sportline-286-hk-udb-39-995-30000-36;Skoda;Enyaq Coupé;85 Sportline 286 hk · udb 39.995;suv;el;30000;36;5880;39995;600;252275;7008;429695;19,6;58,7;58,7;D;nej;importoer;Skoda;;automatisk;2026-09-28;2026-10-09;;https://prislister.skoda.dk/leasingpriser;577;nej;286;77,0;baghjul;570;5
2026-10-09;skoda-enyaq-coupe-85-sportline-286-hk-30000-36;Skoda;Enyaq Coupé;85 Sportline 286 hk;suv;el;30000;36;6570;19995;600;257115;7142;429695;19,9;59,8;59,8;D;nej;importoer;Skoda;;automatisk;2026-07-19;2026-10-09;;https://prislister.skoda.dk/leasingpriser;577;nej;286;77,0;baghjul;570;5
2026-10-09;skoda-enyaq-coupe-rs-4x4-340-hk-30000-36;Skoda;Enyaq Coupé;RS 4x4 340 hk;suv;el;30000;36;6700;39995;600;281795;7828;479595;19,6;58,8;58,8;D;nej;importoer;Skoda;;automatisk;2026-07-19;2026-10-09;;https://prislister.skoda.dk/leasingpriser;572;nej;340;77,0;4wd;570;5
2026-10-09;skoda-epiq-55-selection-intro-edition-211-hk-udb-24-995-10000-48;Skoda;Epiq;55 Selection Intro Edition 211 hk · udb 24.995;minibil;el;10000;48;3195;24995;600;178955;3728;244995;18,3;54,8;73,0;D;nej;importoer;Skoda;;automatisk;2026-09-28;2026-10-09;;https://prislister.skoda.dk/leasingpriser;435;nej;211;51,7;forhjul;475;5
2026-10-09;skoda-epiq-55-selection-intro-edition-211-hk-10000-48;Skoda;Epiq;55 Selection Intro Edition 211 hk;minibil;el;10000;48;3595;9995;600;183155;3816;244995;18,7;56,1;74,8;D;nej;importoer;Skoda;;automatisk;2026-07-19;2026-10-09;;https://prislister.skoda.dk/leasingpriser;435;nej;211;51,7;forhjul;475;5
2026-10-09;skoda-epiq-55-selection-intro-edition-211-hk-15000-48;Skoda;Epiq;55 Selection Intro Edition 211 hk;minibil;el;15000;48;3385;24995;600;188075;3918;244995;19,2;57,6;76,8;D;nej;importoer;Skoda;;automatisk;2026-07-19;2026-10-09;;https://prislister.skoda.dk/leasingpriser;435;nej;211;51,7;forhjul;475;5
2026-10-09;skoda-epiq-55-selection-intro-edition-211-hk-udb-9-995-15000-48;Skoda;Epiq;55 Selection Intro Edition 211 hk · udb 9.995;minibil;el;15000;48;3785;9995;600;192275;4006;244995;19,6;58,9;78,5;D;nej;importoer;Skoda;;automatisk;2026-09-28;2026-10-09;;https://prislister.skoda.dk/leasingpriser;435;nej;211;51,7;forhjul;475;5
2026-10-09;skoda-epiq-55-selection-intro-edition-211-hk-20000-48;Skoda;Epiq;55 Selection Intro Edition 211 hk;minibil;el;20000;48;3555;24995;600;196235;4088;244995;20,0;60,1;80,1;E;nej;importoer;Skoda;;automatisk;2026-07-19;2026-10-09;;https://prislister.skoda.dk/leasingpriser;435;nej;211;51,7;forhjul;475;5
2026-10-09;skoda-epiq-55-selection-intro-edition-211-hk-udb-9-995-20000-48;Skoda;Epiq;55 Selection Intro Edition 211 hk · udb 9.995;minibil;el;20000;48;3955;9995;600;200435;4176;244995;20,5;61,4;81,8;E;nej;importoer;Skoda;;automatisk;2026-09-28;2026-10-09;;https://prislister.skoda.dk/leasingpriser;435;nej;211;51,7;forhjul;475;5
2026-10-09;skoda-kamiq-monte-carlo-1-0-tsi-dsg7-115-hk-10000-12;Skoda;Kamiq;Monte Carlo 1.0 TSI DSG7 115 hk;suv;benzin;10000;12;2995;9995;600;46535;3878;374995;12,4;37,2;12,4;B;nej;importoer;Skoda;;automatisk;2026-07-19;2026-10-09;;https://prislister.skoda.dk/leasingpriser;;;115;;forhjul;400;5
2026-10-09;skoda-kamiq-monte-carlo-1-0-tsi-dsg7-115-hk-udb-0-10000-12;Skoda;Kamiq;Monte Carlo 1.0 TSI DSG7 115 hk · udb 0;suv;benzin;10000;12;3995;0;600;48540;4045;374995;12,9;38,8;12,9;B;nej;importoer;Skoda;;automatisk;2026-09-28;2026-10-09;;https://prislister.skoda.dk/leasingpriser;;;115;;forhjul;400;5
2026-10-09;skoda-kamiq-selection-1-0-tsi-dsg7-115-hk-10000-36;Skoda;Kamiq;Selection 1.0 TSI DSG7 115 hk;suv;benzin;10000;36;3695;14995;600;148615;4128;327995;15,1;45,3;45,3;C;nej;importoer;Skoda;;automatisk;2026-07-19;2026-10-09;;https://prislister.skoda.dk/leasingpriser;;;115;;forhjul;400;5
2026-10-09;skoda-kamiq-monte-carlo-1-0-tsi-dsg7-115-hk-udb-9-995-15000-12;Skoda;Kamiq;Monte Carlo 1.0 TSI DSG7 115 hk · udb 9.995;suv;benzin;15000;12;3205;9995;600;49055;4088;374995;13,1;39,2;13,1;B;nej;importoer;Skoda;;automatisk;2026-09-28;2026-10-09;;https://prislister.skoda.dk/leasingpriser;;;115;;forhjul;400;5
2026-10-09;skoda-kamiq-monte-carlo-1-0-tsi-dsg7-115-hk-15000-12;Skoda;Kamiq;Monte Carlo 1.0 TSI DSG7 115 hk;suv;benzin;15000;12;4205;0;600;51060;4255;374995;13,6;40,8;13,6;B;nej;importoer;Skoda;;automatisk;2026-07-19;2026-10-09;;https://prislister.skoda.dk/leasingpriser;;;115;;forhjul;400;5
2026-10-09;skoda-kamiq-selection-1-0-tsi-dsg7-115-hk-15000-36;Skoda;Kamiq;Selection 1.0 TSI DSG7 115 hk;suv;benzin;15000;36;3995;14995;600;159415;4428;327995;16,2;48,6;48,6;C;nej;importoer;Skoda;;automatisk;2026-07-19;2026-10-09;;https://prislister.skoda.dk/leasingpriser;;;115;;forhjul;400;5
2026-10-09;skoda-kamiq-monte-carlo-1-0-tsi-dsg7-115-hk-20000-12;Skoda;Kamiq;Monte Carlo 1.0 TSI DSG7 115 hk;suv;benzin;20000;12;3445;9995;600;51935;4328;374995;13,8;41,5;13,8;B;nej;importoer;Skoda;;automatisk;2026-07-19;2026-10-09;;https://prislister.skoda.dk/leasingpriser;;;115;;forhjul;400;5
2026-10-09;skoda-kamiq-monte-carlo-1-0-tsi-dsg7-115-hk-udb-0-20000-12;Skoda;Kamiq;Monte Carlo 1.0 TSI DSG7 115 hk · udb 0;suv;benzin;20000;12;4445;0;600;53940;4495;374995;14,4;43,2;14,4;B;nej;importoer;Skoda;;automatisk;2026-09-28;2026-10-09;;https://prislister.skoda.dk/leasingpriser;;;115;;forhjul;400;5
2026-10-09;skoda-kamiq-selection-1-0-tsi-dsg7-115-hk-20000-36;Skoda;Kamiq;Selection 1.0 TSI DSG7 115 hk;suv;benzin;20000;36;4305;14995;600;170575;4738;327995;17,3;52,0;52,0;C;nej;importoer;Skoda;;automatisk;2026-07-19;2026-10-09;;https://prislister.skoda.dk/leasingpriser;;;115;;forhjul;400;5
2026-10-09;skoda-peaq-60-selection-204-hk-udb-59-995-10000-48;Skoda;Peaq;60 Selection 204 hk · udb 59.995;suv;el;10000;48;3495;59995;600;228355;4757;340095;16,8;50,4;67,1;C;nej;importoer;Skoda;;automatisk;2026-09-28;2026-10-09;;https://prislister.skoda.dk/leasingpriser;450;nej;204;59,0;baghjul;935;5
2026-10-09;skoda-peaq-60-selection-204-hk-10000-48;Skoda;Peaq;60 Selection 204 hk;suv;el;10000;48;4595;29995;600;251155;5232;340095;18,5;55,4;73,8;D;nej;importoer;Skoda;;automatisk;2026-07-19;2026-10-09;;https://prislister.skoda.dk/leasingpriser;450;nej;204;59,0;baghjul;935;5
2026-10-09;skoda-peaq-90-selection-286-hk-10000-48;Skoda;Peaq;90 Selection 286 hk;suv;el;10000;48;4295;59995;600;266755;5557;438295;15,2;45,6;60,9;C;nej;importoer;Skoda;;automatisk;2026-07-19;2026-10-09;;https://prislister.skoda.dk/leasingpriser;634;nej;286;86,0;baghjul;935;5
2026-10-09;skoda-peaq-90-selection-286-hk-udb-29-995-10000-48;Skoda;Peaq;90 Selection 286 hk · udb 29.995;suv;el;10000;48;5395;29995;600;289555;6032;438295;16,5;49,5;66,1;C;nej;importoer;Skoda;;automatisk;2026-09-28;2026-10-09;;https://prislister.skoda.dk/leasingpriser;634;nej;286;86,0;baghjul;935;5
2026-10-09;skoda-peaq-90x-selection-299-hk-10000-48;Skoda;Peaq;90x Selection 299 hk;suv;el;10000;48;4895;59995;600;295555;6157;479595;15,4;46,2;61,6;C;nej;importoer;Skoda;;automatisk;2026-07-19;2026-10-09;;https://prislister.skoda.dk/leasingpriser;602;nej;299;86,0;4wd;935;5
2026-10-09;skoda-peaq-90-sportline-286-hk-10000-48;Skoda;Peaq;90 Sportline 286 hk;suv;el;10000;48;5095;59995;600;305155;6357;501095;15,2;45,7;60,9;C;nej;importoer;Skoda;;automatisk;2026-07-19;2026-10-09;;https://prislister.skoda.dk/leasingpriser;633;nej;286;86,0;baghjul;935;5
2026-10-09;skoda-peaq-90x-selection-299-hk-udb-29-995-10000-48;Skoda;Peaq;90x Selection 299 hk · udb 29.995;suv;el;10000;48;5995;29995;600;318355;6632;479595;16,6;49,8;66,4;C;nej;importoer;Skoda;;automatisk;2026-09-28;2026-10-09;;https://prislister.skoda.dk/leasingpriser;602;nej;299;86,0;4wd;935;5
2026-10-09;skoda-peaq-90-sportline-286-hk-udb-29-995-10000-48;Skoda;Peaq;90 Sportline 286 hk · udb 29.995;suv;el;10000;48;6195;29995;600;327955;6832;501095;16,4;49,1;65,4;C;nej;importoer;Skoda;;automatisk;2026-09-28;2026-10-09;;https://prislister.skoda.dk/leasingpriser;633;nej;286;86,0;baghjul;935;5
2026-10-09;skoda-peaq-90x-sportline-299-hk-udb-59-995-10000-48;Skoda;Peaq;90x Sportline 299 hk · udb 59.995;suv;el;10000;48;5695;59995;600;333955;6957;533295;15,7;47,0;62,6;C;nej;importoer;Skoda;;automatisk;2026-09-28;2026-10-09;;https://prislister.skoda.dk/leasingpriser;601;nej;299;86,0;4wd;935;5
2026-10-09;skoda-peaq-90x-sportline-299-hk-10000-48;Skoda;Peaq;90x Sportline 299 hk;suv;el;10000;48;6795;29995;600;356755;7432;533295;16,7;50,2;66,9;C;nej;importoer;Skoda;;automatisk;2026-07-19;2026-10-09;;https://prislister.skoda.dk/leasingpriser;601;nej;299;86,0;4wd;935;5
2026-10-09;skoda-peaq-60-selection-204-hk-udb-59-995-15000-48;Skoda;Peaq;60 Selection 204 hk · udb 59.995;suv;el;15000;48;3725;59995;600;239395;4987;340095;17,6;52,8;70,4;C;nej;importoer;Skoda;;automatisk;2026-09-28;2026-10-09;;https://prislister.skoda.dk/leasingpriser;450;nej;204;59,0;baghjul;935;5
2026-10-09;skoda-peaq-60-selection-204-hk-15000-48;Skoda;Peaq;60 Selection 204 hk;suv;el;15000;48;4825;29995;600;262195;5462;340095;19,3;57,8;77,1;D;nej;importoer;Skoda;;automatisk;2026-07-19;2026-10-09;;https://prislister.skoda.dk/leasingpriser;450;nej;204;59,0;baghjul;935;5
2026-10-09;skoda-peaq-90-selection-286-hk-udb-59-995-15000-48;Skoda;Peaq;90 Selection 286 hk · udb 59.995;suv;el;15000;48;4565;59995;600;279715;5827;438295;16,0;47,9;63,8;C;nej;importoer;Skoda;;automatisk;2026-09-28;2026-10-09;;https://prislister.skoda.dk/leasingpriser;634;nej;286;86,0;baghjul;935;5
2026-10-09;skoda-peaq-90-selection-286-hk-15000-48;Skoda;Peaq;90 Selection 286 hk;suv;el;15000;48;5655;29995;600;302035;6292;438295;17,2;51,7;68,9;C;nej;importoer;Skoda;;automatisk;2026-07-19;2026-10-09;;https://prislister.skoda.dk/leasingpriser;634;nej;286;86,0;baghjul;935;5
2026-10-09;skoda-peaq-90x-selection-299-hk-15000-48;Skoda;Peaq;90x Selection 299 hk;suv;el;15000;48;5175;59995;600;308995;6437;479595;16,1;48,3;64,4;C;nej;importoer;Skoda;;automatisk;2026-07-19;2026-10-09;;https://prislister.skoda.dk/leasingpriser;602;nej;299;86,0;4wd;935;5
2026-10-09;skoda-peaq-90-sportline-286-hk-15000-48;Skoda;Peaq;90 Sportline 286 hk;suv;el;15000;48;5375;59995;600;318595;6637;501095;15,9;47,7;63,6;C;nej;importoer;Skoda;;automatisk;2026-07-19;2026-10-09;;https://prislister.skoda.dk/leasingpriser;633;nej;286;86,0;baghjul;935;5
2026-10-09;skoda-peaq-90x-selection-299-hk-udb-29-995-15000-48;Skoda;Peaq;90x Selection 299 hk · udb 29.995;suv;el;15000;48;6265;29995;600;331315;6902;479595;17,3;51,8;69,1;C;nej;importoer;Skoda;;automatisk;2026-09-28;2026-10-09;;https://prislister.skoda.dk/leasingpriser;602;nej;299;86,0;4wd;935;5
2026-10-09;skoda-peaq-90-sportline-286-hk-udb-29-995-15000-48;Skoda;Peaq;90 Sportline 286 hk · udb 29.995;suv;el;15000;48;6475;29995;600;341395;7112;501095;17,0;51,1;68,1;C;nej;importoer;Skoda;;automatisk;2026-09-28;2026-10-09;;https://prislister.skoda.dk/leasingpriser;633;nej;286;86,0;baghjul;935;5
2026-10-09;skoda-peaq-90x-sportline-299-hk-15000-48;Skoda;Peaq;90x Sportline 299 hk;suv;el;15000;48;5985;59995;600;347875;7247;533295;16,3;48,9;65,2;C;nej;importoer;Skoda;;automatisk;2026-07-19;2026-10-09;;https://prislister.skoda.dk/leasingpriser;601;nej;299;86,0;4wd;935;5
2026-10-09;skoda-peaq-90x-sportline-299-hk-udb-29-995-15000-48;Skoda;Peaq;90x Sportline 299 hk · udb 29.995;suv;el;15000;48;7075;29995;600;370195;7712;533295;17,4;52,1;69,4;C;nej;importoer;Skoda;;automatisk;2026-09-28;2026-10-09;;https://prislister.skoda.dk/leasingpriser;601;nej;299;86,0;4wd;935;5
2026-10-09;skoda-peaq-60-selection-204-hk-20000-48;Skoda;Peaq;60 Selection 204 hk;suv;el;20000;48;3935;59995;600;249475;5197;340095;18,3;55,0;73,4;D;nej;importoer;Skoda;;automatisk;2026-07-19;2026-10-09;;https://prislister.skoda.dk/leasingpriser;450;nej;204;59,0;baghjul;935;5
2026-10-09;skoda-peaq-60-selection-204-hk-udb-29-995-20000-48;Skoda;Peaq;60 Selection 204 hk · udb 29.995;suv;el;20000;48;5025;29995;600;271795;5662;340095;20,0;59,9;79,9;E;nej;importoer;Skoda;;automatisk;2026-09-28;2026-10-09;;https://prislister.skoda.dk/leasingpriser;450;nej;204;59,0;baghjul;935;5
2026-10-09;skoda-peaq-90-selection-286-hk-udb-59-995-20000-48;Skoda;Peaq;90 Selection 286 hk · udb 59.995;suv;el;20000;48;4815;59995;600;291715;6077;438295;16,6;49,9;66,6;C;nej;importoer;Skoda;;automatisk;2026-09-28;2026-10-09;;https://prislister.skoda.dk/leasingpriser;634;nej;286;86,0;baghjul;935;5
2026-10-09;skoda-peaq-90-selection-286-hk-20000-48;Skoda;Peaq;90 Selection 286 hk;suv;el;20000;48;5905;29995;600;314035;6542;438295;17,9;53,7;71,6;C;nej;importoer;Skoda;;automatisk;2026-07-19;2026-10-09;;https://prislister.skoda.dk/leasingpriser;634;nej;286;86,0;baghjul;935;5
2026-10-09;skoda-peaq-90x-selection-299-hk-udb-59-995-20000-48;Skoda;Peaq;90x Selection 299 hk · udb 59.995;suv;el;20000;48;5435;59995;600;321475;6697;479595;16,8;50,3;67,0;C;nej;importoer;Skoda;;automatisk;2026-09-28;2026-10-09;;https://prislister.skoda.dk/leasingpriser;602;nej;299;86,0;4wd;935;5
2026-10-09;skoda-peaq-90-sportline-286-hk-udb-59-995-20000-48;Skoda;Peaq;90 Sportline 286 hk · udb 59.995;suv;el;20000;48;5645;59995;600;331555;6907;501095;16,5;49,6;66,2;C;nej;importoer;Skoda;;automatisk;2026-09-28;2026-10-09;;https://prislister.skoda.dk/leasingpriser;633;nej;286;86,0;baghjul;935;5
2026-10-09;skoda-peaq-90x-selection-299-hk-20000-48;Skoda;Peaq;90x Selection 299 hk;suv;el;20000;48;6525;29995;600;343795;7162;479595;17,9;53,8;71,7;C;nej;importoer;Skoda;;automatisk;2026-07-19;2026-10-09;;https://prislister.skoda.dk/leasingpriser;602;nej;299;86,0;4wd;935;5
2026-10-09;skoda-peaq-90-sportline-286-hk-20000-48;Skoda;Peaq;90 Sportline 286 hk;suv;el;20000;48;6735;29995;600;353875;7372;501095;17,7;53,0;70,6;C;nej;importoer;Skoda;;automatisk;2026-07-19;2026-10-09;;https://prislister.skoda.dk/leasingpriser;633;nej;286;86,0;baghjul;935;5
2026-10-09;skoda-peaq-90x-sportline-299-hk-udb-59-995-20000-48;Skoda;Peaq;90x Sportline 299 hk · udb 59.995;suv;el;20000;48;6255;59995;600;360835;7517;533295;16,9;50,7;67,7;C;nej;importoer;Skoda;;automatisk;2026-09-28;2026-10-09;;https://prislister.skoda.dk/leasingpriser;601;nej;299;86,0;4wd;935;5
2026-10-09;skoda-peaq-90x-sportline-299-hk-20000-48;Skoda;Peaq;90x Sportline 299 hk;suv;el;20000;48;7345;29995;600;383155;7982;533295;18,0;53,9;71,8;D;nej;importoer;Skoda;;automatisk;2026-07-19;2026-10-09;;https://prislister.skoda.dk/leasingpriser;601;nej;299;86,0;4wd;935;5
2026-10-09;skoda-peaq-60-selection-204-hk-25000-48;Skoda;Peaq;60 Selection 204 hk;suv;el;25000;48;4265;59995;600;265315;5527;340095;19,5;58,5;78,0;D;nej;importoer;Skoda;;automatisk;2026-08-06;2026-10-09;;https://prislister.skoda.dk/leasingpriser;450;nej;204;59,0;baghjul;935;5
2026-10-09;skoda-peaq-60-selection-204-hk-udb-29-995-25000-48;Skoda;Peaq;60 Selection 204 hk · udb 29.995;suv;el;25000;48;5345;29995;600;287155;5982;340095;21,1;63,3;84,4;E;nej;importoer;Skoda;;automatisk;2026-09-28;2026-10-09;;https://prislister.skoda.dk/leasingpriser;450;nej;204;59,0;baghjul;935;5
2026-10-09;skoda-peaq-90-selection-286-hk-udb-59-995-25000-48;Skoda;Peaq;90 Selection 286 hk · udb 59.995;suv;el;25000;48;5225;59995;600;311395;6487;438295;17,8;53,3;71,0;C;nej;importoer;Skoda;;automatisk;2026-09-28;2026-10-09;;https://prislister.skoda.dk/leasingpriser;634;nej;286;86,0;baghjul;935;5
2026-10-09;skoda-peaq-90-selection-286-hk-25000-48;Skoda;Peaq;90 Selection 286 hk;suv;el;25000;48;6305;29995;600;333235;6942;438295;19,0;57,0;76,0;D;nej;importoer;Skoda;;automatisk;2026-08-06;2026-10-09;;https://prislister.skoda.dk/leasingpriser;634;nej;286;86,0;baghjul;935;5
2026-10-09;skoda-peaq-90x-selection-299-hk-udb-59-995-25000-48;Skoda;Peaq;90x Selection 299 hk · udb 59.995;suv;el;25000;48;5855;59995;600;341635;7117;479595;17,8;53,4;71,2;C;nej;importoer;Skoda;;automatisk;2026-09-28;2026-10-09;;https://prislister.skoda.dk/leasingpriser;602;nej;299;86,0;4wd;935;5
2026-10-09;skoda-peaq-90-sportline-286-hk-udb-59-995-25000-48;Skoda;Peaq;90 Sportline 286 hk · udb 59.995;suv;el;25000;48;6085;59995;600;352675;7347;501095;17,6;52,8;70,4;C;nej;importoer;Skoda;;automatisk;2026-09-28;2026-10-09;;https://prislister.skoda.dk/leasingpriser;633;nej;286;86,0;baghjul;935;5
2026-10-09;skoda-peaq-90x-selection-299-hk-25000-48;Skoda;Peaq;90x Selection 299 hk;suv;el;25000;48;6935;29995;600;363475;7572;479595;18,9;56,8;75,8;D;nej;importoer;Skoda;;automatisk;2026-08-06;2026-10-09;;https://prislister.skoda.dk/leasingpriser;602;nej;299;86,0;4wd;935;5
2026-10-09;skoda-peaq-90-sportline-286-hk-25000-48;Skoda;Peaq;90 Sportline 286 hk;suv;el;25000;48;7165;29995;600;374515;7802;501095;18,7;56,1;74,7;D;nej;importoer;Skoda;;automatisk;2026-08-06;2026-10-09;;https://prislister.skoda.dk/leasingpriser;633;nej;286;86,0;baghjul;935;5
2026-10-09;skoda-peaq-90x-sportline-299-hk-25000-48;Skoda;Peaq;90x Sportline 299 hk;suv;el;25000;48;6705;59995;600;382435;7967;533295;17,9;53,8;71,7;C;nej;importoer;Skoda;;automatisk;2026-08-06;2026-10-09;;https://prislister.skoda.dk/leasingpriser;601;nej;299;86,0;4wd;935;5
2026-10-09;skoda-peaq-90x-sportline-299-hk-udb-29-995-25000-48;Skoda;Peaq;90x Sportline 299 hk · udb 29.995;suv;el;25000;48;7775;29995;600;403795;8412;533295;18,9;56,8;75,7;D;nej;importoer;Skoda;;automatisk;2026-09-28;2026-10-09;;https://prislister.skoda.dk/leasingpriser;601;nej;299;86,0;4wd;935;5
2026-10-09;skoda-scala-selection-1-0-tsi-dsg7-115-hk-10000-36;Skoda;Scala;Selection 1.0 TSI DSG7 115 hk;kompakt;benzin;10000;36;3595;14995;600;145015;4028;292995;16,5;49,5;49,5;C;nej;importoer;Skoda;;automatisk;2026-07-19;2026-10-09;;https://prislister.skoda.dk/leasingpriser;;;115;;forhjul;467;5
2026-10-09;skoda-scala-selection-1-0-tsi-dsg7-115-hk-15000-36;Skoda;Scala;Selection 1.0 TSI DSG7 115 hk;kompakt;benzin;15000;36;3865;14995;600;154735;4298;292995;17,6;52,8;52,8;C;nej;importoer;Skoda;;automatisk;2026-07-19;2026-10-09;;https://prislister.skoda.dk/leasingpriser;;;115;;forhjul;467;5
2026-10-09;skoda-scala-selection-1-0-tsi-dsg7-115-hk-20000-36;Skoda;Scala;Selection 1.0 TSI DSG7 115 hk;kompakt;benzin;20000;36;4135;14995;600;164455;4568;292995;18,7;56,1;56,1;D;nej;importoer;Skoda;;automatisk;2026-07-19;2026-10-09;;https://prislister.skoda.dk/leasingpriser;;;115;;forhjul;467;5
2026-10-09;suzuki-s-cross-active-udb-29-995-10000-36;Suzuki;S-Cross;active · udb 29.995;suv;benzin;10000;36;3575;29995;1150;159845;4440;275990;19,3;57,9;57,9;D;nej;importoer;Suzuki;;automatisk;2026-08-04;2026-10-09;;https://suzuki.dk/privatleasing?section=leasingpriser;;;110;;2wd;430;5
2026-10-09;suzuki-s-cross-active-udb-9-995-10000-36;Suzuki;S-Cross;active · udb 9.995;suv;benzin;10000;36;4145;9995;1150;160365;4455;275990;19,4;58,1;58,1;D;nej;importoer;Suzuki;;automatisk;2026-08-04;2026-10-09;;https://suzuki.dk/privatleasing?section=leasingpriser;;;110;;2wd;430;5
2026-10-09;suzuki-s-cross-adventure-udb-29-995-10000-36;Suzuki;S-Cross;adventure · udb 29.995;suv;benzin;10000;36;3995;29995;1150;174965;4860;305990;19,1;57,2;57,2;D;nej;importoer;Suzuki;;automatisk;2026-08-04;2026-10-09;;https://suzuki.dk/privatleasing?section=leasingpriser;;;110;;2wd;430;5
2026-10-09;suzuki-s-cross-adventure-udb-9-995-10000-36;Suzuki;S-Cross;adventure · udb 9.995;suv;benzin;10000;36;4595;9995;1150;176565;4905;305990;19,2;57,7;57,7;D;nej;importoer;Suzuki;;automatisk;2026-08-04;2026-10-09;;https://suzuki.dk/privatleasing?section=leasingpriser;;;110;;2wd;430;5
2026-10-09;suzuki-swift-advance-udb-19-995-10000-36;Suzuki;Swift;advance · udb 19.995;minibil;benzin;10000;36;2125;19995;1150;97645;2712;184990;17,6;52,8;52,8;C;nej;importoer;Suzuki;;automatisk;2026-08-04;2026-10-09;;https://suzuki.dk/privatleasing?section=leasingpriser;;;82;;2wd;265;5
2026-10-09;suzuki-swift-advance-udb-9-995-10000-36;Suzuki;Swift;advance · udb 9.995;minibil;benzin;10000;36;2425;9995;1150;98445;2735;184990;17,7;53,2;53,2;C;nej;importoer;Suzuki;;automatisk;2026-08-04;2026-10-09;;https://suzuki.dk/privatleasing?section=leasingpriser;;;82;;2wd;265;5
2026-10-09;suzuki-swift-advance-udb-4-995-10000-36;Suzuki;Swift;advance · udb 4.995;minibil;benzin;10000;36;2595;4995;1150;99565;2766;184990;17,9;53,8;53,8;C;nej;importoer;Suzuki;;automatisk;2026-08-04;2026-10-09;;https://suzuki.dk/privatleasing?section=leasingpriser;;;82;;2wd;265;5
2026-10-09;suzuki-swift-desire-udb-19-995-10000-36;Suzuki;Swift;desire · udb 19.995;minibil;benzin;10000;36;2275;19995;1150;103045;2862;199990;17,2;51,5;51,5;C;nej;importoer;Suzuki;;automatisk;2026-08-04;2026-10-09;;https://suzuki.dk/privatleasing?section=leasingpriser;;;82;;2wd;265;5
2026-10-09;suzuki-swift-desire-udb-9-995-10000-36;Suzuki;Swift;desire · udb 9.995;minibil;benzin;10000;36;2600;9995;1150;104745;2910;199990;17,5;52,4;52,4;C;nej;importoer;Suzuki;;automatisk;2026-08-04;2026-10-09;;https://suzuki.dk/privatleasing?section=leasingpriser;;;82;;2wd;265;5
2026-10-09;suzuki-swift-desire-udb-4-995-10000-36;Suzuki;Swift;desire · udb 4.995;minibil;benzin;10000;36;2745;4995;1150;104965;2916;199990;17,5;52,5;52,5;C;nej;importoer;Suzuki;;automatisk;2026-08-04;2026-10-09;;https://suzuki.dk/privatleasing?section=leasingpriser;;;82;;2wd;265;5
2026-10-09;suzuki-vitara-active-udb-9-995-10000-36;Suzuki;Vitara;active · udb 9.995;suv;benzin;10000;36;3195;9995;1150;126165;3505;259990;16,2;48,5;48,5;C;nej;importoer;Suzuki;;automatisk;2026-08-04;2026-10-09;;https://suzuki.dk/privatleasing?section=leasingpriser;;;110;;2wd;362;5
2026-10-09;suzuki-vitara-active-udb-29-995-10000-36;Suzuki;Vitara;active · udb 29.995;suv;benzin;10000;36;2645;29995;1150;126365;3510;259990;16,2;48,6;48,6;C;nej;importoer;Suzuki;;automatisk;2026-08-04;2026-10-09;;https://suzuki.dk/privatleasing?section=leasingpriser;;;110;;2wd;362;5
2026-10-09;suzuki-vitara-adventure-udb-9-995-10000-36;Suzuki;Vitara;adventure · udb 9.995;suv;benzin;10000;36;3595;9995;1150;140565;3905;279990;16,7;50,2;50,2;C;nej;importoer;Suzuki;;automatisk;2026-08-04;2026-10-09;;https://suzuki.dk/privatleasing?section=leasingpriser;;;110;;2wd;362;5
2026-10-09;suzuki-vitara-adventure-udb-29-995-10000-36;Suzuki;Vitara;adventure · udb 29.995;suv;benzin;10000;36;3195;29995;1150;146165;4060;279990;17,4;52,2;52,2;C;nej;importoer;Suzuki;;automatisk;2026-08-04;2026-10-09;;https://suzuki.dk/privatleasing?section=leasingpriser;;;110;;2wd;362;5
2026-10-09;suzuki-e-vitara-active-udb-19-995-10000-36;Suzuki;e Vitara;active · udb 19.995;suv;el;10000;36;3495;19995;1150;146965;4082;246990;19,8;59,5;59,5;D;nej;importoer;Suzuki;;automatisk;2026-08-04;2026-10-09;;https://suzuki.dk/privatleasing?section=leasingpriser;426;nej;174;61,0;2wd;310;5
2026-10-09;suzuki-e-vitara-active-udb-9-995-10000-36;Suzuki;e Vitara;active · udb 9.995;suv;el;10000;36;3775;9995;1150;147045;4085;246990;19,8;59,5;59,5;D;nej;importoer;Suzuki;;automatisk;2026-08-04;2026-10-09;;https://suzuki.dk/privatleasing?section=leasingpriser;426;nej;174;61,0;2wd;310;5
2026-10-09;suzuki-e-vitara-adventure-udb-19-995-10000-36;Suzuki;e Vitara;adventure · udb 19.995;suv;el;10000;36;3945;19995;1150;163165;4532;266990;20,4;61,1;61,1;E;nej;importoer;Suzuki;;automatisk;2026-08-04;2026-10-09;;https://suzuki.dk/privatleasing?section=leasingpriser;426;nej;174;61,0;2wd;310;5
2026-10-09;suzuki-e-vitara-adventure-udb-9-995-10000-36;Suzuki;e Vitara;adventure · udb 9.995;suv;el;10000;36;4250;9995;1150;164145;4560;266990;20,5;61,5;61,5;E;nej;importoer;Suzuki;;automatisk;2026-08-04;2026-10-09;;https://suzuki.dk/privatleasing?section=leasingpriser;426;nej;174;61,0;2wd;310;5
2026-10-09;tesla-model-3-baghjulstrk-10000-36;Tesla;Model 3;Baghjulstræk;mellemklasse;el;10000;36;2795;20000;1550;122170;3394;269990;15,1;45,3;45,2;C;nej;importoer;Tesla;;manuel;2026-10-04;2026-10-04;;https://www.tesla.com/da_dk/model3/design;572;nej;;;baghjul;;5
2026-10-09;tesla-model-3-premium-long-range-baghjulstrk-10000-36;Tesla;Model 3;Premium Long Range baghjulstræk;mellemklasse;el;10000;36;3495;20000;1550;147370;4094;339990;14,4;43,3;43,3;B;nej;importoer;Tesla;;manuel;2026-10-04;2026-10-04;;https://www.tesla.com/da_dk/model3/design;750;ja;;;baghjul;;5
2026-10-09;tesla-model-3-premium-long-range-dual-motor-firehjulstrk-10000-36;Tesla;Model 3;Premium Long Range Dual Motor firehjulstræk;mellemklasse;el;10000;36;3995;20000;1550;165370;4594;359990;15,3;45,9;45,9;C;nej;importoer;Tesla;;manuel;2026-10-04;2026-10-04;;https://www.tesla.com/da_dk/model3/design;660;nej;;;4wd;;5
2026-10-09;tesla-model-3-performance-dual-motor-firehjulstrk-10000-36;Tesla;Model 3;Performance Dual Motor firehjulstræk;mellemklasse;el;10000;36;6395;20000;1550;251770;6994;469990;17,9;53,6;53,6;C;nej;importoer;Tesla;;manuel;2026-10-04;2026-10-04;;https://www.tesla.com/da_dk/model3/design;571;nej;;;4wd;;5
2026-10-09;tesla-model-3-baghjulstrk-15000-36;Tesla;Model 3;Baghjulstræk;mellemklasse;el;15000;36;3045;20000;1550;131170;3644;269990;16,2;48,6;48,6;C;nej;importoer;Tesla;;manuel;2026-10-04;2026-10-04;;https://www.tesla.com/da_dk/model3/design;572;nej;;;baghjul;;5
2026-10-09;tesla-model-3-premium-long-range-baghjulstrk-15000-36;Tesla;Model 3;Premium Long Range baghjulstræk;mellemklasse;el;15000;36;3745;20000;1550;156370;4344;339990;15,3;46,0;46,0;C;nej;importoer;Tesla;;manuel;2026-10-04;2026-10-04;;https://www.tesla.com/da_dk/model3/design;750;ja;;;baghjul;;5
2026-10-09;tesla-model-3-premium-long-range-dual-motor-firehjulstrk-15000-36;Tesla;Model 3;Premium Long Range Dual Motor firehjulstræk;mellemklasse;el;15000;36;4245;20000;1550;174370;4844;359990;16,1;48,4;48,4;C;nej;importoer;Tesla;;manuel;2026-10-04;2026-10-04;;https://www.tesla.com/da_dk/model3/design;660;nej;;;4wd;;5
2026-10-09;tesla-model-3-performance-dual-motor-firehjulstrk-15000-36;Tesla;Model 3;Performance Dual Motor firehjulstræk;mellemklasse;el;15000;36;6645;20000;1550;260770;7244;469990;18,5;55,5;55,5;D;nej;importoer;Tesla;;manuel;2026-10-04;2026-10-04;;https://www.tesla.com/da_dk/model3/design;571;nej;;;4wd;;5
2026-10-09;tesla-model-3-baghjulstrk-20000-36;Tesla;Model 3;Baghjulstræk;mellemklasse;el;20000;36;3395;20000;1550;143770;3994;269990;17,8;53,3;53,3;C;nej;importoer;Tesla;;manuel;2026-10-04;2026-10-04;;https://www.tesla.com/da_dk/model3/design;572;nej;;;baghjul;;5
2026-10-09;tesla-model-3-premium-long-range-baghjulstrk-20000-36;Tesla;Model 3;Premium Long Range baghjulstræk;mellemklasse;el;20000;36;4095;20000;1550;168970;4694;339990;16,6;49,7;49,7;C;nej;importoer;Tesla;;manuel;2026-10-04;2026-10-04;;https://www.tesla.com/da_dk/model3/design;750;ja;;;baghjul;;5
2026-10-09;tesla-model-3-premium-long-range-dual-motor-firehjulstrk-20000-36;Tesla;Model 3;Premium Long Range Dual Motor firehjulstræk;mellemklasse;el;20000;36;4595;20000;1550;186970;5194;359990;17,3;51,9;51,9;C;nej;importoer;Tesla;;manuel;2026-10-04;2026-10-04;;https://www.tesla.com/da_dk/model3/design;660;nej;;;4wd;;5
2026-10-09;tesla-model-3-performance-dual-motor-firehjulstrk-20000-36;Tesla;Model 3;Performance Dual Motor firehjulstræk;mellemklasse;el;20000;36;6995;20000;1550;273370;7594;469990;19,4;58,2;58,2;D;nej;importoer;Tesla;;manuel;2026-10-04;2026-10-04;;https://www.tesla.com/da_dk/model3/design;571;nej;;;4wd;;5
2026-10-09;tesla-model-3-baghjulstrk-25000-36;Tesla;Model 3;Baghjulstræk;mellemklasse;el;25000;36;3745;20000;1550;156370;4344;269990;19,3;57,9;57,9;D;nej;importoer;Tesla;;manuel;2026-10-04;2026-10-04;;https://www.tesla.com/da_dk/model3/design;572;nej;;;baghjul;;5
2026-10-09;tesla-model-3-premium-long-range-baghjulstrk-25000-36;Tesla;Model 3;Premium Long Range baghjulstræk;mellemklasse;el;25000;36;4445;20000;1550;181570;5044;339990;17,8;53,4;53,4;C;nej;importoer;Tesla;;manuel;2026-10-04;2026-10-04;;https://www.tesla.com/da_dk/model3/design;750;ja;;;baghjul;;5
2026-10-09;tesla-model-3-premium-long-range-dual-motor-firehjulstrk-25000-36;Tesla;Model 3;Premium Long Range Dual Motor firehjulstræk;mellemklasse;el;25000;36;4945;20000;1550;199570;5544;359990;18,5;55,4;55,4;D;nej;importoer;Tesla;;manuel;2026-10-04;2026-10-04;;https://www.tesla.com/da_dk/model3/design;660;nej;;;4wd;;5
2026-10-09;tesla-model-3-performance-dual-motor-firehjulstrk-25000-36;Tesla;Model 3;Performance Dual Motor firehjulstræk;mellemklasse;el;25000;36;7345;20000;1550;285970;7944;469990;20,3;60,8;60,8;E;nej;importoer;Tesla;;manuel;2026-10-04;2026-10-04;;https://www.tesla.com/da_dk/model3/design;571;nej;;;4wd;;5
2026-10-09;tesla-model-3-baghjulstrk-30000-36;Tesla;Model 3;Baghjulstræk;mellemklasse;el;30000;36;4095;20000;1550;168970;4694;269990;20,9;62,6;62,6;E;nej;importoer;Tesla;;manuel;2026-10-04;2026-10-04;;https://www.tesla.com/da_dk/model3/design;572;nej;;;baghjul;;5
2026-10-09;tesla-model-3-premium-long-range-baghjulstrk-30000-36;Tesla;Model 3;Premium Long Range baghjulstræk;mellemklasse;el;30000;36;4795;20000;1550;194170;5394;339990;19,0;57,1;57,1;D;nej;importoer;Tesla;;manuel;2026-10-04;2026-10-04;;https://www.tesla.com/da_dk/model3/design;750;ja;;;baghjul;;5
2026-10-09;tesla-model-3-premium-long-range-dual-motor-firehjulstrk-30000-36;Tesla;Model 3;Premium Long Range Dual Motor firehjulstræk;mellemklasse;el;30000;36;5295;20000;1550;212170;5894;359990;19,6;58,9;58,9;D;nej;importoer;Tesla;;manuel;2026-10-04;2026-10-04;;https://www.tesla.com/da_dk/model3/design;660;nej;;;4wd;;5
2026-10-09;tesla-model-3-performance-dual-motor-firehjulstrk-30000-36;Tesla;Model 3;Performance Dual Motor firehjulstræk;mellemklasse;el;30000;36;7695;20000;1550;298570;8294;469990;21,2;63,5;63,5;E;nej;importoer;Tesla;;manuel;2026-10-04;2026-10-04;;https://www.tesla.com/da_dk/model3/design;571;nej;;;4wd;;5
2026-10-09;tesla-model-3-baghjulstrk-35000-36;Tesla;Model 3;Baghjulstræk;mellemklasse;el;35000;36;4445;20000;1550;181570;5044;269990;22,4;67,3;67,3;E;nej;importoer;Tesla;;manuel;2026-10-04;2026-10-04;;https://www.tesla.com/da_dk/model3/design;572;nej;;;baghjul;;5
2026-10-09;tesla-model-3-premium-long-range-baghjulstrk-35000-36;Tesla;Model 3;Premium Long Range baghjulstræk;mellemklasse;el;35000;36;5145;20000;1550;206770;5744;339990;20,3;60,8;60,8;E;nej;importoer;Tesla;;manuel;2026-10-04;2026-10-04;;https://www.tesla.com/da_dk/model3/design;750;ja;;;baghjul;;5
2026-10-09;tesla-model-3-premium-long-range-dual-motor-firehjulstrk-35000-36;Tesla;Model 3;Premium Long Range Dual Motor firehjulstræk;mellemklasse;el;35000;36;5645;20000;1550;224770;6244;359990;20,8;62,4;62,4;E;nej;importoer;Tesla;;manuel;2026-10-04;2026-10-04;;https://www.tesla.com/da_dk/model3/design;660;nej;;;4wd;;5
2026-10-09;tesla-model-3-performance-dual-motor-firehjulstrk-35000-36;Tesla;Model 3;Performance Dual Motor firehjulstræk;mellemklasse;el;35000;36;8045;20000;1550;311170;8644;469990;22,1;66,2;66,2;E;nej;importoer;Tesla;;manuel;2026-10-04;2026-10-04;;https://www.tesla.com/da_dk/model3/design;571;nej;;;4wd;;5
2026-10-09;tesla-model-y-baghjulstrk-10000-36;Tesla;Model Y;Baghjulstræk;suv;el;10000;36;3295;20000;1550;140170;3894;304990;15,3;46,0;46,0;C;nej;importoer;Tesla;;manuel;2026-10-04;2026-10-04;;https://www.tesla.com/da_dk/modely/design;525;nej;;;baghjul;;5
2026-10-09;tesla-model-y-premium-long-range-dual-motor-firehjulstrk-10000-36;Tesla;Model Y;Premium Long Range Dual Motor firehjulstræk;suv;el;10000;36;4495;20000;1550;183370;5094;404990;15,1;45,3;45,3;C;nej;importoer;Tesla;;manuel;2026-10-04;2026-10-04;;https://www.tesla.com/da_dk/modely/design;622;nej;;;4wd;;5
2026-10-09;tesla-model-y-premium-long-range-baghjulstrk-10000-36;Tesla;Model Y;Premium Long Range baghjulstræk;suv;el;10000;36;4795;20000;1550;194170;5394;364990;17,7;53,2;53,2;C;nej;importoer;Tesla;;manuel;2026-10-04;2026-10-04;;https://www.tesla.com/da_dk/modely/design;603;nej;;;baghjul;;5
2026-10-09;tesla-model-y-performance-dual-motor-firehjulstrk-10000-36;Tesla;Model Y;Performance Dual Motor firehjulstræk;suv;el;10000;36;7195;20000;1550;280570;7794;494990;18,9;56,7;56,7;D;nej;importoer;Tesla;;manuel;2026-10-04;2026-10-04;;https://www.tesla.com/da_dk/modely/design;580;nej;;;4wd;;5
2026-10-09;tesla-model-y-baghjulstrk-15000-36;Tesla;Model Y;Baghjulstræk;suv;el;15000;36;3545;20000;1550;149170;4144;304990;16,3;48,9;48,9;C;nej;importoer;Tesla;;manuel;2026-10-04;2026-10-04;;https://www.tesla.com/da_dk/modely/design;525;nej;;;baghjul;;5
2026-10-09;tesla-model-y-premium-long-range-dual-motor-firehjulstrk-15000-36;Tesla;Model Y;Premium Long Range Dual Motor firehjulstræk;suv;el;15000;36;4745;20000;1550;192370;5344;404990;15,8;47,5;47,5;C;nej;importoer;Tesla;;manuel;2026-10-04;2026-10-04;;https://www.tesla.com/da_dk/modely/design;622;nej;;;4wd;;5
2026-10-09;tesla-model-y-premium-long-range-baghjulstrk-15000-36;Tesla;Model Y;Premium Long Range baghjulstræk;suv;el;15000;36;5045;20000;1550;203170;5644;364990;18,6;55,7;55,7;D;nej;importoer;Tesla;;manuel;2026-10-04;2026-10-04;;https://www.tesla.com/da_dk/modely/design;603;nej;;;baghjul;;5
2026-10-09;tesla-model-y-performance-dual-motor-firehjulstrk-15000-36;Tesla;Model Y;Performance Dual Motor firehjulstræk;suv;el;15000;36;7445;20000;1550;289570;8044;494990;19,5;58,5;58,5;D;nej;importoer;Tesla;;manuel;2026-10-04;2026-10-04;;https://www.tesla.com/da_dk/modely/design;580;nej;;;4wd;;5
2026-10-09;tesla-model-y-baghjulstrk-20000-36;Tesla;Model Y;Baghjulstræk;suv;el;20000;36;3895;20000;1550;161770;4494;304990;17,7;53,0;53,0;C;nej;importoer;Tesla;;manuel;2026-10-04;2026-10-04;;https://www.tesla.com/da_dk/modely/design;525;nej;;;baghjul;;5
2026-10-09;tesla-model-y-premium-long-range-dual-motor-firehjulstrk-20000-36;Tesla;Model Y;Premium Long Range Dual Motor firehjulstræk;suv;el;20000;36;5095;20000;1550;204970;5694;404990;16,9;50,6;50,6;C;nej;importoer;Tesla;;manuel;2026-10-04;2026-10-04;;https://www.tesla.com/da_dk/modely/design;622;nej;;;4wd;;5
2026-10-09;tesla-model-y-premium-long-range-baghjulstrk-20000-36;Tesla;Model Y;Premium Long Range baghjulstræk;suv;el;20000;36;5395;20000;1550;215770;5994;364990;19,7;59,1;59,1;D;nej;importoer;Tesla;;manuel;2026-10-04;2026-10-04;;https://www.tesla.com/da_dk/modely/design;603;nej;;;baghjul;;5
2026-10-09;tesla-model-y-performance-dual-motor-firehjulstrk-20000-36;Tesla;Model Y;Performance Dual Motor firehjulstræk;suv;el;20000;36;7795;20000;1550;302170;8394;494990;20,3;61,0;61,0;E;nej;importoer;Tesla;;manuel;2026-10-04;2026-10-04;;https://www.tesla.com/da_dk/modely/design;580;nej;;;4wd;;5
2026-10-09;tesla-model-y-baghjulstrk-25000-36;Tesla;Model Y;Baghjulstræk;suv;el;25000;36;4245;20000;1550;174370;4844;304990;19,1;57,2;57,2;D;nej;importoer;Tesla;;manuel;2026-10-04;2026-10-04;;https://www.tesla.com/da_dk/modely/design;525;nej;;;baghjul;;5
2026-10-09;tesla-model-y-premium-long-range-dual-motor-firehjulstrk-25000-36;Tesla;Model Y;Premium Long Range Dual Motor firehjulstræk;suv;el;25000;36;5445;20000;1550;217570;6044;404990;17,9;53,7;53,7;C;nej;importoer;Tesla;;manuel;2026-10-04;2026-10-04;;https://www.tesla.com/da_dk/modely/design;622;nej;;;4wd;;5
2026-10-09;tesla-model-y-premium-long-range-baghjulstrk-25000-36;Tesla;Model Y;Premium Long Range baghjulstræk;suv;el;25000;36;5745;20000;1550;228370;6344;364990;20,9;62,6;62,6;E;nej;importoer;Tesla;;manuel;2026-10-04;2026-10-04;;https://www.tesla.com/da_dk/modely/design;603;nej;;;baghjul;;5
2026-10-09;tesla-model-y-performance-dual-motor-firehjulstrk-25000-36;Tesla;Model Y;Performance Dual Motor firehjulstræk;suv;el;25000;36;8145;20000;1550;314770;8744;494990;21,2;63,6;63,6;E;nej;importoer;Tesla;;manuel;2026-10-04;2026-10-04;;https://www.tesla.com/da_dk/modely/design;580;nej;;;4wd;;5
2026-10-09;tesla-model-y-baghjulstrk-30000-36;Tesla;Model Y;Baghjulstræk;suv;el;30000;36;4595;20000;1550;186970;5194;304990;20,4;61,3;61,3;E;nej;importoer;Tesla;;manuel;2026-10-04;2026-10-04;;https://www.tesla.com/da_dk/modely/design;525;nej;;;baghjul;;5
2026-10-09;tesla-model-y-premium-long-range-dual-motor-firehjulstrk-30000-36;Tesla;Model Y;Premium Long Range Dual Motor firehjulstræk;suv;el;30000;36;5795;20000;1550;230170;6394;404990;18,9;56,8;56,8;D;nej;importoer;Tesla;;manuel;2026-10-04;2026-10-04;;https://www.tesla.com/da_dk/modely/design;622;nej;;;4wd;;5
2026-10-09;tesla-model-y-premium-long-range-baghjulstrk-30000-36;Tesla;Model Y;Premium Long Range baghjulstræk;suv;el;30000;36;6095;20000;1550;240970;6694;364990;22,0;66,0;66,0;E;nej;importoer;Tesla;;manuel;2026-10-04;2026-10-04;;https://www.tesla.com/da_dk/modely/design;603;nej;;;baghjul;;5
2026-10-09;tesla-model-y-performance-dual-motor-firehjulstrk-30000-36;Tesla;Model Y;Performance Dual Motor firehjulstræk;suv;el;30000;36;8495;20000;1550;327370;9094;494990;22,0;66,1;66,1;E;nej;importoer;Tesla;;manuel;2026-10-04;2026-10-04;;https://www.tesla.com/da_dk/modely/design;580;nej;;;4wd;;5
2026-10-09;tesla-model-y-baghjulstrk-35000-36;Tesla;Model Y;Baghjulstræk;suv;el;35000;36;4945;20000;1550;199570;5544;304990;21,8;65,4;65,4;E;nej;importoer;Tesla;;manuel;2026-10-04;2026-10-04;;https://www.tesla.com/da_dk/modely/design;525;nej;;;baghjul;;5
2026-10-09;tesla-model-y-premium-long-range-dual-motor-firehjulstrk-35000-36;Tesla;Model Y;Premium Long Range Dual Motor firehjulstræk;suv;el;35000;36;6145;20000;1550;242770;6744;404990;20,0;59,9;59,9;E;nej;importoer;Tesla;;manuel;2026-10-04;2026-10-04;;https://www.tesla.com/da_dk/modely/design;622;nej;;;4wd;;5
2026-10-09;tesla-model-y-premium-long-range-baghjulstrk-35000-36;Tesla;Model Y;Premium Long Range baghjulstræk;suv;el;35000;36;6445;20000;1550;253570;7044;364990;23,2;69,5;69,5;E;nej;importoer;Tesla;;manuel;2026-10-04;2026-10-04;;https://www.tesla.com/da_dk/modely/design;603;nej;;;baghjul;;5
2026-10-09;tesla-model-y-performance-dual-motor-firehjulstrk-35000-36;Tesla;Model Y;Performance Dual Motor firehjulstræk;suv;el;35000;36;8845;20000;1550;339970;9444;494990;22,9;68,7;68,7;E;nej;importoer;Tesla;;manuel;2026-10-04;2026-10-04;;https://www.tesla.com/da_dk/modely/design;580;nej;;;4wd;;5
2026-10-09;toyota-aygo-x-play-15000-36;Toyota;Aygo X;Play;minibil;benzin;15000;36;3599;4999;0;134563;3738;199990;22,4;67,3;67,3;E;nej;importoer;Toyota;;automatisk;2026-07-22;2026-10-09;;https://modelinformation.toyota.dk/Toyota/specs/Prislister/Privatleasingpriser/;;;116;;2wd;231;4
2026-10-09;toyota-aygo-x-play-comfort-15000-36;Toyota;Aygo X;Play Comfort;minibil;benzin;15000;36;3699;4999;0;138163;3838;206990;22,3;66,8;66,7;E;nej;importoer;Toyota;;automatisk;2026-07-22;2026-10-09;;https://modelinformation.toyota.dk/Toyota/specs/Prislister/Privatleasingpriser/;;;116;;2wd;231;4
2026-10-09;toyota-aygo-x-pulse-15000-36;Toyota;Aygo X;Pulse;minibil;benzin;15000;36;3999;4999;0;148963;4138;226990;21,9;65,6;65,6;E;nej;importoer;Toyota;;automatisk;2026-07-22;2026-10-09;;https://modelinformation.toyota.dk/Toyota/specs/Prislister/Privatleasingpriser/;;;116;;2wd;231;4
2026-10-09;toyota-aygo-x-pulse-smart-15000-36;Toyota;Aygo X;Pulse Smart;minibil;benzin;15000;36;4099;4999;0;152563;4238;229990;22,1;66,3;66,3;E;nej;importoer;Toyota;;automatisk;2026-07-22;2026-10-09;;https://modelinformation.toyota.dk/Toyota/specs/Prislister/Privatleasingpriser/;;;116;;2wd;231;4
2026-10-09;toyota-aygo-x-envy-15000-36;Toyota;Aygo X;Envy;minibil;benzin;15000;36;4699;4999;0;174163;4838;269990;21,5;64,5;64,5;E;nej;importoer;Toyota;;automatisk;2026-07-22;2026-10-09;;https://modelinformation.toyota.dk/Toyota/specs/Prislister/Privatleasingpriser/;;;116;;2wd;231;4
2026-10-09;toyota-aygo-x-gr-sport-15000-36;Toyota;Aygo X;GR Sport;minibil;benzin;15000;36;4899;4999;0;181363;5038;276990;21,8;65,5;65,5;E;nej;importoer;Toyota;;automatisk;2026-07-22;2026-10-09;;https://modelinformation.toyota.dk/Toyota/specs/Prislister/Privatleasingpriser/;;;116;;2wd;231;4
2026-10-09;toyota-c-hr-active-77-kwh-343-hk-awd-lav-ydelse-15000-36;Toyota;C-HR+;Active 77 kWh 343 hk AWD · lav ydelse;suv;el;15000;36;2699;39999;0;137163;3810;319990;14,3;42,9;42,9;B;nej;importoer;Toyota;;automatisk;2026-07-22;2026-10-09;;https://modelinformation.toyota.dk/Toyota/specs/Prislister/Privatleasingpriser/;548;nej;343;77,0;4wd;416;5
2026-10-09;toyota-c-hr-active-lav-ydelse-15000-36;Toyota;C-HR+;Active · lav ydelse;suv;el;15000;36;2899;39999;0;144363;4010;299990;16,0;48,1;48,1;C;nej;importoer;Toyota;;automatisk;2026-07-19;2026-10-09;;https://modelinformation.toyota.dk/Toyota/specs/Prislister/Privatleasingpriser/;607;nej;224;77,0;forhjul;416;5
2026-10-09;toyota-c-hr-active-77-kwh-343-hk-awd-lav-udbetaling-15000-36;Toyota;C-HR+;Active 77 kWh 343 hk AWD · lav udbetaling;suv;el;15000;36;3799;9999;0;146763;4077;319990;15,3;45,9;45,9;C;nej;importoer;Toyota;;automatisk;2026-07-22;2026-10-09;;https://modelinformation.toyota.dk/Toyota/specs/Prislister/Privatleasingpriser/;548;nej;343;77,0;4wd;416;5
2026-10-09;toyota-c-hr-active-lav-udbetaling-15000-36;Toyota;C-HR+;Active · lav udbetaling;suv;el;15000;36;3999;9999;0;153963;4277;299990;17,1;51,3;51,3;C;nej;importoer;Toyota;;automatisk;2026-07-19;2026-10-09;;https://modelinformation.toyota.dk/Toyota/specs/Prislister/Privatleasingpriser/;607;nej;224;77,0;forhjul;416;5
2026-10-09;toyota-c-hr-executive-77-kwh-343-hk-awd-lav-ydelse-15000-36;Toyota;C-HR+;Executive 77 kWh 343 hk AWD · lav ydelse;suv;el;15000;36;3199;39999;0;155163;4310;349990;14,8;44,3;44,3;B;nej;importoer;Toyota;;automatisk;2026-07-22;2026-10-09;;https://modelinformation.toyota.dk/Toyota/specs/Prislister/Privatleasingpriser/;507;nej;343;77,0;4wd;416;5
2026-10-09;toyota-c-hr-executive-panorama-77-kwh-343-hk-awd-lav-ydelse-15000-36;Toyota;C-HR+;Executive Panorama 77 kWh 343 hk AWD · lav ydelse;suv;el;15000;36;3299;39999;0;158763;4410;359990;14,7;44,1;44,1;B;nej;importoer;Toyota;;automatisk;2026-07-22;2026-10-09;;https://modelinformation.toyota.dk/Toyota/specs/Prislister/Privatleasingpriser/;501;nej;343;77,0;4wd;416;5
2026-10-09;toyota-c-hr-executive-77-kwh-343-hk-awd-lav-udbetaling-15000-36;Toyota;C-HR+;Executive 77 kWh 343 hk AWD · lav udbetaling;suv;el;15000;36;4299;9999;0;164763;4577;349990;15,7;47,1;47,1;C;nej;importoer;Toyota;;automatisk;2026-07-22;2026-10-09;;https://modelinformation.toyota.dk/Toyota/specs/Prislister/Privatleasingpriser/;507;nej;343;77,0;4wd;416;5
2026-10-09;toyota-c-hr-executive-panorama-77-kwh-343-hk-awd-lav-udbetaling-15000-36;Toyota;C-HR+;Executive Panorama 77 kWh 343 hk AWD · lav udbetaling;suv;el;15000;36;4399;9999;0;168363;4677;359990;15,6;46,8;46,8;C;nej;importoer;Toyota;;automatisk;2026-07-22;2026-10-09;;https://modelinformation.toyota.dk/Toyota/specs/Prislister/Privatleasingpriser/;501;nej;343;77,0;4wd;416;5
2026-10-09;toyota-urban-cruiser-active-lav-ydelse-15000-36;Toyota;Urban Cruiser;Active · lav ydelse;suv;el;15000;36;1899;39999;0;108363;3010;249990;14,4;43,3;43,3;B;nej;importoer;Toyota;;automatisk;2026-07-20;2026-10-09;;https://modelinformation.toyota.dk/Toyota/specs/Prislister/Privatleasingpriser/;426;nej;174;61,1;forhjul;;5
2026-10-09;toyota-urban-cruiser-active-awd-lav-ydelse-15000-36;Toyota;Urban Cruiser;Active AWD · lav ydelse;suv;el;15000;36;2099;39999;0;115563;3210;259990;14,8;44,4;44,4;B;nej;importoer;Toyota;;automatisk;2026-09-24;2026-10-09;;https://modelinformation.toyota.dk/Toyota/specs/Prislister/Privatleasingpriser/;395;nej;184;61,1;4wd;;5
2026-10-09;toyota-urban-cruiser-active-lav-udbetaling-15000-36;Toyota;Urban Cruiser;Active · lav udbetaling;suv;el;15000;36;2999;9999;0;117963;3277;249990;15,7;47,2;47,2;C;nej;importoer;Toyota;;automatisk;2026-07-20;2026-10-09;;https://modelinformation.toyota.dk/Toyota/specs/Prislister/Privatleasingpriser/;426;nej;174;61,1;forhjul;;5
2026-10-09;toyota-urban-cruiser-active-awd-lav-udbetaling-15000-36;Toyota;Urban Cruiser;Active AWD · lav udbetaling;suv;el;15000;36;3199;9999;0;125163;3477;259990;16,0;48,1;48,1;C;nej;importoer;Toyota;;automatisk;2026-09-24;2026-10-09;;https://modelinformation.toyota.dk/Toyota/specs/Prislister/Privatleasingpriser/;395;nej;184;61,1;4wd;;5
2026-10-09;toyota-urban-cruiser-executive-lav-ydelse-15000-36;Toyota;Urban Cruiser;Executive · lav ydelse;suv;el;15000;36;2399;39999;0;126363;3510;269990;15,6;46,8;46,8;C;nej;importoer;Toyota;;automatisk;2026-07-20;2026-10-09;;https://modelinformation.toyota.dk/Toyota/specs/Prislister/Privatleasingpriser/;426;nej;174;61,1;forhjul;;5
2026-10-09;toyota-urban-cruiser-executive-awd-lav-ydelse-15000-36;Toyota;Urban Cruiser;Executive AWD · lav ydelse;suv;el;15000;36;2599;39999;0;133563;3710;279990;15,9;47,7;47,7;C;nej;importoer;Toyota;;automatisk;2026-09-24;2026-10-09;;https://modelinformation.toyota.dk/Toyota/specs/Prislister/Privatleasingpriser/;395;nej;184;61,1;4wd;;5
2026-10-09;toyota-urban-cruiser-executive-lav-udbetaling-15000-36;Toyota;Urban Cruiser;Executive · lav udbetaling;suv;el;15000;36;3499;9999;0;135963;3777;269990;16,8;50,4;50,4;C;nej;importoer;Toyota;;automatisk;2026-07-20;2026-10-09;;https://modelinformation.toyota.dk/Toyota/specs/Prislister/Privatleasingpriser/;426;nej;174;61,1;forhjul;;5
2026-10-09;toyota-urban-cruiser-executive-awd-lav-udbetaling-15000-36;Toyota;Urban Cruiser;Executive AWD · lav udbetaling;suv;el;15000;36;3699;9999;0;143163;3977;279990;17,0;51,1;51,1;C;nej;importoer;Toyota;;automatisk;2026-09-24;2026-10-09;;https://modelinformation.toyota.dk/Toyota/specs/Prislister/Privatleasingpriser/;395;nej;184;61,1;4wd;;5
2026-10-09;toyota-yaris-active-15000-36;Toyota;Yaris;Active;minibil;hybrid;15000;36;3599;4999;0;134563;3738;233990;19,2;57,5;57,5;D;nej;importoer;Toyota;;automatisk;2026-07-22;2026-10-09;;https://modelinformation.toyota.dk/Toyota/specs/Prislister/Privatleasingpriser/;;;116;;2wd;;5
2026-10-09;toyota-yaris-active-comfort-15000-36;Toyota;Yaris;Active Comfort;minibil;hybrid;15000;36;3699;4999;0;138163;3838;243990;18,9;56,6;56,6;D;nej;importoer;Toyota;;automatisk;2026-07-22;2026-10-09;;https://modelinformation.toyota.dk/Toyota/specs/Prislister/Privatleasingpriser/;;;116;;2wd;;5
2026-10-09;toyota-yaris-active-plus-15000-36;Toyota;Yaris;Active Plus;minibil;hybrid;15000;36;3799;4999;0;141763;3938;249990;18,9;56,7;56,7;D;nej;importoer;Toyota;;automatisk;2026-07-22;2026-10-09;;https://modelinformation.toyota.dk/Toyota/specs/Prislister/Privatleasingpriser/;;;116;;2wd;;5
2026-10-09;toyota-yaris-active-plus-tech-15000-36;Toyota;Yaris;Active Plus Tech;minibil;hybrid;15000;36;3999;4999;0;148963;4138;264990;18,7;56,2;56,2;D;nej;importoer;Toyota;;automatisk;2026-07-22;2026-10-09;;https://modelinformation.toyota.dk/Toyota/specs/Prislister/Privatleasingpriser/;;;116;;2wd;;5
2026-10-09;toyota-yaris-cross-style-15000-36;Toyota;Yaris Cross;Style;suv;hybrid;15000;36;4249;4999;0;157963;4388;309990;17,0;51,0;51,0;C;nej;importoer;Toyota;;automatisk;2026-08-08;2026-10-09;;https://modelinformation.toyota.dk/Toyota/specs/Prislister/Privatleasingpriser/;;;130;;2wd;350;5
2026-10-09;toyota-yaris-cross-style-tech-15000-36;Toyota;Yaris Cross;Style Tech;suv;hybrid;15000;36;4399;4999;0;163363;4538;319990;17,0;51,1;51,1;C;nej;importoer;Toyota;;automatisk;2026-08-08;2026-10-09;;https://modelinformation.toyota.dk/Toyota/specs/Prislister/Privatleasingpriser/;;;130;;2wd;350;5
2026-10-09;toyota-bz4x-active-lav-ydelse-15000-36;Toyota;bZ4X;Active · lav ydelse;suv;el;15000;36;2899;39999;0;144363;4010;299990;16,0;48,1;48,1;C;nej;importoer;Toyota;;automatisk;2026-07-22;2026-10-09;;https://modelinformation.toyota.dk/Toyota/specs/Prislister/Privatleasingpriser/;444;nej;167;57,7;forhjul;452;5
2026-10-09;toyota-bz4x-active-lav-udbetaling-15000-36;Toyota;bZ4X;Active · lav udbetaling;suv;el;15000;36;3999;9999;0;153963;4277;299990;17,1;51,3;51,3;C;nej;importoer;Toyota;;automatisk;2026-07-22;2026-10-09;;https://modelinformation.toyota.dk/Toyota/specs/Prislister/Privatleasingpriser/;444;nej;167;57,7;forhjul;452;5
2026-10-09;toyota-bz4x-active-tech-73-1-kwh-224-hk-lav-ydelse-15000-36;Toyota;bZ4X;Active Tech 73,1 kWh 224 hk · lav ydelse;suv;el;15000;36;3399;39999;0;162363;4510;324990;16,7;50,0;50,0;C;nej;importoer;Toyota;;automatisk;2026-07-22;2026-10-09;;https://modelinformation.toyota.dk/Toyota/specs/Prislister/Privatleasingpriser/;569;nej;224;73,1;forhjul;452;5
2026-10-09;toyota-bz4x-active-tech-73-1-kwh-224-hk-lav-udbetaling-15000-36;Toyota;bZ4X;Active Tech 73,1 kWh 224 hk · lav udbetaling;suv;el;15000;36;4499;9999;0;171963;4777;324990;17,6;52,9;52,9;C;nej;importoer;Toyota;;automatisk;2026-07-22;2026-10-09;;https://modelinformation.toyota.dk/Toyota/specs/Prislister/Privatleasingpriser/;569;nej;224;73,1;forhjul;452;5
2026-10-09;toyota-bz4x-active-tech-73-1-kwh-343-hk-awd-lav-ydelse-15000-36;Toyota;bZ4X;Active Tech 73,1 kWh 343 hk AWD · lav ydelse;suv;el;15000;36;3699;39999;0;173163;4810;344990;16,7;50,2;50,2;C;nej;importoer;Toyota;;automatisk;2026-07-22;2026-10-09;;https://modelinformation.toyota.dk/Toyota/specs/Prislister/Privatleasingpriser/;516;nej;343;73,1;4wd;452;5
2026-10-09;toyota-bz4x-executive-73-1-kwh-224-hk-lav-ydelse-15000-36;Toyota;bZ4X;Executive 73,1 kWh 224 hk · lav ydelse;suv;el;15000;36;3899;39999;0;180363;5010;344990;17,4;52,3;52,3;C;nej;importoer;Toyota;;automatisk;2026-07-22;2026-10-09;;https://modelinformation.toyota.dk/Toyota/specs/Prislister/Privatleasingpriser/;559;nej;224;73,1;forhjul;452;5
2026-10-09;toyota-bz4x-active-tech-73-1-kwh-343-hk-awd-lav-udbetaling-15000-36;Toyota;bZ4X;Active Tech 73,1 kWh 343 hk AWD · lav udbetaling;suv;el;15000;36;4799;9999;0;182763;5077;344990;17,7;53,0;53,0;C;nej;importoer;Toyota;;automatisk;2026-07-22;2026-10-09;;https://modelinformation.toyota.dk/Toyota/specs/Prislister/Privatleasingpriser/;516;nej;343;73,1;4wd;452;5
2026-10-09;toyota-bz4x-executive-73-1-kwh-224-hk-lav-udbetaling-15000-36;Toyota;bZ4X;Executive 73,1 kWh 224 hk · lav udbetaling;suv;el;15000;36;4999;9999;0;189963;5277;344990;18,4;55,1;55,1;D;nej;importoer;Toyota;;automatisk;2026-07-22;2026-10-09;;https://modelinformation.toyota.dk/Toyota/specs/Prislister/Privatleasingpriser/;559;nej;224;73,1;forhjul;452;5
2026-10-09;toyota-bz4x-executive-73-1-kwh-343-hk-awd-lav-ydelse-15000-36;Toyota;bZ4X;Executive 73,1 kWh 343 hk AWD · lav ydelse;suv;el;15000;36;4199;39999;0;191163;5310;364990;17,5;52,4;52,4;C;nej;importoer;Toyota;;automatisk;2026-07-22;2026-10-09;;https://modelinformation.toyota.dk/Toyota/specs/Prislister/Privatleasingpriser/;506;nej;343;73,1;4wd;452;5
2026-10-09;toyota-bz4x-executive-panorama-73-1-kwh-224-hk-lav-ydelse-15000-36;Toyota;bZ4X;Executive Panorama 73,1 kWh 224 hk · lav ydelse;suv;el;15000;36;4299;39999;0;194763;5410;369990;17,5;52,6;52,6;C;nej;importoer;Toyota;;automatisk;2026-07-22;2026-10-09;;https://modelinformation.toyota.dk/Toyota/specs/Prislister/Privatleasingpriser/;;;224;73,1;forhjul;452;5
2026-10-09;toyota-bz4x-executive-73-1-kwh-343-hk-awd-lav-udbetaling-15000-36;Toyota;bZ4X;Executive 73,1 kWh 343 hk AWD · lav udbetaling;suv;el;15000;36;5299;9999;0;200763;5577;364990;18,3;55,0;55,0;D;nej;importoer;Toyota;;automatisk;2026-07-22;2026-10-09;;https://modelinformation.toyota.dk/Toyota/specs/Prislister/Privatleasingpriser/;506;nej;343;73,1;4wd;452;5
2026-10-09;toyota-bz4x-executive-panorama-73-1-kwh-343-hk-awd-lav-ydelse-15000-36;Toyota;bZ4X;Executive Panorama 73,1 kWh 343 hk AWD · lav ydelse;suv;el;15000;36;4499;39999;0;201963;5610;389990;17,3;51,8;51,8;C;nej;importoer;Toyota;;automatisk;2026-07-22;2026-10-09;;https://modelinformation.toyota.dk/Toyota/specs/Prislister/Privatleasingpriser/;;;343;73,1;4wd;452;5
2026-10-09;toyota-bz4x-executive-panorama-73-1-kwh-224-hk-lav-udbetaling-15000-36;Toyota;bZ4X;Executive Panorama 73,1 kWh 224 hk · lav udbetaling;suv;el;15000;36;5399;9999;0;204363;5677;369990;18,4;55,2;55,2;D;nej;importoer;Toyota;;automatisk;2026-07-22;2026-10-09;;https://modelinformation.toyota.dk/Toyota/specs/Prislister/Privatleasingpriser/;;;224;73,1;forhjul;452;5
2026-10-09;toyota-bz4x-executive-panorama-73-1-kwh-343-hk-awd-lav-udbetaling-15000-36;Toyota;bZ4X;Executive Panorama 73,1 kWh 343 hk AWD · lav udbetaling;suv;el;15000;36;5599;9999;0;211563;5877;389990;18,1;54,3;54,2;D;nej;importoer;Toyota;;automatisk;2026-07-22;2026-10-09;;https://modelinformation.toyota.dk/Toyota/specs/Prislister/Privatleasingpriser/;;;343;73,1;4wd;452;5
2026-10-09;toyota-bz4x-touring-active-tech-lav-ydelse-15000-36;Toyota;bZ4X Touring;Active Tech · lav ydelse;stationcar;el;15000;36;3899;39999;0;180363;5010;349990;17,2;51,5;51,5;C;nej;importoer;Toyota;;automatisk;2026-07-22;2026-10-09;;https://modelinformation.toyota.dk/Toyota/specs/Prislister/Privatleasingpriser/;591;nej;224;74,7;forhjul;669;5
2026-10-09;toyota-bz4x-touring-active-tech-lav-udbetaling-15000-36;Toyota;bZ4X Touring;Active Tech · lav udbetaling;stationcar;el;15000;36;4999;9999;0;189963;5277;349990;18,1;54,3;54,3;D;nej;importoer;Toyota;;automatisk;2026-07-22;2026-10-09;;https://modelinformation.toyota.dk/Toyota/specs/Prislister/Privatleasingpriser/;591;nej;224;74,7;forhjul;669;5
2026-10-09;toyota-bz4x-touring-active-tech-4x4-280-kw-380-hk-lav-ydelse-15000-36;Toyota;bZ4X Touring;Active Tech 4x4 280 kW 380 hk · lav ydelse;stationcar;el;15000;36;4399;39999;0;198363;5510;369990;17,9;53,6;53,6;C;nej;importoer;Toyota;;automatisk;2026-07-22;2026-10-09;;https://modelinformation.toyota.dk/Toyota/specs/Prislister/Privatleasingpriser/;528;nej;380;74,7;4wd;669;5
2026-10-09;toyota-bz4x-touring-active-tech-4x4-280-kw-380-hk-lav-udbetaling-15000-36;Toyota;bZ4X Touring;Active Tech 4x4 280 kW 380 hk · lav udbetaling;stationcar;el;15000;36;5499;9999;0;207963;5777;369990;18,7;56,2;56,2;D;nej;importoer;Toyota;;automatisk;2026-07-22;2026-10-09;;https://modelinformation.toyota.dk/Toyota/specs/Prislister/Privatleasingpriser/;528;nej;380;74,7;4wd;669;5
2026-10-09;toyota-bz4x-touring-executive-4x4-280-kw-380-hk-lav-ydelse-15000-36;Toyota;bZ4X Touring;Executive 4x4 280 kW 380 hk · lav ydelse;stationcar;el;15000;36;4899;39999;0;216363;6010;399990;18,0;54,1;54,1;D;nej;importoer;Toyota;;automatisk;2026-07-22;2026-10-09;;https://modelinformation.toyota.dk/Toyota/specs/Prislister/Privatleasingpriser/;520;nej;380;74,7;4wd;669;5
2026-10-09;toyota-bz4x-touring-executive-4x4-280-kw-380-hk-lav-udbetaling-15000-36;Toyota;bZ4X Touring;Executive 4x4 280 kW 380 hk · lav udbetaling;stationcar;el;15000;36;5999;9999;0;225963;6277;399990;18,8;56,5;56,5;D;nej;importoer;Toyota;;automatisk;2026-07-22;2026-10-09;;https://modelinformation.toyota.dk/Toyota/specs/Prislister/Privatleasingpriser/;520;nej;380;74,7;4wd;669;5
2026-10-09;vw-id-buzz-kort-life-286-hk-10000-48;Volkswagen;ID. Buzz Kort;Life 286 hk;stor-suv;el;10000;48;2995;45000;600;189360;3945;379995;12,5;37,4;49,8;B;nej;importoer;Volkswagen;;automatisk;2026-07-19;2026-10-09;;https://prislister.volkswagen.dk/leasingpriser;455;nej;286;79,0;baghjul;1121;5
2026-10-09;vw-id-buzz-kort-life-286-hk-udb-30-000-10000-48;Volkswagen;ID. Buzz Kort;Life 286 hk · udb 30.000;stor-suv;el;10000;48;3695;30000;600;207960;4332;379995;13,7;41,0;54,7;B;nej;importoer;Volkswagen;;automatisk;2026-10-02;2026-10-09;;https://prislister.volkswagen.dk/leasingpriser;455;nej;286;79,0;baghjul;1121;5
2026-10-09;vw-id-buzz-kort-style-286-hk-10000-48;Volkswagen;ID. Buzz Kort;Style 286 hk;stor-suv;el;10000;48;3995;45000;600;237360;4945;449995;13,2;39,6;52,7;B;nej;importoer;Volkswagen;;automatisk;2026-07-19;2026-10-09;;https://prislister.volkswagen.dk/leasingpriser;448;nej;286;79,0;baghjul;1121;5
2026-10-09;vw-id-buzz-kort-style-286-hk-udb-30-000-10000-48;Volkswagen;ID. Buzz Kort;Style 286 hk · udb 30.000;stor-suv;el;10000;48;4695;30000;600;255960;5332;449995;14,2;42,7;56,9;B;nej;importoer;Volkswagen;;automatisk;2026-10-02;2026-10-09;;https://prislister.volkswagen.dk/leasingpriser;448;nej;286;79,0;baghjul;1121;5
2026-10-09;vw-id-buzz-kort-life-286-hk-15000-48;Volkswagen;ID. Buzz Kort;Life 286 hk;stor-suv;el;15000;48;3345;45000;600;206160;4295;379995;13,6;40,7;54,3;B;nej;importoer;Volkswagen;;automatisk;2026-07-19;2026-10-09;;https://prislister.volkswagen.dk/leasingpriser;455;nej;286;79,0;baghjul;1121;5
2026-10-09;vw-id-buzz-kort-life-286-hk-udb-30-000-15000-48;Volkswagen;ID. Buzz Kort;Life 286 hk · udb 30.000;stor-suv;el;15000;48;3995;30000;600;222360;4632;379995;14,6;43,9;58,5;B;nej;importoer;Volkswagen;;automatisk;2026-09-28;2026-10-09;;https://prislister.volkswagen.dk/leasingpriser;455;nej;286;79,0;baghjul;1121;5
2026-10-09;vw-id-buzz-kort-style-286-hk-15000-48;Volkswagen;ID. Buzz Kort;Style 286 hk;stor-suv;el;15000;48;4345;45000;600;254160;5295;449995;14,1;42,4;56,5;B;nej;importoer;Volkswagen;;automatisk;2026-07-19;2026-10-09;;https://prislister.volkswagen.dk/leasingpriser;448;nej;286;79,0;baghjul;1121;5
2026-10-09;vw-id-buzz-kort-style-286-hk-udb-30-000-15000-48;Volkswagen;ID. Buzz Kort;Style 286 hk · udb 30.000;stor-suv;el;15000;48;5045;30000;600;272760;5682;449995;15,2;45,5;60,6;C;nej;importoer;Volkswagen;;automatisk;2026-09-28;2026-10-09;;https://prislister.volkswagen.dk/leasingpriser;448;nej;286;79,0;baghjul;1121;5
2026-10-09;vw-id-buzz-kort-life-286-hk-20000-48;Volkswagen;ID. Buzz Kort;Life 286 hk;stor-suv;el;20000;48;3595;45000;600;218160;4545;379995;14,4;43,1;57,4;B;nej;importoer;Volkswagen;;automatisk;2026-07-19;2026-10-09;;https://prislister.volkswagen.dk/leasingpriser;455;nej;286;79,0;baghjul;1121;5
2026-10-09;vw-id-buzz-kort-life-286-hk-udb-30-000-20000-48;Volkswagen;ID. Buzz Kort;Life 286 hk · udb 30.000;stor-suv;el;20000;48;4295;30000;600;236760;4932;379995;15,6;46,7;62,3;C;nej;importoer;Volkswagen;;automatisk;2026-10-02;2026-10-09;;https://prislister.volkswagen.dk/leasingpriser;455;nej;286;79,0;baghjul;1121;5
2026-10-09;vw-id-buzz-kort-style-286-hk-20000-48;Volkswagen;ID. Buzz Kort;Style 286 hk;stor-suv;el;20000;48;4695;45000;600;270960;5645;449995;15,1;45,2;60,2;C;nej;importoer;Volkswagen;;automatisk;2026-07-19;2026-10-09;;https://prislister.volkswagen.dk/leasingpriser;448;nej;286;79,0;baghjul;1121;5
2026-10-09;vw-id-buzz-kort-style-286-hk-udb-30-000-20000-48;Volkswagen;ID. Buzz Kort;Style 286 hk · udb 30.000;stor-suv;el;20000;48;5395;30000;600;289560;6032;449995;16,1;48,3;64,3;C;nej;importoer;Volkswagen;;automatisk;2026-09-28;2026-10-09;;https://prislister.volkswagen.dk/leasingpriser;448;nej;286;79,0;baghjul;1121;5
2026-10-09;vw-id-buzz-kort-life-286-hk-25000-48;Volkswagen;ID. Buzz Kort;Life 286 hk;stor-suv;el;25000;48;3895;45000;600;232560;4845;379995;15,3;45,9;61,2;C;nej;importoer;Volkswagen;;automatisk;2026-07-19;2026-10-09;;https://prislister.volkswagen.dk/leasingpriser;455;nej;286;79,0;baghjul;1121;5
2026-10-09;vw-id-buzz-kort-life-286-hk-udb-30-000-25000-48;Volkswagen;ID. Buzz Kort;Life 286 hk · udb 30.000;stor-suv;el;25000;48;4595;30000;600;251160;5232;379995;16,5;49,6;66,1;C;nej;importoer;Volkswagen;;automatisk;2026-09-28;2026-10-09;;https://prislister.volkswagen.dk/leasingpriser;455;nej;286;79,0;baghjul;1121;5
2026-10-09;vw-id-buzz-kort-style-286-hk-25000-48;Volkswagen;ID. Buzz Kort;Style 286 hk;stor-suv;el;25000;48;5045;45000;600;287760;5995;449995;16,0;48,0;63,9;C;nej;importoer;Volkswagen;;automatisk;2026-07-19;2026-10-09;;https://prislister.volkswagen.dk/leasingpriser;448;nej;286;79,0;baghjul;1121;5
2026-10-09;vw-id-buzz-kort-style-286-hk-udb-30-000-25000-48;Volkswagen;ID. Buzz Kort;Style 286 hk · udb 30.000;stor-suv;el;25000;48;5695;30000;600;303960;6332;449995;16,9;50,7;67,5;C;nej;importoer;Volkswagen;;automatisk;2026-10-02;2026-10-09;;https://prislister.volkswagen.dk/leasingpriser;448;nej;286;79,0;baghjul;1121;5
2026-10-09;vw-id-buzz-lang-life-286-hk-10000-48;Volkswagen;ID. Buzz Lang;Life 286 hk;stor-suv;el;10000;48;3395;45000;600;208560;4345;409995;12,7;38,2;50,9;B;nej;importoer;Volkswagen;;automatisk;2026-07-19;2026-10-09;;https://prislister.volkswagen.dk/leasingpriser;480;nej;286;86,0;baghjul;;7
2026-10-09;vw-id-buzz-lang-life-286-hk-udb-30-000-10000-48;Volkswagen;ID. Buzz Lang;Life 286 hk · udb 30.000;stor-suv;el;10000;48;4095;30000;600;227160;4732;409995;13,8;41,5;55,4;B;nej;importoer;Volkswagen;;automatisk;2026-09-28;2026-10-09;;https://prislister.volkswagen.dk/leasingpriser;480;nej;286;86,0;baghjul;;7
2026-10-09;vw-id-buzz-lang-style-286-hk-10000-48;Volkswagen;ID. Buzz Lang;Style 286 hk;stor-suv;el;10000;48;4395;45000;600;256560;5345;489995;13,1;39,3;52,4;B;nej;importoer;Volkswagen;;automatisk;2026-07-19;2026-10-09;;https://prislister.volkswagen.dk/leasingpriser;473;nej;286;86,0;baghjul;;7
2026-10-09;vw-id-buzz-lang-style-286-hk-udb-30-000-10000-48;Volkswagen;ID. Buzz Lang;Style 286 hk · udb 30.000;stor-suv;el;10000;48;5095;30000;600;275160;5732;489995;14,0;42,1;56,2;B;nej;importoer;Volkswagen;;automatisk;2026-09-28;2026-10-09;;https://prislister.volkswagen.dk/leasingpriser;473;nej;286;86,0;baghjul;;7
2026-10-09;vw-id-buzz-lang-life-286-hk-15000-48;Volkswagen;ID. Buzz Lang;Life 286 hk;stor-suv;el;15000;48;3745;45000;600;225360;4695;409995;13,7;41,2;55,0;B;nej;importoer;Volkswagen;;automatisk;2026-07-19;2026-10-09;;https://prislister.volkswagen.dk/leasingpriser;480;nej;286;86,0;baghjul;;7
2026-10-09;vw-id-buzz-lang-life-286-hk-udb-30-000-15000-48;Volkswagen;ID. Buzz Lang;Life 286 hk · udb 30.000;stor-suv;el;15000;48;4445;30000;600;243960;5082;409995;14,9;44,6;59,5;B;nej;importoer;Volkswagen;;automatisk;2026-10-02;2026-10-09;;https://prislister.volkswagen.dk/leasingpriser;480;nej;286;86,0;baghjul;;7
2026-10-09;vw-id-buzz-lang-style-286-hk-15000-48;Volkswagen;ID. Buzz Lang;Style 286 hk;stor-suv;el;15000;48;4795;45000;600;275760;5745;489995;14,1;42,2;56,3;B;nej;importoer;Volkswagen;;automatisk;2026-07-19;2026-10-09;;https://prislister.volkswagen.dk/leasingpriser;473;nej;286;86,0;baghjul;;7
2026-10-09;vw-id-buzz-lang-style-286-hk-udb-30-000-15000-48;Volkswagen;ID. Buzz Lang;Style 286 hk · udb 30.000;stor-suv;el;15000;48;5445;30000;600;291960;6082;489995;14,9;44,7;59,6;B;nej;importoer;Volkswagen;;automatisk;2026-09-28;2026-10-09;;https://prislister.volkswagen.dk/leasingpriser;473;nej;286;86,0;baghjul;;7
2026-10-09;vw-id-buzz-lang-life-286-hk-20000-48;Volkswagen;ID. Buzz Lang;Life 286 hk;stor-suv;el;20000;48;4045;45000;600;239760;4995;409995;14,6;43,9;58,5;B;nej;importoer;Volkswagen;;automatisk;2026-07-19;2026-10-09;;https://prislister.volkswagen.dk/leasingpriser;480;nej;286;86,0;baghjul;;7
2026-10-09;vw-id-buzz-lang-life-286-hk-udb-30-000-20000-48;Volkswagen;ID. Buzz Lang;Life 286 hk · udb 30.000;stor-suv;el;20000;48;4745;30000;600;258360;5382;409995;15,8;47,3;63,0;C;nej;importoer;Volkswagen;;automatisk;2026-09-28;2026-10-09;;https://prislister.volkswagen.dk/leasingpriser;480;nej;286;86,0;baghjul;;7
2026-10-09;vw-id-buzz-lang-style-286-hk-20000-48;Volkswagen;ID. Buzz Lang;Style 286 hk;stor-suv;el;20000;48;5095;45000;600;290160;6045;489995;14,8;44,4;59,2;B;nej;importoer;Volkswagen;;automatisk;2026-07-19;2026-10-09;;https://prislister.volkswagen.dk/leasingpriser;473;nej;286;86,0;baghjul;;7
2026-10-09;vw-id-buzz-lang-style-286-hk-udb-30-000-20000-48;Volkswagen;ID. Buzz Lang;Style 286 hk · udb 30.000;stor-suv;el;20000;48;5795;30000;600;308760;6432;489995;15,8;47,3;63,0;C;nej;importoer;Volkswagen;;automatisk;2026-10-02;2026-10-09;;https://prislister.volkswagen.dk/leasingpriser;473;nej;286;86,0;baghjul;;7
2026-10-09;vw-id-buzz-lang-life-286-hk-25000-48;Volkswagen;ID. Buzz Lang;Life 286 hk;stor-suv;el;25000;48;4395;45000;600;256560;5345;409995;15,6;46,9;62,6;C;nej;importoer;Volkswagen;;automatisk;2026-07-19;2026-10-09;;https://prislister.volkswagen.dk/leasingpriser;480;nej;286;86,0;baghjul;;7
2026-10-09;vw-id-buzz-lang-life-286-hk-udb-30-000-25000-48;Volkswagen;ID. Buzz Lang;Life 286 hk · udb 30.000;stor-suv;el;25000;48;5045;30000;600;272760;5682;409995;16,6;49,9;66,5;C;nej;importoer;Volkswagen;;automatisk;2026-10-02;2026-10-09;;https://prislister.volkswagen.dk/leasingpriser;480;nej;286;86,0;baghjul;;7
2026-10-09;vw-id-buzz-lang-style-286-hk-25000-48;Volkswagen;ID. Buzz Lang;Style 286 hk;stor-suv;el;25000;48;5495;45000;600;309360;6445;489995;15,8;47,4;63,1;C;nej;importoer;Volkswagen;;automatisk;2026-07-19;2026-10-09;;https://prislister.volkswagen.dk/leasingpriser;473;nej;286;86,0;baghjul;;7
2026-10-09;vw-id-buzz-lang-style-286-hk-udb-30-000-25000-48;Volkswagen;ID. Buzz Lang;Style 286 hk · udb 30.000;stor-suv;el;25000;48;6145;30000;600;325560;6782;489995;16,6;49,8;66,4;C;nej;importoer;Volkswagen;;automatisk;2026-09-28;2026-10-09;;https://prislister.volkswagen.dk/leasingpriser;473;nej;286;86,0;baghjul;;7
2026-10-09;vw-id-cross-trend-116-hk-10000-48;Volkswagen;ID. Cross;Trend 116 hk;suv;el;10000;48;2695;15000;600;144960;3020;209995;17,3;51,8;69,0;C;nej;importoer;Volkswagen;;automatisk;2026-09-04;2026-10-09;;https://prislister.volkswagen.dk/leasingpriser;313;nej;116;37,0;forhjul;475;5
2026-10-09;vw-id-cross-trend-116-hk-udb-5-000-10000-48;Volkswagen;ID. Cross;Trend 116 hk · udb 5.000;suv;el;10000;48;3295;5000;600;163760;3412;209995;19,5;58,5;78,0;D;nej;importoer;Volkswagen;;automatisk;2026-09-28;2026-10-09;;https://prislister.volkswagen.dk/leasingpriser;313;nej;116;37,0;forhjul;475;5
2026-10-09;vw-id-cross-life-211-hk-udb-15-000-10000-48;Volkswagen;ID. Cross;Life 211 hk · udb 15.000;suv;el;10000;48;3195;15000;600;168960;3520;249995;16,9;50,7;67,6;C;nej;importoer;Volkswagen;;automatisk;2026-09-28;2026-10-09;;https://prislister.volkswagen.dk/leasingpriser;426;nej;211;52,0;forhjul;475;5
2026-10-09;vw-id-cross-style-211-hk-udb-15-000-10000-48;Volkswagen;ID. Cross;Style 211 hk · udb 15.000;suv;el;10000;48;3395;15000;600;178560;3720;269995;16,5;49,6;66,1;C;nej;importoer;Volkswagen;;automatisk;2026-09-28;2026-10-09;;https://prislister.volkswagen.dk/leasingpriser;425;nej;211;52,0;forhjul;475;5
2026-10-09;vw-id-cross-life-launch-edition-211-hk-10000-48;Volkswagen;ID. Cross;Life Launch Edition 211 hk;suv;el;10000;48;3495;15000;600;183360;3820;259995;17,6;52,9;70,5;C;nej;importoer;Volkswagen;;automatisk;2026-09-04;2026-10-09;;https://prislister.volkswagen.dk/leasingpriser;425;nej;211;52,0;forhjul;475;5
2026-10-09;vw-id-cross-life-211-hk-10000-48;Volkswagen;ID. Cross;Life 211 hk;suv;el;10000;48;3795;5000;600;187760;3912;249995;18,8;56,3;75,1;D;nej;importoer;Volkswagen;;automatisk;2026-09-04;2026-10-09;;https://prislister.volkswagen.dk/leasingpriser;426;nej;211;52,0;forhjul;475;5
2026-10-09;vw-id-cross-style-launch-edition-211-hk-10000-48;Volkswagen;ID. Cross;Style Launch Edition 211 hk;suv;el;10000;48;3695;15000;600;192960;4020;279995;17,2;51,7;68,9;C;nej;importoer;Volkswagen;;automatisk;2026-09-04;2026-10-09;;https://prislister.volkswagen.dk/leasingpriser;422;nej;211;52,0;forhjul;475;5
2026-10-09;vw-id-cross-style-211-hk-10000-48;Volkswagen;ID. Cross;Style 211 hk;suv;el;10000;48;3995;5000;600;197360;4112;269995;18,3;54,8;73,1;D;nej;importoer;Volkswagen;;automatisk;2026-09-04;2026-10-09;;https://prislister.volkswagen.dk/leasingpriser;425;nej;211;52,0;forhjul;475;5
2026-10-09;vw-id-cross-life-launch-edition-211-hk-udb-5-000-10000-48;Volkswagen;ID. Cross;Life Launch Edition 211 hk · udb 5.000;suv;el;10000;48;4095;5000;600;202160;4212;259995;19,4;58,3;77,8;D;nej;importoer;Volkswagen;;automatisk;2026-09-28;2026-10-09;;https://prislister.volkswagen.dk/leasingpriser;425;nej;211;52,0;forhjul;475;5
2026-10-09;vw-id-cross-style-launch-edition-211-hk-udb-5-000-10000-48;Volkswagen;ID. Cross;Style Launch Edition 211 hk · udb 5.000;suv;el;10000;48;4295;5000;600;211760;4412;279995;18,9;56,7;75,6;D;nej;importoer;Volkswagen;;automatisk;2026-09-28;2026-10-09;;https://prislister.volkswagen.dk/leasingpriser;422;nej;211;52,0;forhjul;475;5
2026-10-09;vw-id-cross-trend-116-hk-15000-48;Volkswagen;ID. Cross;Trend 116 hk;suv;el;15000;48;2895;15000;600;154560;3220;209995;18,4;55,2;73,6;D;nej;importoer;Volkswagen;;automatisk;2026-09-04;2026-10-09;;https://prislister.volkswagen.dk/leasingpriser;313;nej;116;37,0;forhjul;475;5
2026-10-09;vw-id-cross-trend-116-hk-udb-5-000-15000-48;Volkswagen;ID. Cross;Trend 116 hk · udb 5.000;suv;el;15000;48;3495;5000;600;173360;3612;209995;20,6;61,9;82,6;E;nej;importoer;Volkswagen;;automatisk;2026-09-28;2026-10-09;;https://prislister.volkswagen.dk/leasingpriser;313;nej;116;37,0;forhjul;475;5
2026-10-09;vw-id-cross-life-211-hk-15000-48;Volkswagen;ID. Cross;Life 211 hk;suv;el;15000;48;3395;15000;600;178560;3720;249995;17,9;53,6;71,4;C;nej;importoer;Volkswagen;;automatisk;2026-09-04;2026-10-09;;https://prislister.volkswagen.dk/leasingpriser;426;nej;211;52,0;forhjul;475;5
2026-10-09;vw-id-cross-style-211-hk-udb-15-000-15000-48;Volkswagen;ID. Cross;Style 211 hk · udb 15.000;suv;el;15000;48;3595;15000;600;188160;3920;269995;17,4;52,3;69,7;C;nej;importoer;Volkswagen;;automatisk;2026-09-28;2026-10-09;;https://prislister.volkswagen.dk/leasingpriser;425;nej;211;52,0;forhjul;475;5
2026-10-09;vw-id-cross-life-launch-edition-211-hk-15000-48;Volkswagen;ID. Cross;Life Launch Edition 211 hk;suv;el;15000;48;3695;15000;600;192960;4020;259995;18,6;55,7;74,2;D;nej;importoer;Volkswagen;;automatisk;2026-09-04;2026-10-09;;https://prislister.volkswagen.dk/leasingpriser;425;nej;211;52,0;forhjul;475;5
2026-10-09;vw-id-cross-life-211-hk-udb-5-000-15000-48;Volkswagen;ID. Cross;Life 211 hk · udb 5.000;suv;el;15000;48;3995;5000;600;197360;4112;249995;19,7;59,2;78,9;D;nej;importoer;Volkswagen;;automatisk;2026-09-28;2026-10-09;;https://prislister.volkswagen.dk/leasingpriser;426;nej;211;52,0;forhjul;475;5
2026-10-09;vw-id-cross-style-launch-edition-211-hk-15000-48;Volkswagen;ID. Cross;Style Launch Edition 211 hk;suv;el;15000;48;3895;15000;600;202560;4220;279995;18,1;54,3;72,3;D;nej;importoer;Volkswagen;;automatisk;2026-09-04;2026-10-09;;https://prislister.volkswagen.dk/leasingpriser;422;nej;211;52,0;forhjul;475;5
2026-10-09;vw-id-cross-style-211-hk-15000-48;Volkswagen;ID. Cross;Style 211 hk;suv;el;15000;48;4195;5000;600;206960;4312;269995;19,2;57,5;76,7;D;nej;importoer;Volkswagen;;automatisk;2026-09-04;2026-10-09;;https://prislister.volkswagen.dk/leasingpriser;425;nej;211;52,0;forhjul;475;5
2026-10-09;vw-id-cross-life-launch-edition-211-hk-udb-5-000-15000-48;Volkswagen;ID. Cross;Life Launch Edition 211 hk · udb 5.000;suv;el;15000;48;4295;5000;600;211760;4412;259995;20,4;61,1;81,4;E;nej;importoer;Volkswagen;;automatisk;2026-09-28;2026-10-09;;https://prislister.volkswagen.dk/leasingpriser;425;nej;211;52,0;forhjul;475;5
2026-10-09;vw-id-cross-style-launch-edition-211-hk-udb-5-000-15000-48;Volkswagen;ID. Cross;Style Launch Edition 211 hk · udb 5.000;suv;el;15000;48;4495;5000;600;221360;4612;279995;19,8;59,3;79,1;D;nej;importoer;Volkswagen;;automatisk;2026-09-28;2026-10-09;;https://prislister.volkswagen.dk/leasingpriser;422;nej;211;52,0;forhjul;475;5
2026-10-09;vw-id-cross-trend-116-hk-20000-48;Volkswagen;ID. Cross;Trend 116 hk;suv;el;20000;48;3095;15000;600;164160;3420;209995;19,5;58,6;78,2;D;nej;importoer;Volkswagen;;automatisk;2026-09-04;2026-10-09;;https://prislister.volkswagen.dk/leasingpriser;313;nej;116;37,0;forhjul;475;5
2026-10-09;vw-id-cross-trend-116-hk-udb-5-000-20000-48;Volkswagen;ID. Cross;Trend 116 hk · udb 5.000;suv;el;20000;48;3695;5000;600;182960;3812;209995;21,8;65,4;87,1;E;nej;importoer;Volkswagen;;automatisk;2026-09-28;2026-10-09;;https://prislister.volkswagen.dk/leasingpriser;313;nej;116;37,0;forhjul;475;5
2026-10-09;vw-id-cross-life-211-hk-20000-48;Volkswagen;ID. Cross;Life 211 hk;suv;el;20000;48;3595;15000;600;188160;3920;249995;18,8;56,4;75,3;D;nej;importoer;Volkswagen;;automatisk;2026-09-04;2026-10-09;;https://prislister.volkswagen.dk/leasingpriser;426;nej;211;52,0;forhjul;475;5
2026-10-09;vw-id-cross-style-211-hk-20000-48;Volkswagen;ID. Cross;Style 211 hk;suv;el;20000;48;3795;15000;600;197760;4120;269995;18,3;54,9;73,2;D;nej;importoer;Volkswagen;;automatisk;2026-09-04;2026-10-09;;https://prislister.volkswagen.dk/leasingpriser;425;nej;211;52,0;forhjul;475;5
2026-10-09;vw-id-cross-life-launch-edition-211-hk-20000-48;Volkswagen;ID. Cross;Life Launch Edition 211 hk;suv;el;20000;48;3895;15000;600;202560;4220;259995;19,5;58,4;77,9;D;nej;importoer;Volkswagen;;automatisk;2026-09-04;2026-10-09;;https://prislister.volkswagen.dk/leasingpriser;425;nej;211;52,0;forhjul;475;5
2026-10-09;vw-id-cross-life-211-hk-udb-5-000-20000-48;Volkswagen;ID. Cross;Life 211 hk · udb 5.000;suv;el;20000;48;4195;5000;600;206960;4312;249995;20,7;62,1;82,8;E;nej;importoer;Volkswagen;;automatisk;2026-09-28;2026-10-09;;https://prislister.volkswagen.dk/leasingpriser;426;nej;211;52,0;forhjul;475;5
2026-10-09;vw-id-cross-style-launch-edition-211-hk-udb-15-000-20000-48;Volkswagen;ID. Cross;Style Launch Edition 211 hk · udb 15.000;suv;el;20000;48;4095;15000;600;212160;4420;279995;18,9;56,8;75,8;D;nej;importoer;Volkswagen;;automatisk;2026-09-28;2026-10-09;;https://prislister.volkswagen.dk/leasingpriser;422;nej;211;52,0;forhjul;475;5
2026-10-09;vw-id-cross-style-211-hk-udb-5-000-20000-48;Volkswagen;ID. Cross;Style 211 hk · udb 5.000;suv;el;20000;48;4395;5000;600;216560;4512;269995;20,1;60,2;80,2;E;nej;importoer;Volkswagen;;automatisk;2026-09-28;2026-10-09;;https://prislister.volkswagen.dk/leasingpriser;425;nej;211;52,0;forhjul;475;5
2026-10-09;vw-id-cross-life-launch-edition-211-hk-udb-5-000-20000-48;Volkswagen;ID. Cross;Life Launch Edition 211 hk · udb 5.000;suv;el;20000;48;4495;5000;600;221360;4612;259995;21,3;63,9;85,1;E;nej;importoer;Volkswagen;;automatisk;2026-09-28;2026-10-09;;https://prislister.volkswagen.dk/leasingpriser;425;nej;211;52,0;forhjul;475;5
2026-10-09;vw-id-cross-style-launch-edition-211-hk-20000-48;Volkswagen;ID. Cross;Style Launch Edition 211 hk;suv;el;20000;48;4695;5000;600;230960;4812;279995;20,6;61,9;82,5;E;nej;importoer;Volkswagen;;automatisk;2026-09-04;2026-10-09;;https://prislister.volkswagen.dk/leasingpriser;422;nej;211;52,0;forhjul;475;5
2026-10-09;vw-id-cross-trend-116-hk-25000-48;Volkswagen;ID. Cross;Trend 116 hk;suv;el;25000;48;3295;15000;600;173760;3620;209995;20,7;62,1;82,7;E;nej;importoer;Volkswagen;;automatisk;2026-09-04;2026-10-09;;https://prislister.volkswagen.dk/leasingpriser;313;nej;116;37,0;forhjul;475;5
2026-10-09;vw-id-cross-trend-116-hk-udb-5-000-25000-48;Volkswagen;ID. Cross;Trend 116 hk · udb 5.000;suv;el;25000;48;3895;5000;600;192560;4012;209995;22,9;68,8;91,7;E;nej;importoer;Volkswagen;;automatisk;2026-09-28;2026-10-09;;https://prislister.volkswagen.dk/leasingpriser;313;nej;116;37,0;forhjul;475;5
2026-10-09;vw-id-cross-life-211-hk-25000-48;Volkswagen;ID. Cross;Life 211 hk;suv;el;25000;48;3895;15000;600;202560;4220;249995;20,3;60,8;81,0;E;nej;importoer;Volkswagen;;automatisk;2026-09-04;2026-10-09;;https://prislister.volkswagen.dk/leasingpriser;426;nej;211;52,0;forhjul;475;5
2026-10-09;vw-id-cross-style-211-hk-25000-48;Volkswagen;ID. Cross;Style 211 hk;suv;el;25000;48;4095;15000;600;212160;4420;269995;19,6;58,9;78,6;D;nej;importoer;Volkswagen;;automatisk;2026-09-04;2026-10-09;;https://prislister.volkswagen.dk/leasingpriser;425;nej;211;52,0;forhjul;475;5
2026-10-09;vw-id-cross-life-launch-edition-211-hk-udb-15-000-25000-48;Volkswagen;ID. Cross;Life Launch Edition 211 hk · udb 15.000;suv;el;25000;48;4195;15000;600;216960;4520;259995;20,9;62,6;83,4;E;nej;importoer;Volkswagen;;automatisk;2026-09-28;2026-10-09;;https://prislister.volkswagen.dk/leasingpriser;425;nej;211;52,0;forhjul;475;5
2026-10-09;vw-id-cross-life-211-hk-udb-5-000-25000-48;Volkswagen;ID. Cross;Life 211 hk · udb 5.000;suv;el;25000;48;4495;5000;600;221360;4612;249995;22,1;66,4;88,5;E;nej;importoer;Volkswagen;;automatisk;2026-09-28;2026-10-09;;https://prislister.volkswagen.dk/leasingpriser;426;nej;211;52,0;forhjul;475;5
2026-10-09;vw-id-cross-style-211-hk-udb-5-000-25000-48;Volkswagen;ID. Cross;Style 211 hk · udb 5.000;suv;el;25000;48;4695;5000;600;230960;4812;269995;21,4;64,2;85,5;E;nej;importoer;Volkswagen;;automatisk;2026-09-28;2026-10-09;;https://prislister.volkswagen.dk/leasingpriser;425;nej;211;52,0;forhjul;475;5
2026-10-09;vw-id-cross-style-launch-edition-211-hk-25000-48;Volkswagen;ID. Cross;Style Launch Edition 211 hk;suv;el;25000;48;4495;15000;600;231360;4820;279995;20,7;62,0;82,6;E;nej;importoer;Volkswagen;;automatisk;2026-09-04;2026-10-09;;https://prislister.volkswagen.dk/leasingpriser;422;nej;211;52,0;forhjul;475;5
2026-10-09;vw-id-cross-life-launch-edition-211-hk-25000-48;Volkswagen;ID. Cross;Life Launch Edition 211 hk;suv;el;25000;48;4795;5000;600;235760;4912;259995;22,7;68,0;90,7;E;nej;importoer;Volkswagen;;automatisk;2026-09-04;2026-10-09;;https://prislister.volkswagen.dk/leasingpriser;425;nej;211;52,0;forhjul;475;5
2026-10-09;vw-id-cross-style-launch-edition-211-hk-udb-5-000-25000-48;Volkswagen;ID. Cross;Style Launch Edition 211 hk · udb 5.000;suv;el;25000;48;4995;5000;600;245360;5112;279995;21,9;65,7;87,6;E;nej;importoer;Volkswagen;;automatisk;2026-09-28;2026-10-09;;https://prislister.volkswagen.dk/leasingpriser;422;nej;211;52,0;forhjul;475;5
2026-10-09;vw-id-cross-trend-116-hk-udb-15-000-30000-48;Volkswagen;ID. Cross;Trend 116 hk · udb 15.000;suv;el;30000;48;3495;15000;600;183360;3820;209995;21,8;65,5;87,3;E;nej;importoer;Volkswagen;;automatisk;2026-09-28;2026-10-09;;https://prislister.volkswagen.dk/leasingpriser;313;nej;116;37,0;forhjul;475;5
2026-10-09;vw-id-cross-trend-116-hk-30000-48;Volkswagen;ID. Cross;Trend 116 hk;suv;el;30000;48;4095;5000;600;202160;4212;209995;24,1;72,2;96,3;E;nej;importoer;Volkswagen;;automatisk;2026-09-04;2026-10-09;;https://prislister.volkswagen.dk/leasingpriser;313;nej;116;37,0;forhjul;475;5
2026-10-09;vw-id-cross-life-211-hk-30000-48;Volkswagen;ID. Cross;Life 211 hk;suv;el;30000;48;4095;15000;600;212160;4420;249995;21,2;63,6;84,9;E;nej;importoer;Volkswagen;;automatisk;2026-09-04;2026-10-09;;https://prislister.volkswagen.dk/leasingpriser;426;nej;211;52,0;forhjul;475;5
2026-10-09;vw-id-cross-style-211-hk-udb-15-000-30000-48;Volkswagen;ID. Cross;Style 211 hk · udb 15.000;suv;el;30000;48;4395;15000;600;226560;4720;269995;21,0;62,9;83,9;E;nej;importoer;Volkswagen;;automatisk;2026-09-28;2026-10-09;;https://prislister.volkswagen.dk/leasingpriser;425;nej;211;52,0;forhjul;475;5
2026-10-09;vw-id-cross-life-launch-edition-211-hk-30000-48;Volkswagen;ID. Cross;Life Launch Edition 211 hk;suv;el;30000;48;4395;15000;600;226560;4720;259995;21,8;65,4;87,1;E;nej;importoer;Volkswagen;;automatisk;2026-09-04;2026-10-09;;https://prislister.volkswagen.dk/leasingpriser;425;nej;211;52,0;forhjul;475;5
2026-10-09;vw-id-cross-life-211-hk-udb-5-000-30000-48;Volkswagen;ID. Cross;Life 211 hk · udb 5.000;suv;el;30000;48;4695;5000;600;230960;4812;249995;23,1;69,3;92,4;E;nej;importoer;Volkswagen;;automatisk;2026-09-28;2026-10-09;;https://prislister.volkswagen.dk/leasingpriser;426;nej;211;52,0;forhjul;475;5
2026-10-09;vw-id-cross-style-211-hk-30000-48;Volkswagen;ID. Cross;Style 211 hk;suv;el;30000;48;4895;5000;600;240560;5012;269995;22,3;66,8;89,1;E;nej;importoer;Volkswagen;;automatisk;2026-09-04;2026-10-09;;https://prislister.volkswagen.dk/leasingpriser;425;nej;211;52,0;forhjul;475;5
2026-10-09;vw-id-cross-style-launch-edition-211-hk-udb-15-000-30000-48;Volkswagen;ID. Cross;Style Launch Edition 211 hk · udb 15.000;suv;el;30000;48;4695;15000;600;240960;5020;279995;21,5;64,5;86,1;E;nej;importoer;Volkswagen;;automatisk;2026-09-28;2026-10-09;;https://prislister.volkswagen.dk/leasingpriser;422;nej;211;52,0;forhjul;475;5
2026-10-09;vw-id-cross-life-launch-edition-211-hk-udb-5-000-30000-48;Volkswagen;ID. Cross;Life Launch Edition 211 hk · udb 5.000;suv;el;30000;48;4995;5000;600;245360;5112;259995;23,6;70,8;94,4;E;nej;importoer;Volkswagen;;automatisk;2026-09-28;2026-10-09;;https://prislister.volkswagen.dk/leasingpriser;425;nej;211;52,0;forhjul;475;5
2026-10-09;vw-id-cross-style-launch-edition-211-hk-30000-48;Volkswagen;ID. Cross;Style Launch Edition 211 hk;suv;el;30000;48;5295;5000;600;259760;5412;279995;23,2;69,6;92,8;E;nej;importoer;Volkswagen;;automatisk;2026-09-04;2026-10-09;;https://prislister.volkswagen.dk/leasingpriser;422;nej;211;52,0;forhjul;475;5
2026-10-09;vw-id-cross-trend-116-hk-40000-48;Volkswagen;ID. Cross;Trend 116 hk;suv;el;40000;48;3895;15000;600;202560;4220;209995;24,1;72,3;96,5;E;nej;importoer;Volkswagen;;automatisk;2026-09-04;2026-10-09;;https://prislister.volkswagen.dk/leasingpriser;313;nej;116;37,0;forhjul;475;5
2026-10-09;vw-id-cross-trend-116-hk-udb-5-000-40000-48;Volkswagen;ID. Cross;Trend 116 hk · udb 5.000;suv;el;40000;48;4495;5000;600;221360;4612;209995;26,4;79,1;105,4;E;nej;importoer;Volkswagen;;automatisk;2026-09-28;2026-10-09;;https://prislister.volkswagen.dk/leasingpriser;313;nej;116;37,0;forhjul;475;5
2026-10-09;vw-id-cross-life-211-hk-udb-15-000-40000-48;Volkswagen;ID. Cross;Life 211 hk · udb 15.000;suv;el;40000;48;4495;15000;600;231360;4820;249995;23,1;69,4;92,5;E;nej;importoer;Volkswagen;;automatisk;2026-09-28;2026-10-09;;https://prislister.volkswagen.dk/leasingpriser;426;nej;211;52,0;forhjul;475;5
2026-10-09;vw-id-cross-style-211-hk-udb-15-000-40000-48;Volkswagen;ID. Cross;Style 211 hk · udb 15.000;suv;el;40000;48;4795;15000;600;245760;5120;269995;22,8;68,3;91,0;E;nej;importoer;Volkswagen;;automatisk;2026-09-28;2026-10-09;;https://prislister.volkswagen.dk/leasingpriser;425;nej;211;52,0;forhjul;475;5
2026-10-09;vw-id-cross-life-211-hk-40000-48;Volkswagen;ID. Cross;Life 211 hk;suv;el;40000;48;5095;5000;600;250160;5212;249995;25,0;75,1;100,1;E;nej;importoer;Volkswagen;;automatisk;2026-09-04;2026-10-09;;https://prislister.volkswagen.dk/leasingpriser;426;nej;211;52,0;forhjul;475;5
2026-10-09;vw-id-cross-life-launch-edition-211-hk-udb-15-000-40000-48;Volkswagen;ID. Cross;Life Launch Edition 211 hk · udb 15.000;suv;el;40000;48;4895;15000;600;250560;5220;259995;24,1;72,3;96,4;E;nej;importoer;Volkswagen;;automatisk;2026-09-28;2026-10-09;;https://prislister.volkswagen.dk/leasingpriser;425;nej;211;52,0;forhjul;475;5
2026-10-09;vw-id-cross-style-launch-edition-211-hk-40000-48;Volkswagen;ID. Cross;Style Launch Edition 211 hk;suv;el;40000;48;5095;15000;600;260160;5420;279995;23,2;69,7;92,9;E;nej;importoer;Volkswagen;;automatisk;2026-09-04;2026-10-09;;https://prislister.volkswagen.dk/leasingpriser;422;nej;211;52,0;forhjul;475;5
2026-10-09;vw-id-cross-life-launch-edition-211-hk-40000-48;Volkswagen;ID. Cross;Life Launch Edition 211 hk;suv;el;40000;48;5395;5000;600;264560;5512;259995;25,4;76,3;101,8;E;nej;importoer;Volkswagen;;automatisk;2026-09-04;2026-10-09;;https://prislister.volkswagen.dk/leasingpriser;425;nej;211;52,0;forhjul;475;5
2026-10-09;vw-id-cross-style-211-hk-40000-48;Volkswagen;ID. Cross;Style 211 hk;suv;el;40000;48;5395;5000;600;264560;5512;269995;24,5;73,5;98,0;E;nej;importoer;Volkswagen;;automatisk;2026-09-04;2026-10-09;;https://prislister.volkswagen.dk/leasingpriser;425;nej;211;52,0;forhjul;475;5
2026-10-09;vw-id-cross-style-launch-edition-211-hk-udb-5-000-40000-48;Volkswagen;ID. Cross;Style Launch Edition 211 hk · udb 5.000;suv;el;40000;48;5695;5000;600;278960;5812;279995;24,9;74,7;99,6;E;nej;importoer;Volkswagen;;automatisk;2026-09-28;2026-10-09;;https://prislister.volkswagen.dk/leasingpriser;422;nej;211;52,0;forhjul;475;5
2026-10-09;vw-id-cross-trend-116-hk-udb-15-000-50000-48;Volkswagen;ID. Cross;Trend 116 hk · udb 15.000;suv;el;50000;48;4195;15000;600;216960;4520;209995;25,8;77,5;103,3;E;nej;importoer;Volkswagen;;automatisk;2026-09-28;2026-10-09;;https://prislister.volkswagen.dk/leasingpriser;313;nej;116;37,0;forhjul;475;5
2026-10-09;vw-id-cross-trend-116-hk-50000-48;Volkswagen;ID. Cross;Trend 116 hk;suv;el;50000;48;4695;5000;600;230960;4812;209995;27,5;82,5;110,0;E;nej;importoer;Volkswagen;;automatisk;2026-09-04;2026-10-09;;https://prislister.volkswagen.dk/leasingpriser;313;nej;116;37,0;forhjul;475;5
2026-10-09;vw-id-cross-life-211-hk-50000-48;Volkswagen;ID. Cross;Life 211 hk;suv;el;50000;48;4795;15000;600;245760;5120;249995;24,6;73,7;98,3;E;nej;importoer;Volkswagen;;automatisk;2026-09-04;2026-10-09;;https://prislister.volkswagen.dk/leasingpriser;426;nej;211;52,0;forhjul;475;5
2026-10-09;vw-id-cross-style-211-hk-50000-48;Volkswagen;ID. Cross;Style 211 hk;suv;el;50000;48;5095;15000;600;260160;5420;269995;24,1;72,3;96,4;E;nej;importoer;Volkswagen;;automatisk;2026-09-04;2026-10-09;;https://prislister.volkswagen.dk/leasingpriser;425;nej;211;52,0;forhjul;475;5
2026-10-09;vw-id-cross-life-211-hk-udb-5-000-50000-48;Volkswagen;ID. Cross;Life 211 hk · udb 5.000;suv;el;50000;48;5395;5000;600;264560;5512;249995;26,5;79,4;105,8;E;nej;importoer;Volkswagen;;automatisk;2026-09-28;2026-10-09;;https://prislister.volkswagen.dk/leasingpriser;426;nej;211;52,0;forhjul;475;5
2026-10-09;vw-id-cross-life-launch-edition-211-hk-udb-15-000-50000-48;Volkswagen;ID. Cross;Life Launch Edition 211 hk · udb 15.000;suv;el;50000;48;5195;15000;600;264960;5520;259995;25,5;76,4;101,9;E;nej;importoer;Volkswagen;;automatisk;2026-09-28;2026-10-09;;https://prislister.volkswagen.dk/leasingpriser;425;nej;211;52,0;forhjul;475;5
2026-10-09;vw-id-cross-life-launch-edition-211-hk-50000-48;Volkswagen;ID. Cross;Life Launch Edition 211 hk;suv;el;50000;48;5695;5000;600;278960;5812;259995;26,8;80,5;107,3;E;nej;importoer;Volkswagen;;automatisk;2026-09-04;2026-10-09;;https://prislister.volkswagen.dk/leasingpriser;425;nej;211;52,0;forhjul;475;5
2026-10-09;vw-id-cross-style-211-hk-udb-5-000-50000-48;Volkswagen;ID. Cross;Style 211 hk · udb 5.000;suv;el;50000;48;5695;5000;600;278960;5812;269995;25,8;77,5;103,3;E;nej;importoer;Volkswagen;;automatisk;2026-09-28;2026-10-09;;https://prislister.volkswagen.dk/leasingpriser;425;nej;211;52,0;forhjul;475;5
2026-10-09;vw-id-cross-style-launch-edition-211-hk-udb-15-000-50000-48;Volkswagen;ID. Cross;Style Launch Edition 211 hk · udb 15.000;suv;el;50000;48;5495;15000;600;279360;5820;279995;24,9;74,8;99,8;E;nej;importoer;Volkswagen;;automatisk;2026-09-28;2026-10-09;;https://prislister.volkswagen.dk/leasingpriser;422;nej;211;52,0;forhjul;475;5
2026-10-09;vw-id-cross-style-launch-edition-211-hk-50000-48;Volkswagen;ID. Cross;Style Launch Edition 211 hk;suv;el;50000;48;5995;5000;600;293360;6112;279995;26,2;78,6;104,8;E;nej;importoer;Volkswagen;;automatisk;2026-09-04;2026-10-09;;https://prislister.volkswagen.dk/leasingpriser;422;nej;211;52,0;forhjul;475;5
2026-10-09;vw-id-cross-trend-116-hk-udb-15-000-55000-48;Volkswagen;ID. Cross;Trend 116 hk · udb 15.000;suv;el;55000;48;4295;15000;600;221760;4620;209995;26,4;79,2;105,6;E;nej;importoer;Volkswagen;;automatisk;2026-09-28;2026-10-09;;https://prislister.volkswagen.dk/leasingpriser;313;nej;116;37,0;forhjul;475;5
2026-10-09;vw-id-cross-trend-116-hk-55000-48;Volkswagen;ID. Cross;Trend 116 hk;suv;el;55000;48;4795;5000;600;235760;4912;209995;28,1;84,2;112,3;E;nej;importoer;Volkswagen;;automatisk;2026-09-04;2026-10-09;;https://prislister.volkswagen.dk/leasingpriser;313;nej;116;37,0;forhjul;475;5
2026-10-09;vw-id-cross-life-211-hk-55000-48;Volkswagen;ID. Cross;Life 211 hk;suv;el;55000;48;4995;15000;600;255360;5320;249995;25,5;76,6;102,1;E;nej;importoer;Volkswagen;;automatisk;2026-09-04;2026-10-09;;https://prislister.volkswagen.dk/leasingpriser;426;nej;211;52,0;forhjul;475;5
2026-10-09;vw-id-cross-life-211-hk-udb-5-000-55000-48;Volkswagen;ID. Cross;Life 211 hk · udb 5.000;suv;el;55000;48;5495;5000;600;269360;5612;249995;26,9;80,8;107,7;E;nej;importoer;Volkswagen;;automatisk;2026-09-28;2026-10-09;;https://prislister.volkswagen.dk/leasingpriser;426;nej;211;52,0;forhjul;475;5
2026-10-09;vw-id-cross-style-211-hk-55000-48;Volkswagen;ID. Cross;Style 211 hk;suv;el;55000;48;5295;15000;600;269760;5620;269995;25,0;74,9;99,9;E;nej;importoer;Volkswagen;;automatisk;2026-09-04;2026-10-09;;https://prislister.volkswagen.dk/leasingpriser;425;nej;211;52,0;forhjul;475;5
2026-10-09;vw-id-cross-life-launch-edition-211-hk-udb-15-000-55000-48;Volkswagen;ID. Cross;Life Launch Edition 211 hk · udb 15.000;suv;el;55000;48;5295;15000;600;269760;5620;259995;25,9;77,8;103,8;E;nej;importoer;Volkswagen;;automatisk;2026-09-28;2026-10-09;;https://prislister.volkswagen.dk/leasingpriser;425;nej;211;52,0;forhjul;475;5
2026-10-09;vw-id-cross-style-211-hk-udb-5-000-55000-48;Volkswagen;ID. Cross;Style 211 hk · udb 5.000;suv;el;55000;48;5795;5000;600;283760;5912;269995;26,3;78,8;105,1;E;nej;importoer;Volkswagen;;automatisk;2026-09-28;2026-10-09;;https://prislister.volkswagen.dk/leasingpriser;425;nej;211;52,0;forhjul;475;5
2026-10-09;vw-id-cross-style-launch-edition-211-hk-55000-48;Volkswagen;ID. Cross;Style Launch Edition 211 hk;suv;el;55000;48;5595;15000;600;284160;5920;279995;25,4;76,1;101,5;E;nej;importoer;Volkswagen;;automatisk;2026-09-04;2026-10-09;;https://prislister.volkswagen.dk/leasingpriser;422;nej;211;52,0;forhjul;475;5
2026-10-09;vw-id-cross-life-launch-edition-211-hk-55000-48;Volkswagen;ID. Cross;Life Launch Edition 211 hk;suv;el;55000;48;5895;5000;600;288560;6012;259995;27,7;83,2;111,0;E;nej;importoer;Volkswagen;;automatisk;2026-09-04;2026-10-09;;https://prislister.volkswagen.dk/leasingpriser;425;nej;211;52,0;forhjul;475;5
2026-10-09;vw-id-cross-style-launch-edition-211-hk-udb-5-000-55000-48;Volkswagen;ID. Cross;Style Launch Edition 211 hk · udb 5.000;suv;el;55000;48;6195;5000;600;302960;6312;279995;27,1;81,2;108,2;E;nej;importoer;Volkswagen;;automatisk;2026-09-28;2026-10-09;;https://prislister.volkswagen.dk/leasingpriser;422;nej;211;52,0;forhjul;475;5
2026-10-09;vw-id-polo-trend-116-hk-10000-48;Volkswagen;ID. Polo;Trend 116 hk;minibil;el;10000;48;2495;15000;600;135360;2820;189995;17,8;53,4;71,2;C;nej;importoer;Volkswagen;;automatisk;2026-09-04;2026-10-09;;https://prislister.volkswagen.dk/leasingpriser;323;nej;116;37,0;forhjul;441;5
2026-10-09;vw-id-polo-life-116-hk-udb-15-000-10000-48;Volkswagen;ID. Polo;Life 116 hk · udb 15.000;minibil;el;10000;48;2595;15000;600;140160;2920;199995;17,5;52,6;70,1;C;nej;importoer;Volkswagen;;automatisk;2026-09-28;2026-10-09;;https://prislister.volkswagen.dk/leasingpriser;322;nej;116;37,0;forhjul;441;5
2026-10-09;vw-id-polo-life-135-hk-udb-15-000-10000-48;Volkswagen;ID. Polo;Life 135 hk · udb 15.000;minibil;el;10000;48;2695;15000;600;144960;3020;204995;17,7;53,0;70,7;C;nej;importoer;Volkswagen;;automatisk;2026-09-28;2026-10-09;;https://prislister.volkswagen.dk/leasingpriser;331;nej;135;37,0;forhjul;441;5
2026-10-09;vw-id-polo-trend-116-hk-udb-5-000-10000-48;Volkswagen;ID. Polo;Trend 116 hk · udb 5.000;minibil;el;10000;48;3095;5000;600;154160;3212;189995;20,3;60,9;81,1;E;nej;importoer;Volkswagen;;automatisk;2026-09-28;2026-10-09;;https://prislister.volkswagen.dk/leasingpriser;323;nej;116;37,0;forhjul;441;5
2026-10-09;vw-id-polo-style-135-hk-10000-48;Volkswagen;ID. Polo;Style 135 hk;minibil;el;10000;48;2895;15000;600;154560;3220;224995;17,2;51,5;68,7;C;nej;importoer;Volkswagen;;automatisk;2026-09-04;2026-10-09;;https://prislister.volkswagen.dk/leasingpriser;330;nej;135;37,0;forhjul;441;5
2026-10-09;vw-id-polo-life-116-hk-10000-48;Volkswagen;ID. Polo;Life 116 hk;minibil;el;10000;48;3195;5000;600;158960;3312;199995;19,9;59,6;79,5;D;nej;importoer;Volkswagen;;automatisk;2026-09-04;2026-10-09;;https://prislister.volkswagen.dk/leasingpriser;322;nej;116;37,0;forhjul;441;5
2026-10-09;vw-id-polo-life-211-hk-udb-15-000-10000-48;Volkswagen;ID. Polo;Life 211 hk · udb 15.000;minibil;el;10000;48;2995;15000;600;159360;3320;229995;17,3;52,0;69,3;C;nej;importoer;Volkswagen;;automatisk;2026-09-28;2026-10-09;;https://prislister.volkswagen.dk/leasingpriser;454;nej;211;52,0;forhjul;441;5
2026-10-09;vw-id-polo-life-135-hk-10000-48;Volkswagen;ID. Polo;Life 135 hk;minibil;el;10000;48;3295;5000;600;163760;3412;204995;20,0;59,9;79,9;E;nej;importoer;Volkswagen;;automatisk;2026-09-04;2026-10-09;;https://prislister.volkswagen.dk/leasingpriser;331;nej;135;37,0;forhjul;441;5
2026-10-09;vw-id-polo-style-211-hk-10000-48;Volkswagen;ID. Polo;Style 211 hk;minibil;el;10000;48;3195;15000;600;168960;3520;249995;16,9;50,7;67,6;C;nej;importoer;Volkswagen;;automatisk;2026-09-04;2026-10-09;;https://prislister.volkswagen.dk/leasingpriser;452;nej;211;52,0;forhjul;441;5
2026-10-09;vw-id-polo-style-135-hk-udb-5-000-10000-48;Volkswagen;ID. Polo;Style 135 hk · udb 5.000;minibil;el;10000;48;3495;5000;600;173360;3612;224995;19,3;57,8;77,1;D;nej;importoer;Volkswagen;;automatisk;2026-09-28;2026-10-09;;https://prislister.volkswagen.dk/leasingpriser;330;nej;135;37,0;forhjul;441;5
2026-10-09;vw-id-polo-style-launch-edition-211-hk-udb-15-000-10000-48;Volkswagen;ID. Polo;Style Launch Edition 211 hk · udb 15.000;minibil;el;10000;48;3295;15000;600;173760;3620;269995;16,1;48,3;64,4;C;nej;importoer;Volkswagen;;automatisk;2026-09-28;2026-10-09;;https://prislister.volkswagen.dk/leasingpriser;442;nej;211;52,0;forhjul;441;5
2026-10-09;vw-id-polo-life-211-hk-10000-48;Volkswagen;ID. Polo;Life 211 hk;minibil;el;10000;48;3595;5000;600;178160;3712;229995;19,4;58,1;77,5;D;nej;importoer;Volkswagen;;automatisk;2026-09-04;2026-10-09;;https://prislister.volkswagen.dk/leasingpriser;454;nej;211;52,0;forhjul;441;5
2026-10-09;vw-id-polo-style-launch-edition-211-hk-10000-48;Volkswagen;ID. Polo;Style Launch Edition 211 hk;minibil;el;10000;48;3795;5000;600;187760;3912;269995;17,4;52,2;69,5;C;nej;importoer;Volkswagen;;automatisk;2026-07-19;2026-10-09;;https://prislister.volkswagen.dk/leasingpriser;442;nej;211;52,0;forhjul;441;5
2026-10-09;vw-id-polo-trend-116-hk-udb-15-000-15000-48;Volkswagen;ID. Polo;Trend 116 hk · udb 15.000;minibil;el;15000;48;2695;15000;600;144960;3020;189995;19,1;57,2;76,3;D;nej;importoer;Volkswagen;;automatisk;2026-09-28;2026-10-09;;https://prislister.volkswagen.dk/leasingpriser;323;nej;116;37,0;forhjul;441;5
2026-10-09;vw-id-polo-life-116-hk-15000-48;Volkswagen;ID. Polo;Life 116 hk;minibil;el;15000;48;2795;15000;600;149760;3120;199995;18,7;56,2;74,9;D;nej;importoer;Volkswagen;;automatisk;2026-09-04;2026-10-09;;https://prislister.volkswagen.dk/leasingpriser;322;nej;116;37,0;forhjul;441;5
2026-10-09;vw-id-polo-life-135-hk-udb-15-000-15000-48;Volkswagen;ID. Polo;Life 135 hk · udb 15.000;minibil;el;15000;48;2895;15000;600;154560;3220;204995;18,8;56,5;75,4;D;nej;importoer;Volkswagen;;automatisk;2026-09-28;2026-10-09;;https://prislister.volkswagen.dk/leasingpriser;331;nej;135;37,0;forhjul;441;5
2026-10-09;vw-id-polo-trend-116-hk-15000-48;Volkswagen;ID. Polo;Trend 116 hk;minibil;el;15000;48;3295;5000;600;163760;3412;189995;21,6;64,7;86,2;E;nej;importoer;Volkswagen;;automatisk;2026-09-04;2026-10-09;;https://prislister.volkswagen.dk/leasingpriser;323;nej;116;37,0;forhjul;441;5
2026-10-09;vw-id-polo-style-135-hk-15000-48;Volkswagen;ID. Polo;Style 135 hk;minibil;el;15000;48;3095;15000;600;164160;3420;224995;18,2;54,7;73,0;D;nej;importoer;Volkswagen;;automatisk;2026-09-04;2026-10-09;;https://prislister.volkswagen.dk/leasingpriser;330;nej;135;37,0;forhjul;441;5
2026-10-09;vw-id-polo-life-116-hk-udb-5-000-15000-48;Volkswagen;ID. Polo;Life 116 hk · udb 5.000;minibil;el;15000;48;3395;5000;600;168560;3512;199995;21,1;63,2;84,3;E;nej;importoer;Volkswagen;;automatisk;2026-09-28;2026-10-09;;https://prislister.volkswagen.dk/leasingpriser;322;nej;116;37,0;forhjul;441;5
2026-10-09;vw-id-polo-life-211-hk-udb-15-000-15000-48;Volkswagen;ID. Polo;Life 211 hk · udb 15.000;minibil;el;15000;48;3195;15000;600;168960;3520;229995;18,4;55,1;73,5;D;nej;importoer;Volkswagen;;automatisk;2026-09-28;2026-10-09;;https://prislister.volkswagen.dk/leasingpriser;454;nej;211;52,0;forhjul;441;5
2026-10-09;vw-id-polo-life-135-hk-15000-48;Volkswagen;ID. Polo;Life 135 hk;minibil;el;15000;48;3495;5000;600;173360;3612;204995;21,1;63,4;84,6;E;nej;importoer;Volkswagen;;automatisk;2026-09-04;2026-10-09;;https://prislister.volkswagen.dk/leasingpriser;331;nej;135;37,0;forhjul;441;5
2026-10-09;vw-id-polo-style-211-hk-udb-15-000-15000-48;Volkswagen;ID. Polo;Style 211 hk · udb 15.000;minibil;el;15000;48;3395;15000;600;178560;3720;249995;17,9;53,6;71,4;C;nej;importoer;Volkswagen;;automatisk;2026-09-28;2026-10-09;;https://prislister.volkswagen.dk/leasingpriser;452;nej;211;52,0;forhjul;441;5
2026-10-09;vw-id-polo-style-135-hk-udb-5-000-15000-48;Volkswagen;ID. Polo;Style 135 hk · udb 5.000;minibil;el;15000;48;3695;5000;600;182960;3812;224995;20,3;61,0;81,3;E;nej;importoer;Volkswagen;;automatisk;2026-09-28;2026-10-09;;https://prislister.volkswagen.dk/leasingpriser;330;nej;135;37,0;forhjul;441;5
2026-10-09;vw-id-polo-style-launch-edition-211-hk-udb-15-000-15000-48;Volkswagen;ID. Polo;Style Launch Edition 211 hk · udb 15.000;minibil;el;15000;48;3495;15000;600;183360;3820;269995;17,0;50,9;67,9;C;nej;importoer;Volkswagen;;automatisk;2026-09-28;2026-10-09;;https://prislister.volkswagen.dk/leasingpriser;442;nej;211;52,0;forhjul;441;5
2026-10-09;vw-id-polo-life-211-hk-15000-48;Volkswagen;ID. Polo;Life 211 hk;minibil;el;15000;48;3795;5000;600;187760;3912;229995;20,4;61,2;81,6;E;nej;importoer;Volkswagen;;automatisk;2026-09-04;2026-10-09;;https://prislister.volkswagen.dk/leasingpriser;454;nej;211;52,0;forhjul;441;5
2026-10-09;vw-id-polo-style-launch-edition-211-hk-15000-48;Volkswagen;ID. Polo;Style Launch Edition 211 hk;minibil;el;15000;48;3995;5000;600;197360;4112;269995;18,3;54,8;73,1;D;nej;importoer;Volkswagen;;automatisk;2026-07-19;2026-10-09;;https://prislister.volkswagen.dk/leasingpriser;442;nej;211;52,0;forhjul;441;5
2026-10-09;vw-id-polo-trend-116-hk-20000-48;Volkswagen;ID. Polo;Trend 116 hk;minibil;el;20000;48;2795;15000;600;149760;3120;189995;19,7;59,1;78,8;D;nej;importoer;Volkswagen;;automatisk;2026-09-04;2026-10-09;;https://prislister.volkswagen.dk/leasingpriser;323;nej;116;37,0;forhjul;441;5
2026-10-09;vw-id-polo-life-116-hk-udb-15-000-20000-48;Volkswagen;ID. Polo;Life 116 hk · udb 15.000;minibil;el;20000;48;2995;15000;600;159360;3320;199995;19,9;59,8;79,7;D;nej;importoer;Volkswagen;;automatisk;2026-09-28;2026-10-09;;https://prislister.volkswagen.dk/leasingpriser;322;nej;116;37,0;forhjul;441;5
2026-10-09;vw-id-polo-life-135-hk-20000-48;Volkswagen;ID. Polo;Life 135 hk;minibil;el;20000;48;3095;15000;600;164160;3420;204995;20,0;60,1;80,1;E;nej;importoer;Volkswagen;;automatisk;2026-09-04;2026-10-09;;https://prislister.volkswagen.dk/leasingpriser;331;nej;135;37,0;forhjul;441;5
2026-10-09;vw-id-polo-trend-116-hk-udb-5-000-20000-48;Volkswagen;ID. Polo;Trend 116 hk · udb 5.000;minibil;el;20000;48;3395;5000;600;168560;3512;189995;22,2;66,5;88,7;E;nej;importoer;Volkswagen;;automatisk;2026-09-28;2026-10-09;;https://prislister.volkswagen.dk/leasingpriser;323;nej;116;37,0;forhjul;441;5
2026-10-09;vw-id-polo-life-116-hk-20000-48;Volkswagen;ID. Polo;Life 116 hk;minibil;el;20000;48;3495;5000;600;173360;3612;199995;21,7;65,0;86,7;E;nej;importoer;Volkswagen;;automatisk;2026-09-04;2026-10-09;;https://prislister.volkswagen.dk/leasingpriser;322;nej;116;37,0;forhjul;441;5
2026-10-09;vw-id-polo-style-135-hk-udb-15-000-20000-48;Volkswagen;ID. Polo;Style 135 hk · udb 15.000;minibil;el;20000;48;3295;15000;600;173760;3620;224995;19,3;57,9;77,2;D;nej;importoer;Volkswagen;;automatisk;2026-09-28;2026-10-09;;https://prislister.volkswagen.dk/leasingpriser;330;nej;135;37,0;forhjul;441;5
2026-10-09;vw-id-polo-life-211-hk-udb-15-000-20000-48;Volkswagen;ID. Polo;Life 211 hk · udb 15.000;minibil;el;20000;48;3395;15000;600;178560;3720;229995;19,4;58,2;77,6;D;nej;importoer;Volkswagen;;automatisk;2026-09-28;2026-10-09;;https://prislister.volkswagen.dk/leasingpriser;454;nej;211;52,0;forhjul;441;5
2026-10-09;vw-id-polo-life-135-hk-udb-5-000-20000-48;Volkswagen;ID. Polo;Life 135 hk · udb 5.000;minibil;el;20000;48;3695;5000;600;182960;3812;204995;22,3;66,9;89,3;E;nej;importoer;Volkswagen;;automatisk;2026-09-28;2026-10-09;;https://prislister.volkswagen.dk/leasingpriser;331;nej;135;37,0;forhjul;441;5
2026-10-09;vw-id-polo-style-211-hk-udb-15-000-20000-48;Volkswagen;ID. Polo;Style 211 hk · udb 15.000;minibil;el;20000;48;3595;15000;600;188160;3920;249995;18,8;56,4;75,3;D;nej;importoer;Volkswagen;;automatisk;2026-09-28;2026-10-09;;https://prislister.volkswagen.dk/leasingpriser;452;nej;211;52,0;forhjul;441;5
2026-10-09;vw-id-polo-style-135-hk-20000-48;Volkswagen;ID. Polo;Style 135 hk;minibil;el;20000;48;3895;5000;600;192560;4012;224995;21,4;64,2;85,6;E;nej;importoer;Volkswagen;;automatisk;2026-09-04;2026-10-09;;https://prislister.volkswagen.dk/leasingpriser;330;nej;135;37,0;forhjul;441;5
2026-10-09;vw-id-polo-style-launch-edition-211-hk-udb-15-000-20000-48;Volkswagen;ID. Polo;Style Launch Edition 211 hk · udb 15.000;minibil;el;20000;48;3695;15000;600;192960;4020;269995;17,9;53,6;71,5;C;nej;importoer;Volkswagen;;automatisk;2026-09-28;2026-10-09;;https://prislister.volkswagen.dk/leasingpriser;442;nej;211;52,0;forhjul;441;5
2026-10-09;vw-id-polo-life-211-hk-20000-48;Volkswagen;ID. Polo;Life 211 hk;minibil;el;20000;48;3995;5000;600;197360;4112;229995;21,5;64,4;85,8;E;nej;importoer;Volkswagen;;automatisk;2026-09-04;2026-10-09;;https://prislister.volkswagen.dk/leasingpriser;454;nej;211;52,0;forhjul;441;5
2026-10-09;vw-id-polo-style-launch-edition-211-hk-20000-48;Volkswagen;ID. Polo;Style Launch Edition 211 hk;minibil;el;20000;48;4195;5000;600;206960;4312;269995;19,2;57,5;76,7;D;nej;importoer;Volkswagen;;automatisk;2026-07-19;2026-10-09;;https://prislister.volkswagen.dk/leasingpriser;442;nej;211;52,0;forhjul;441;5
2026-10-09;vw-id-polo-trend-116-hk-25000-48;Volkswagen;ID. Polo;Trend 116 hk;minibil;el;25000;48;3095;15000;600;164160;3420;189995;21,6;64,8;86,4;E;nej;importoer;Volkswagen;;automatisk;2026-09-04;2026-10-09;;https://prislister.volkswagen.dk/leasingpriser;323;nej;116;37,0;forhjul;441;5
2026-10-09;vw-id-polo-life-116-hk-25000-48;Volkswagen;ID. Polo;Life 116 hk;minibil;el;25000;48;3195;15000;600;168960;3520;199995;21,1;63,4;84,5;E;nej;importoer;Volkswagen;;automatisk;2026-09-04;2026-10-09;;https://prislister.volkswagen.dk/leasingpriser;322;nej;116;37,0;forhjul;441;5
2026-10-09;vw-id-polo-life-135-hk-udb-15-000-25000-48;Volkswagen;ID. Polo;Life 135 hk · udb 15.000;minibil;el;25000;48;3295;15000;600;173760;3620;204995;21,2;63,6;84,8;E;nej;importoer;Volkswagen;;automatisk;2026-09-28;2026-10-09;;https://prislister.volkswagen.dk/leasingpriser;331;nej;135;37,0;forhjul;441;5
2026-10-09;vw-id-polo-trend-116-hk-udb-5-000-25000-48;Volkswagen;ID. Polo;Trend 116 hk · udb 5.000;minibil;el;25000;48;3595;5000;600;178160;3712;189995;23,4;70,3;93,8;E;nej;importoer;Volkswagen;;automatisk;2026-09-28;2026-10-09;;https://prislister.volkswagen.dk/leasingpriser;323;nej;116;37,0;forhjul;441;5
2026-10-09;vw-id-polo-style-135-hk-25000-48;Volkswagen;ID. Polo;Style 135 hk;minibil;el;25000;48;3495;15000;600;183360;3820;224995;20,4;61,1;81,5;E;nej;importoer;Volkswagen;;automatisk;2026-09-04;2026-10-09;;https://prislister.volkswagen.dk/leasingpriser;330;nej;135;37,0;forhjul;441;5
2026-10-09;vw-id-polo-life-116-hk-udb-5-000-25000-48;Volkswagen;ID. Polo;Life 116 hk · udb 5.000;minibil;el;25000;48;3795;5000;600;187760;3912;199995;23,5;70,4;93,9;E;nej;importoer;Volkswagen;;automatisk;2026-09-28;2026-10-09;;https://prislister.volkswagen.dk/leasingpriser;322;nej;116;37,0;forhjul;441;5
2026-10-09;vw-id-polo-life-135-hk-25000-48;Volkswagen;ID. Polo;Life 135 hk;minibil;el;25000;48;3895;5000;600;192560;4012;204995;23,5;70,5;93,9;E;nej;importoer;Volkswagen;;automatisk;2026-09-04;2026-10-09;;https://prislister.volkswagen.dk/leasingpriser;331;nej;135;37,0;forhjul;441;5
2026-10-09;vw-id-polo-life-211-hk-udb-15-000-25000-48;Volkswagen;ID. Polo;Life 211 hk · udb 15.000;minibil;el;25000;48;3695;15000;600;192960;4020;229995;21,0;62,9;83,9;E;nej;importoer;Volkswagen;;automatisk;2026-09-28;2026-10-09;;https://prislister.volkswagen.dk/leasingpriser;454;nej;211;52,0;forhjul;441;5
2026-10-09;vw-id-polo-style-135-hk-udb-5-000-25000-48;Volkswagen;ID. Polo;Style 135 hk · udb 5.000;minibil;el;25000;48;4095;5000;600;202160;4212;224995;22,5;67,4;89,9;E;nej;importoer;Volkswagen;;automatisk;2026-09-28;2026-10-09;;https://prislister.volkswagen.dk/leasingpriser;330;nej;135;37,0;forhjul;441;5
2026-10-09;vw-id-polo-style-211-hk-25000-48;Volkswagen;ID. Polo;Style 211 hk;minibil;el;25000;48;3895;15000;600;202560;4220;249995;20,3;60,8;81,0;E;nej;importoer;Volkswagen;;automatisk;2026-09-04;2026-10-09;;https://prislister.volkswagen.dk/leasingpriser;452;nej;211;52,0;forhjul;441;5
2026-10-09;vw-id-polo-life-211-hk-25000-48;Volkswagen;ID. Polo;Life 211 hk;minibil;el;25000;48;4195;5000;600;206960;4312;229995;22,5;67,5;90,0;E;nej;importoer;Volkswagen;;automatisk;2026-09-04;2026-10-09;;https://prislister.volkswagen.dk/leasingpriser;454;nej;211;52,0;forhjul;441;5
2026-10-09;vw-id-polo-style-launch-edition-211-hk-udb-15-000-25000-48;Volkswagen;ID. Polo;Style Launch Edition 211 hk · udb 15.000;minibil;el;25000;48;3995;15000;600;207360;4320;269995;19,2;57,6;76,8;D;nej;importoer;Volkswagen;;automatisk;2026-09-28;2026-10-09;;https://prislister.volkswagen.dk/leasingpriser;442;nej;211;52,0;forhjul;441;5
2026-10-09;vw-id-polo-style-launch-edition-211-hk-25000-48;Volkswagen;ID. Polo;Style Launch Edition 211 hk;minibil;el;25000;48;4495;5000;600;221360;4612;269995;20,5;61,5;82,0;E;nej;importoer;Volkswagen;;automatisk;2026-07-19;2026-10-09;;https://prislister.volkswagen.dk/leasingpriser;442;nej;211;52,0;forhjul;441;5
2026-10-09;vw-id-polo-trend-116-hk-udb-15-000-30000-48;Volkswagen;ID. Polo;Trend 116 hk · udb 15.000;minibil;el;30000;48;3195;15000;600;168960;3520;189995;22,2;66,7;88,9;E;nej;importoer;Volkswagen;;automatisk;2026-09-28;2026-10-09;;https://prislister.volkswagen.dk/leasingpriser;323;nej;116;37,0;forhjul;441;5
2026-10-09;vw-id-polo-life-116-hk-30000-48;Volkswagen;ID. Polo;Life 116 hk;minibil;el;30000;48;3395;15000;600;178560;3720;199995;22,3;67,0;89,3;E;nej;importoer;Volkswagen;;automatisk;2026-09-04;2026-10-09;;https://prislister.volkswagen.dk/leasingpriser;322;nej;116;37,0;forhjul;441;5
2026-10-09;vw-id-polo-life-135-hk-30000-48;Volkswagen;ID. Polo;Life 135 hk;minibil;el;30000;48;3495;15000;600;183360;3820;204995;22,4;67,1;89,4;E;nej;importoer;Volkswagen;;automatisk;2026-09-04;2026-10-09;;https://prislister.volkswagen.dk/leasingpriser;331;nej;135;37,0;forhjul;441;5
2026-10-09;vw-id-polo-trend-116-hk-30000-48;Volkswagen;ID. Polo;Trend 116 hk;minibil;el;30000;48;3795;5000;600;187760;3912;189995;24,7;74,1;98,8;E;nej;importoer;Volkswagen;;automatisk;2026-09-04;2026-10-09;;https://prislister.volkswagen.dk/leasingpriser;323;nej;116;37,0;forhjul;441;5
2026-10-09;vw-id-polo-life-116-hk-udb-5-000-30000-48;Volkswagen;ID. Polo;Life 116 hk · udb 5.000;minibil;el;30000;48;3895;5000;600;192560;4012;199995;24,1;72,2;96,3;E;nej;importoer;Volkswagen;;automatisk;2026-09-28;2026-10-09;;https://prislister.volkswagen.dk/leasingpriser;322;nej;116;37,0;forhjul;441;5
2026-10-09;vw-id-polo-style-135-hk-udb-15-000-30000-48;Volkswagen;ID. Polo;Style 135 hk · udb 15.000;minibil;el;30000;48;3695;15000;600;192960;4020;224995;21,4;64,3;85,8;E;nej;importoer;Volkswagen;;automatisk;2026-09-28;2026-10-09;;https://prislister.volkswagen.dk/leasingpriser;330;nej;135;37,0;forhjul;441;5
2026-10-09;vw-id-polo-life-135-hk-udb-5-000-30000-48;Volkswagen;ID. Polo;Life 135 hk · udb 5.000;minibil;el;30000;48;4095;5000;600;202160;4212;204995;24,7;74,0;98,6;E;nej;importoer;Volkswagen;;automatisk;2026-09-28;2026-10-09;;https://prislister.volkswagen.dk/leasingpriser;331;nej;135;37,0;forhjul;441;5
2026-10-09;vw-id-polo-life-211-hk-30000-48;Volkswagen;ID. Polo;Life 211 hk;minibil;el;30000;48;3895;15000;600;202560;4220;229995;22,0;66,1;88,1;E;nej;importoer;Volkswagen;;automatisk;2026-09-04;2026-10-09;;https://prislister.volkswagen.dk/leasingpriser;454;nej;211;52,0;forhjul;441;5
2026-10-09;vw-id-polo-style-135-hk-30000-48;Volkswagen;ID. Polo;Style 135 hk;minibil;el;30000;48;4295;5000;600;211760;4412;224995;23,5;70,6;94,1;E;nej;importoer;Volkswagen;;automatisk;2026-09-04;2026-10-09;;https://prislister.volkswagen.dk/leasingpriser;330;nej;135;37,0;forhjul;441;5
2026-10-09;vw-id-polo-style-211-hk-udb-15-000-30000-48;Volkswagen;ID. Polo;Style 211 hk · udb 15.000;minibil;el;30000;48;4095;15000;600;212160;4420;249995;21,2;63,6;84,9;E;nej;importoer;Volkswagen;;automatisk;2026-09-28;2026-10-09;;https://prislister.volkswagen.dk/leasingpriser;452;nej;211;52,0;forhjul;441;5
2026-10-09;vw-id-polo-life-211-hk-udb-5-000-30000-48;Volkswagen;ID. Polo;Life 211 hk · udb 5.000;minibil;el;30000;48;4395;5000;600;216560;4512;229995;23,5;70,6;94,2;E;nej;importoer;Volkswagen;;automatisk;2026-09-28;2026-10-09;;https://prislister.volkswagen.dk/leasingpriser;454;nej;211;52,0;forhjul;441;5
2026-10-09;vw-id-polo-style-launch-edition-211-hk-30000-48;Volkswagen;ID. Polo;Style Launch Edition 211 hk;minibil;el;30000;48;4195;15000;600;216960;4520;269995;20,1;60,3;80,4;E;nej;importoer;Volkswagen;;automatisk;2026-07-19;2026-10-09;;https://prislister.volkswagen.dk/leasingpriser;442;nej;211;52,0;forhjul;441;5
2026-10-09;vw-id-polo-style-launch-edition-211-hk-udb-5-000-30000-48;Volkswagen;ID. Polo;Style Launch Edition 211 hk · udb 5.000;minibil;el;30000;48;4695;5000;600;230960;4812;269995;21,4;64,2;85,5;E;nej;importoer;Volkswagen;;automatisk;2026-09-28;2026-10-09;;https://prislister.volkswagen.dk/leasingpriser;442;nej;211;52,0;forhjul;441;5
2026-10-09;vw-id-polo-trend-116-hk-40000-48;Volkswagen;ID. Polo;Trend 116 hk;minibil;el;40000;48;3595;15000;600;188160;3920;189995;24,8;74,3;99,0;E;nej;importoer;Volkswagen;;automatisk;2026-09-04;2026-10-09;;https://prislister.volkswagen.dk/leasingpriser;323;nej;116;37,0;forhjul;441;5
2026-10-09;vw-id-polo-life-116-hk-40000-48;Volkswagen;ID. Polo;Life 116 hk;minibil;el;40000;48;3795;15000;600;197760;4120;199995;24,7;74,2;98,9;E;nej;importoer;Volkswagen;;automatisk;2026-09-04;2026-10-09;;https://prislister.volkswagen.dk/leasingpriser;322;nej;116;37,0;forhjul;441;5
2026-10-09;vw-id-polo-life-135-hk-40000-48;Volkswagen;ID. Polo;Life 135 hk;minibil;el;40000;48;3895;15000;600;202560;4220;204995;24,7;74,1;98,8;E;nej;importoer;Volkswagen;;automatisk;2026-09-04;2026-10-09;;https://prislister.volkswagen.dk/leasingpriser;331;nej;135;37,0;forhjul;441;5
2026-10-09;vw-id-polo-trend-116-hk-udb-5-000-40000-48;Volkswagen;ID. Polo;Trend 116 hk · udb 5.000;minibil;el;40000;48;4195;5000;600;206960;4312;189995;27,2;81,7;108,9;E;nej;importoer;Volkswagen;;automatisk;2026-09-28;2026-10-09;;https://prislister.volkswagen.dk/leasingpriser;323;nej;116;37,0;forhjul;441;5
2026-10-09;vw-id-polo-life-116-hk-udb-5-000-40000-48;Volkswagen;ID. Polo;Life 116 hk · udb 5.000;minibil;el;40000;48;4295;5000;600;211760;4412;199995;26,5;79,4;105,9;E;nej;importoer;Volkswagen;;automatisk;2026-09-28;2026-10-09;;https://prislister.volkswagen.dk/leasingpriser;322;nej;116;37,0;forhjul;441;5
2026-10-09;vw-id-polo-style-135-hk-udb-15-000-40000-48;Volkswagen;ID. Polo;Style 135 hk · udb 15.000;minibil;el;40000;48;4195;15000;600;216960;4520;224995;24,1;72,3;96,4;E;nej;importoer;Volkswagen;;automatisk;2026-09-28;2026-10-09;;https://prislister.volkswagen.dk/leasingpriser;330;nej;135;37,0;forhjul;441;5
2026-10-09;vw-id-polo-life-135-hk-udb-5-000-40000-48;Volkswagen;ID. Polo;Life 135 hk · udb 5.000;minibil;el;40000;48;4495;5000;600;221360;4612;204995;27,0;81,0;108,0;E;nej;importoer;Volkswagen;;automatisk;2026-09-28;2026-10-09;;https://prislister.volkswagen.dk/leasingpriser;331;nej;135;37,0;forhjul;441;5
2026-10-09;vw-id-polo-life-211-hk-40000-48;Volkswagen;ID. Polo;Life 211 hk;minibil;el;40000;48;4295;15000;600;221760;4620;229995;24,1;72,3;96,4;E;nej;importoer;Volkswagen;;automatisk;2026-09-04;2026-10-09;;https://prislister.volkswagen.dk/leasingpriser;454;nej;211;52,0;forhjul;441;5
2026-10-09;vw-id-polo-style-135-hk-40000-48;Volkswagen;ID. Polo;Style 135 hk;minibil;el;40000;48;4695;5000;600;230960;4812;224995;25,7;77,0;102,7;E;nej;importoer;Volkswagen;;automatisk;2026-09-04;2026-10-09;;https://prislister.volkswagen.dk/leasingpriser;330;nej;135;37,0;forhjul;441;5
2026-10-09;vw-id-polo-style-211-hk-40000-48;Volkswagen;ID. Polo;Style 211 hk;minibil;el;40000;48;4495;15000;600;231360;4820;249995;23,1;69,4;92,5;E;nej;importoer;Volkswagen;;automatisk;2026-09-04;2026-10-09;;https://prislister.volkswagen.dk/leasingpriser;452;nej;211;52,0;forhjul;441;5
2026-10-09;vw-id-polo-life-211-hk-udb-5-000-40000-48;Volkswagen;ID. Polo;Life 211 hk · udb 5.000;minibil;el;40000;48;4795;5000;600;235760;4912;229995;25,6;76,9;102,5;E;nej;importoer;Volkswagen;;automatisk;2026-09-28;2026-10-09;;https://prislister.volkswagen.dk/leasingpriser;454;nej;211;52,0;forhjul;441;5
2026-10-09;vw-id-polo-style-launch-edition-211-hk-udb-15-000-40000-48;Volkswagen;ID. Polo;Style Launch Edition 211 hk · udb 15.000;minibil;el;40000;48;4695;15000;600;240960;5020;269995;22,3;66,9;89,2;E;nej;importoer;Volkswagen;;automatisk;2026-09-28;2026-10-09;;https://prislister.volkswagen.dk/leasingpriser;442;nej;211;52,0;forhjul;441;5
2026-10-09;vw-id-polo-style-211-hk-udb-5-000-40000-48;Volkswagen;ID. Polo;Style 211 hk · udb 5.000;minibil;el;40000;48;5095;5000;600;250160;5212;249995;25,0;75,1;100,1;E;nej;importoer;Volkswagen;;automatisk;2026-09-28;2026-10-09;;https://prislister.volkswagen.dk/leasingpriser;452;nej;211;52,0;forhjul;441;5
2026-10-09;vw-id-polo-style-launch-edition-211-hk-40000-48;Volkswagen;ID. Polo;Style Launch Edition 211 hk;minibil;el;40000;48;5195;5000;600;254960;5312;269995;23,6;70,8;94,4;E;nej;importoer;Volkswagen;;automatisk;2026-07-19;2026-10-09;;https://prislister.volkswagen.dk/leasingpriser;442;nej;211;52,0;forhjul;441;5
2026-10-09;vw-id-polo-trend-116-hk-udb-15-000-50000-48;Volkswagen;ID. Polo;Trend 116 hk · udb 15.000;minibil;el;50000;48;3895;15000;600;202560;4220;189995;26,7;80,0;106,6;E;nej;importoer;Volkswagen;;automatisk;2026-09-28;2026-10-09;;https://prislister.volkswagen.dk/leasingpriser;323;nej;116;37,0;forhjul;441;5
2026-10-09;vw-id-polo-life-116-hk-50000-48;Volkswagen;ID. Polo;Life 116 hk;minibil;el;50000;48;3995;15000;600;207360;4320;199995;25,9;77,8;103,7;E;nej;importoer;Volkswagen;;automatisk;2026-09-04;2026-10-09;;https://prislister.volkswagen.dk/leasingpriser;322;nej;116;37,0;forhjul;441;5
2026-10-09;vw-id-polo-trend-116-hk-50000-48;Volkswagen;ID. Polo;Trend 116 hk;minibil;el;50000;48;4395;5000;600;216560;4512;189995;28,5;85,5;114,0;E;nej;importoer;Volkswagen;;automatisk;2026-09-04;2026-10-09;;https://prislister.volkswagen.dk/leasingpriser;323;nej;116;37,0;forhjul;441;5
2026-10-09;vw-id-polo-life-135-hk-udb-15-000-50000-48;Volkswagen;ID. Polo;Life 135 hk · udb 15.000;minibil;el;50000;48;4195;15000;600;216960;4520;204995;26,5;79,4;105,8;E;nej;importoer;Volkswagen;;automatisk;2026-09-28;2026-10-09;;https://prislister.volkswagen.dk/leasingpriser;331;nej;135;37,0;forhjul;441;5
2026-10-09;vw-id-polo-life-116-hk-udb-5-000-50000-48;Volkswagen;ID. Polo;Life 116 hk · udb 5.000;minibil;el;50000;48;4595;5000;600;226160;4712;199995;28,3;84,8;113,1;E;nej;importoer;Volkswagen;;automatisk;2026-09-28;2026-10-09;;https://prislister.volkswagen.dk/leasingpriser;322;nej;116;37,0;forhjul;441;5
2026-10-09;vw-id-polo-style-135-hk-50000-48;Volkswagen;ID. Polo;Style 135 hk;minibil;el;50000;48;4395;15000;600;226560;4720;224995;25,2;75,5;100,7;E;nej;importoer;Volkswagen;;automatisk;2026-09-04;2026-10-09;;https://prislister.volkswagen.dk/leasingpriser;330;nej;135;37,0;forhjul;441;5
2026-10-09;vw-id-polo-life-135-hk-50000-48;Volkswagen;ID. Polo;Life 135 hk;minibil;el;50000;48;4695;5000;600;230960;4812;204995;28,2;84,5;112,7;E;nej;importoer;Volkswagen;;automatisk;2026-09-04;2026-10-09;;https://prislister.volkswagen.dk/leasingpriser;331;nej;135;37,0;forhjul;441;5
2026-10-09;vw-id-polo-life-211-hk-udb-15-000-50000-48;Volkswagen;ID. Polo;Life 211 hk · udb 15.000;minibil;el;50000;48;4495;15000;600;231360;4820;229995;25,1;75,4;100,6;E;nej;importoer;Volkswagen;;automatisk;2026-09-28;2026-10-09;;https://prislister.volkswagen.dk/leasingpriser;454;nej;211;52,0;forhjul;441;5
2026-10-09;vw-id-polo-style-135-hk-udb-5-000-50000-48;Volkswagen;ID. Polo;Style 135 hk · udb 5.000;minibil;el;50000;48;4995;5000;600;245360;5112;224995;27,3;81,8;109,1;E;nej;importoer;Volkswagen;;automatisk;2026-09-28;2026-10-09;;https://prislister.volkswagen.dk/leasingpriser;330;nej;135;37,0;forhjul;441;5
2026-10-09;vw-id-polo-style-211-hk-udb-15-000-50000-48;Volkswagen;ID. Polo;Style 211 hk · udb 15.000;minibil;el;50000;48;4795;15000;600;245760;5120;249995;24,6;73,7;98,3;E;nej;importoer;Volkswagen;;automatisk;2026-09-28;2026-10-09;;https://prislister.volkswagen.dk/leasingpriser;452;nej;211;52,0;forhjul;441;5
2026-10-09;vw-id-polo-life-211-hk-50000-48;Volkswagen;ID. Polo;Life 211 hk;minibil;el;50000;48;5095;5000;600;250160;5212;229995;27,2;81,6;108,8;E;nej;importoer;Volkswagen;;automatisk;2026-09-04;2026-10-09;;https://prislister.volkswagen.dk/leasingpriser;454;nej;211;52,0;forhjul;441;5
2026-10-09;vw-id-polo-style-launch-edition-211-hk-udb-15-000-50000-48;Volkswagen;ID. Polo;Style Launch Edition 211 hk · udb 15.000;minibil;el;50000;48;4995;15000;600;255360;5320;269995;23,6;70,9;94,6;E;nej;importoer;Volkswagen;;automatisk;2026-09-28;2026-10-09;;https://prislister.volkswagen.dk/leasingpriser;442;nej;211;52,0;forhjul;441;5
2026-10-09;vw-id-polo-style-211-hk-50000-48;Volkswagen;ID. Polo;Style 211 hk;minibil;el;50000;48;5395;5000;600;264560;5512;249995;26,5;79,4;105,8;E;nej;importoer;Volkswagen;;automatisk;2026-09-04;2026-10-09;;https://prislister.volkswagen.dk/leasingpriser;452;nej;211;52,0;forhjul;441;5
2026-10-09;vw-id-polo-style-launch-edition-211-hk-50000-48;Volkswagen;ID. Polo;Style Launch Edition 211 hk;minibil;el;50000;48;5495;5000;600;269360;5612;269995;24,9;74,8;99,8;E;nej;importoer;Volkswagen;;automatisk;2026-07-19;2026-10-09;;https://prislister.volkswagen.dk/leasingpriser;442;nej;211;52,0;forhjul;441;5
2026-10-09;vw-id-polo-trend-116-hk-udb-15-000-55000-48;Volkswagen;ID. Polo;Trend 116 hk · udb 15.000;minibil;el;55000;48;3995;15000;600;207360;4320;189995;27,3;81,9;109,1;E;nej;importoer;Volkswagen;;automatisk;2026-09-28;2026-10-09;;https://prislister.volkswagen.dk/leasingpriser;323;nej;116;37,0;forhjul;441;5
2026-10-09;vw-id-polo-life-116-hk-udb-15-000-55000-48;Volkswagen;ID. Polo;Life 116 hk · udb 15.000;minibil;el;55000;48;4095;15000;600;212160;4420;199995;26,5;79,6;106,1;E;nej;importoer;Volkswagen;;automatisk;2026-09-28;2026-10-09;;https://prislister.volkswagen.dk/leasingpriser;322;nej;116;37,0;forhjul;441;5
2026-10-09;vw-id-polo-trend-116-hk-55000-48;Volkswagen;ID. Polo;Trend 116 hk;minibil;el;55000;48;4495;5000;600;221360;4612;189995;29,1;87,4;116,5;E;nej;importoer;Volkswagen;;automatisk;2026-09-04;2026-10-09;;https://prislister.volkswagen.dk/leasingpriser;323;nej;116;37,0;forhjul;441;5
2026-10-09;vw-id-polo-life-135-hk-55000-48;Volkswagen;ID. Polo;Life 135 hk;minibil;el;55000;48;4295;15000;600;221760;4620;204995;27,0;81,1;108,2;E;nej;importoer;Volkswagen;;automatisk;2026-09-04;2026-10-09;;https://prislister.volkswagen.dk/leasingpriser;331;nej;135;37,0;forhjul;441;5
2026-10-09;vw-id-polo-life-116-hk-55000-48;Volkswagen;ID. Polo;Life 116 hk;minibil;el;55000;48;4695;5000;600;230960;4812;199995;28,9;86,6;115,5;E;nej;importoer;Volkswagen;;automatisk;2026-09-04;2026-10-09;;https://prislister.volkswagen.dk/leasingpriser;322;nej;116;37,0;forhjul;441;5
2026-10-09;vw-id-polo-style-135-hk-55000-48;Volkswagen;ID. Polo;Style 135 hk;minibil;el;55000;48;4495;15000;600;231360;4820;224995;25,7;77,1;102,8;E;nej;importoer;Volkswagen;;automatisk;2026-09-04;2026-10-09;;https://prislister.volkswagen.dk/leasingpriser;330;nej;135;37,0;forhjul;441;5
2026-10-09;vw-id-polo-life-135-hk-udb-5-000-55000-48;Volkswagen;ID. Polo;Life 135 hk · udb 5.000;minibil;el;55000;48;4795;5000;600;235760;4912;204995;28,8;86,3;115,0;E;nej;importoer;Volkswagen;;automatisk;2026-09-28;2026-10-09;;https://prislister.volkswagen.dk/leasingpriser;331;nej;135;37,0;forhjul;441;5
2026-10-09;vw-id-polo-life-211-hk-udb-15-000-55000-48;Volkswagen;ID. Polo;Life 211 hk · udb 15.000;minibil;el;55000;48;4695;15000;600;240960;5020;229995;26,2;78,6;104,8;E;nej;importoer;Volkswagen;;automatisk;2026-09-28;2026-10-09;;https://prislister.volkswagen.dk/leasingpriser;454;nej;211;52,0;forhjul;441;5
2026-10-09;vw-id-polo-style-135-hk-udb-5-000-55000-48;Volkswagen;ID. Polo;Style 135 hk · udb 5.000;minibil;el;55000;48;5095;5000;600;250160;5212;224995;27,8;83,4;111,2;E;nej;importoer;Volkswagen;;automatisk;2026-09-28;2026-10-09;;https://prislister.volkswagen.dk/leasingpriser;330;nej;135;37,0;forhjul;441;5
2026-10-09;vw-id-polo-life-211-hk-55000-48;Volkswagen;ID. Polo;Life 211 hk;minibil;el;55000;48;5195;5000;600;254960;5312;229995;27,7;83,1;110,9;E;nej;importoer;Volkswagen;;automatisk;2026-09-04;2026-10-09;;https://prislister.volkswagen.dk/leasingpriser;454;nej;211;52,0;forhjul;441;5
2026-10-09;vw-id-polo-style-211-hk-55000-48;Volkswagen;ID. Polo;Style 211 hk;minibil;el;55000;48;4995;15000;600;255360;5320;249995;25,5;76,6;102,1;E;nej;importoer;Volkswagen;;automatisk;2026-09-04;2026-10-09;;https://prislister.volkswagen.dk/leasingpriser;452;nej;211;52,0;forhjul;441;5
2026-10-09;vw-id-polo-style-launch-edition-211-hk-udb-15-000-55000-48;Volkswagen;ID. Polo;Style Launch Edition 211 hk · udb 15.000;minibil;el;55000;48;5195;15000;600;264960;5520;269995;24,5;73,6;98,1;E;nej;importoer;Volkswagen;;automatisk;2026-09-28;2026-10-09;;https://prislister.volkswagen.dk/leasingpriser;442;nej;211;52,0;forhjul;441;5
2026-10-09;vw-id-polo-style-211-hk-udb-5-000-55000-48;Volkswagen;ID. Polo;Style 211 hk · udb 5.000;minibil;el;55000;48;5495;5000;600;269360;5612;249995;26,9;80,8;107,7;E;nej;importoer;Volkswagen;;automatisk;2026-09-28;2026-10-09;;https://prislister.volkswagen.dk/leasingpriser;452;nej;211;52,0;forhjul;441;5
2026-10-09;vw-id-polo-style-launch-edition-211-hk-55000-48;Volkswagen;ID. Polo;Style Launch Edition 211 hk;minibil;el;55000;48;5595;5000;600;274160;5712;269995;25,4;76,2;101,5;E;nej;importoer;Volkswagen;;automatisk;2026-07-19;2026-10-09;;https://prislister.volkswagen.dk/leasingpriser;442;nej;211;52,0;forhjul;441;5
2026-10-09;vw-id-3-neo-trend-170-hk-udb-30-000-10000-48;Volkswagen;ID.3 Neo;Trend 170 hk · udb 30.000;kompakt;el;10000;48;2295;30000;600;140760;2932;249995;14,1;42,2;56,3;B;nej;importoer;Volkswagen;;automatisk;2026-09-28;2026-10-09;;https://prislister.volkswagen.dk/leasingpriser;415;nej;170;50,0;baghjul;383;5
2026-10-09;vw-id-3-neo-trend-170-hk-udb-15-000-10000-48;Volkswagen;ID.3 Neo;Trend 170 hk · udb 15.000;kompakt;el;10000;48;2695;15000;600;144960;3020;249995;14,5;43,5;58,0;B;nej;importoer;Volkswagen;;automatisk;2026-09-28;2026-10-09;;https://prislister.volkswagen.dk/leasingpriser;415;nej;170;50,0;baghjul;383;5
2026-10-09;vw-id-3-neo-life-170-hk-10000-48;Volkswagen;ID.3 Neo;Life 170 hk;kompakt;el;10000;48;2495;30000;600;150360;3132;264995;14,2;42,5;56,7;B;nej;importoer;Volkswagen;;automatisk;2026-07-19;2026-10-09;;https://prislister.volkswagen.dk/leasingpriser;414;nej;170;50,0;baghjul;383;5
2026-10-09;vw-id-3-neo-life-170-hk-udb-15-000-10000-48;Volkswagen;ID.3 Neo;Life 170 hk · udb 15.000;kompakt;el;10000;48;2895;15000;600;154560;3220;264995;14,6;43,7;58,3;B;nej;importoer;Volkswagen;;automatisk;2026-09-28;2026-10-09;;https://prislister.volkswagen.dk/leasingpriser;414;nej;170;50,0;baghjul;383;5
2026-10-09;vw-id-3-neo-life-190-hk-udb-30-000-10000-48;Volkswagen;ID.3 Neo;Life 190 hk · udb 30.000;kompakt;el;10000;48;2595;30000;600;155160;3232;284995;13,6;40,8;54,4;B;nej;importoer;Volkswagen;;automatisk;2026-09-28;2026-10-09;;https://prislister.volkswagen.dk/leasingpriser;490;nej;190;58,0;baghjul;383;5
2026-10-09;vw-id-3-neo-life-190-hk-10000-48;Volkswagen;ID.3 Neo;Life 190 hk;kompakt;el;10000;48;2995;15000;600;159360;3320;284995;14,0;41,9;55,9;B;nej;importoer;Volkswagen;;automatisk;2026-07-19;2026-10-09;;https://prislister.volkswagen.dk/leasingpriser;490;nej;190;58,0;baghjul;383;5
2026-10-09;vw-id-3-neo-trend-170-hk-10000-48;Volkswagen;ID.3 Neo;Trend 170 hk;kompakt;el;10000;48;3295;5000;600;163760;3412;249995;16,4;49,1;65,5;C;nej;importoer;Volkswagen;;automatisk;2026-07-19;2026-10-09;;https://prislister.volkswagen.dk/leasingpriser;415;nej;170;50,0;baghjul;383;5
2026-10-09;vw-id-3-neo-life-170-hk-udb-5-000-10000-48;Volkswagen;ID.3 Neo;Life 170 hk · udb 5.000;kompakt;el;10000;48;3495;5000;600;173360;3612;264995;16,4;49,1;65,4;C;nej;importoer;Volkswagen;;automatisk;2026-09-28;2026-10-09;;https://prislister.volkswagen.dk/leasingpriser;414;nej;170;50,0;baghjul;383;5
2026-10-09;vw-id-3-neo-life-231-hk-udb-30-000-10000-48;Volkswagen;ID.3 Neo;Life 231 hk · udb 30.000;kompakt;el;10000;48;2995;30000;600;174360;3632;314995;13,8;41,5;55,4;B;nej;importoer;Volkswagen;;automatisk;2026-09-28;2026-10-09;;https://prislister.volkswagen.dk/leasingpriser;626;nej;231;79,0;baghjul;383;5
2026-10-09;vw-id-3-neo-style-190-hk-udb-30-000-10000-48;Volkswagen;ID.3 Neo;Style 190 hk · udb 30.000;kompakt;el;10000;48;2995;30000;600;174360;3632;309995;14,1;42,2;56,2;B;nej;importoer;Volkswagen;;automatisk;2026-09-28;2026-10-09;;https://prislister.volkswagen.dk/leasingpriser;488;nej;190;58,0;baghjul;383;5
2026-10-09;vw-id-3-neo-life-190-hk-udb-5-000-10000-48;Volkswagen;ID.3 Neo;Life 190 hk · udb 5.000;kompakt;el;10000;48;3595;5000;600;178160;3712;284995;15,6;46,9;62,5;C;nej;importoer;Volkswagen;;automatisk;2026-09-28;2026-10-09;;https://prislister.volkswagen.dk/leasingpriser;490;nej;190;58,0;baghjul;383;5
2026-10-09;vw-id-3-neo-life-231-hk-udb-15-000-10000-48;Volkswagen;ID.3 Neo;Life 231 hk · udb 15.000;kompakt;el;10000;48;3395;15000;600;178560;3720;314995;14,2;42,5;56,7;B;nej;importoer;Volkswagen;;automatisk;2026-09-28;2026-10-09;;https://prislister.volkswagen.dk/leasingpriser;626;nej;231;79,0;baghjul;383;5
2026-10-09;vw-id-3-neo-style-190-hk-10000-48;Volkswagen;ID.3 Neo;Style 190 hk;kompakt;el;10000;48;3395;15000;600;178560;3720;309995;14,4;43,2;57,6;B;nej;importoer;Volkswagen;;automatisk;2026-07-19;2026-10-09;;https://prislister.volkswagen.dk/leasingpriser;488;nej;190;58,0;baghjul;383;5
2026-10-09;vw-id-3-neo-style-231-hk-udb-30-000-10000-48;Volkswagen;ID.3 Neo;Style 231 hk · udb 30.000;kompakt;el;10000;48;3395;30000;600;193560;4032;334995;14,4;43,3;57,8;B;nej;importoer;Volkswagen;;automatisk;2026-09-28;2026-10-09;;https://prislister.volkswagen.dk/leasingpriser;624;nej;231;79,0;baghjul;383;5
2026-10-09;vw-id-3-neo-life-231-hk-10000-48;Volkswagen;ID.3 Neo;Life 231 hk;kompakt;el;10000;48;3995;5000;600;197360;4112;314995;15,7;47,0;62,7;C;nej;importoer;Volkswagen;;automatisk;2026-07-19;2026-10-09;;https://prislister.volkswagen.dk/leasingpriser;626;nej;231;79,0;baghjul;383;5
2026-10-09;vw-id-3-neo-style-190-hk-udb-5-000-10000-48;Volkswagen;ID.3 Neo;Style 190 hk · udb 5.000;kompakt;el;10000;48;3995;5000;600;197360;4112;309995;15,9;47,8;63,7;C;nej;importoer;Volkswagen;;automatisk;2026-09-28;2026-10-09;;https://prislister.volkswagen.dk/leasingpriser;488;nej;190;58,0;baghjul;383;5
2026-10-09;vw-id-3-neo-style-231-hk-udb-15-000-10000-48;Volkswagen;ID.3 Neo;Style 231 hk · udb 15.000;kompakt;el;10000;48;3795;15000;600;197760;4120;334995;14,8;44,3;59,0;B;nej;importoer;Volkswagen;;automatisk;2026-09-28;2026-10-09;;https://prislister.volkswagen.dk/leasingpriser;624;nej;231;79,0;baghjul;383;5
2026-10-09;vw-id-3-neo-style-231-hk-10000-48;Volkswagen;ID.3 Neo;Style 231 hk;kompakt;el;10000;48;4395;5000;600;216560;4512;334995;16,2;48,5;64,6;C;nej;importoer;Volkswagen;;automatisk;2026-07-19;2026-10-09;;https://prislister.volkswagen.dk/leasingpriser;624;nej;231;79,0;baghjul;383;5
2026-10-09;vw-id-3-neo-trend-170-hk-15000-48;Volkswagen;ID.3 Neo;Trend 170 hk;kompakt;el;15000;48;2495;30000;600;150360;3132;249995;15,0;45,1;60,1;C;nej;importoer;Volkswagen;;automatisk;2026-07-19;2026-10-09;;https://prislister.volkswagen.dk/leasingpriser;415;nej;170;50,0;baghjul;383;5
2026-10-09;vw-id-3-neo-trend-170-hk-udb-15-000-15000-48;Volkswagen;ID.3 Neo;Trend 170 hk · udb 15.000;kompakt;el;15000;48;2895;15000;600;154560;3220;249995;15,5;46,4;61,8;C;nej;importoer;Volkswagen;;automatisk;2026-09-28;2026-10-09;;https://prislister.volkswagen.dk/leasingpriser;415;nej;170;50,0;baghjul;383;5
2026-10-09;vw-id-3-neo-life-170-hk-15000-48;Volkswagen;ID.3 Neo;Life 170 hk;kompakt;el;15000;48;2695;30000;600;159960;3332;264995;15,1;45,3;60,4;C;nej;importoer;Volkswagen;;automatisk;2026-07-19;2026-10-09;;https://prislister.volkswagen.dk/leasingpriser;414;nej;170;50,0;baghjul;383;5
2026-10-09;vw-id-3-neo-life-170-hk-udb-15-000-15000-48;Volkswagen;ID.3 Neo;Life 170 hk · udb 15.000;kompakt;el;15000;48;3095;15000;600;164160;3420;264995;15,5;46,5;61,9;C;nej;importoer;Volkswagen;;automatisk;2026-09-28;2026-10-09;;https://prislister.volkswagen.dk/leasingpriser;414;nej;170;50,0;baghjul;383;5
2026-10-09;vw-id-3-neo-life-190-hk-udb-30-000-15000-48;Volkswagen;ID.3 Neo;Life 190 hk · udb 30.000;kompakt;el;15000;48;2895;30000;600;169560;3532;284995;14,9;44,6;59,5;B;nej;importoer;Volkswagen;;automatisk;2026-09-28;2026-10-09;;https://prislister.volkswagen.dk/leasingpriser;490;nej;190;58,0;baghjul;383;5
2026-10-09;vw-id-3-neo-trend-170-hk-udb-5-000-15000-48;Volkswagen;ID.3 Neo;Trend 170 hk · udb 5.000;kompakt;el;15000;48;3495;5000;600;173360;3612;249995;17,3;52,0;69,3;C;nej;importoer;Volkswagen;;automatisk;2026-09-28;2026-10-09;;https://prislister.volkswagen.dk/leasingpriser;415;nej;170;50,0;baghjul;383;5
2026-10-09;vw-id-3-neo-life-190-hk-udb-15-000-15000-48;Volkswagen;ID.3 Neo;Life 190 hk · udb 15.000;kompakt;el;15000;48;3295;15000;600;173760;3620;284995;15,2;45,7;61,0;C;nej;importoer;Volkswagen;;automatisk;2026-09-28;2026-10-09;;https://prislister.volkswagen.dk/leasingpriser;490;nej;190;58,0;baghjul;383;5
2026-10-09;vw-id-3-neo-life-170-hk-udb-5-000-15000-48;Volkswagen;ID.3 Neo;Life 170 hk · udb 5.000;kompakt;el;15000;48;3695;5000;600;182960;3812;264995;17,3;51,8;69,0;C;nej;importoer;Volkswagen;;automatisk;2026-09-28;2026-10-09;;https://prislister.volkswagen.dk/leasingpriser;414;nej;170;50,0;baghjul;383;5
2026-10-09;vw-id-3-neo-life-231-hk-udb-30-000-15000-48;Volkswagen;ID.3 Neo;Life 231 hk · udb 30.000;kompakt;el;15000;48;3295;30000;600;188760;3932;314995;15,0;44,9;59,9;C;nej;importoer;Volkswagen;;automatisk;2026-09-28;2026-10-09;;https://prislister.volkswagen.dk/leasingpriser;626;nej;231;79,0;baghjul;383;5
2026-10-09;vw-id-3-neo-style-190-hk-15000-48;Volkswagen;ID.3 Neo;Style 190 hk;kompakt;el;15000;48;3295;30000;600;188760;3932;309995;15,2;45,7;60,9;C;nej;importoer;Volkswagen;;automatisk;2026-07-19;2026-10-09;;https://prislister.volkswagen.dk/leasingpriser;488;nej;190;58,0;baghjul;383;5
2026-10-09;vw-id-3-neo-life-190-hk-15000-48;Volkswagen;ID.3 Neo;Life 190 hk;kompakt;el;15000;48;3895;5000;600;192560;4012;284995;16,9;50,7;67,6;C;nej;importoer;Volkswagen;;automatisk;2026-07-19;2026-10-09;;https://prislister.volkswagen.dk/leasingpriser;490;nej;190;58,0;baghjul;383;5
2026-10-09;vw-id-3-neo-life-231-hk-udb-15-000-15000-48;Volkswagen;ID.3 Neo;Life 231 hk · udb 15.000;kompakt;el;15000;48;3695;15000;600;192960;4020;314995;15,3;45,9;61,3;C;nej;importoer;Volkswagen;;automatisk;2026-09-28;2026-10-09;;https://prislister.volkswagen.dk/leasingpriser;626;nej;231;79,0;baghjul;383;5
2026-10-09;vw-id-3-neo-style-190-hk-udb-15-000-15000-48;Volkswagen;ID.3 Neo;Style 190 hk · udb 15.000;kompakt;el;15000;48;3695;15000;600;192960;4020;309995;15,6;46,7;62,2;C;nej;importoer;Volkswagen;;automatisk;2026-09-28;2026-10-09;;https://prislister.volkswagen.dk/leasingpriser;488;nej;190;58,0;baghjul;383;5
2026-10-09;vw-id-3-neo-style-231-hk-udb-30-000-15000-48;Volkswagen;ID.3 Neo;Style 231 hk · udb 30.000;kompakt;el;15000;48;3695;30000;600;207960;4332;334995;15,5;46,6;62,1;C;nej;importoer;Volkswagen;;automatisk;2026-09-28;2026-10-09;;https://prislister.volkswagen.dk/leasingpriser;624;nej;231;79,0;baghjul;383;5
2026-10-09;vw-id-3-neo-life-231-hk-15000-48;Volkswagen;ID.3 Neo;Life 231 hk;kompakt;el;15000;48;4295;5000;600;211760;4412;314995;16,8;50,4;67,2;C;nej;importoer;Volkswagen;;automatisk;2026-07-19;2026-10-09;;https://prislister.volkswagen.dk/leasingpriser;626;nej;231;79,0;baghjul;383;5
2026-10-09;vw-id-3-neo-style-190-hk-udb-5-000-15000-48;Volkswagen;ID.3 Neo;Style 190 hk · udb 5.000;kompakt;el;15000;48;4295;5000;600;211760;4412;309995;17,1;51,2;68,3;C;nej;importoer;Volkswagen;;automatisk;2026-09-28;2026-10-09;;https://prislister.volkswagen.dk/leasingpriser;488;nej;190;58,0;baghjul;383;5
2026-10-09;vw-id-3-neo-style-231-hk-15000-48;Volkswagen;ID.3 Neo;Style 231 hk;kompakt;el;15000;48;4095;15000;600;212160;4420;334995;15,8;47,5;63,3;C;nej;importoer;Volkswagen;;automatisk;2026-07-19;2026-10-09;;https://prislister.volkswagen.dk/leasingpriser;624;nej;231;79,0;baghjul;383;5
2026-10-09;vw-id-3-neo-style-231-hk-udb-5-000-15000-48;Volkswagen;ID.3 Neo;Style 231 hk · udb 5.000;kompakt;el;15000;48;4695;5000;600;230960;4812;334995;17,2;51,7;68,9;C;nej;importoer;Volkswagen;;automatisk;2026-09-28;2026-10-09;;https://prislister.volkswagen.dk/leasingpriser;624;nej;231;79,0;baghjul;383;5
2026-10-09;vw-id-3-neo-trend-170-hk-udb-30-000-20000-48;Volkswagen;ID.3 Neo;Trend 170 hk · udb 30.000;kompakt;el;20000;48;2695;30000;600;159960;3332;249995;16,0;48,0;64,0;C;nej;importoer;Volkswagen;;automatisk;2026-09-28;2026-10-09;;https://prislister.volkswagen.dk/leasingpriser;415;nej;170;50,0;baghjul;383;5
2026-10-09;vw-id-3-neo-trend-170-hk-20000-48;Volkswagen;ID.3 Neo;Trend 170 hk;kompakt;el;20000;48;3095;15000;600;164160;3420;249995;16,4;49,2;65,7;C;nej;importoer;Volkswagen;;automatisk;2026-07-19;2026-10-09;;https://prislister.volkswagen.dk/leasingpriser;415;nej;170;50,0;baghjul;383;5
2026-10-09;vw-id-3-neo-life-170-hk-20000-48;Volkswagen;ID.3 Neo;Life 170 hk;kompakt;el;20000;48;2895;30000;600;169560;3532;264995;16,0;48,0;64,0;C;nej;importoer;Volkswagen;;automatisk;2026-07-19;2026-10-09;;https://prislister.volkswagen.dk/leasingpriser;414;nej;170;50,0;baghjul;383;5
2026-10-09;vw-id-3-neo-life-170-hk-udb-15-000-20000-48;Volkswagen;ID.3 Neo;Life 170 hk · udb 15.000;kompakt;el;20000;48;3295;15000;600;173760;3620;264995;16,4;49,2;65,6;C;nej;importoer;Volkswagen;;automatisk;2026-09-28;2026-10-09;;https://prislister.volkswagen.dk/leasingpriser;414;nej;170;50,0;baghjul;383;5
2026-10-09;vw-id-3-neo-life-190-hk-udb-30-000-20000-48;Volkswagen;ID.3 Neo;Life 190 hk · udb 30.000;kompakt;el;20000;48;3095;30000;600;179160;3732;284995;15,7;47,1;62,9;C;nej;importoer;Volkswagen;;automatisk;2026-09-28;2026-10-09;;https://prislister.volkswagen.dk/leasingpriser;490;nej;190;58,0;baghjul;383;5
2026-10-09;vw-id-3-neo-trend-170-hk-udb-5-000-20000-48;Volkswagen;ID.3 Neo;Trend 170 hk · udb 5.000;kompakt;el;20000;48;3695;5000;600;182960;3812;249995;18,3;54,9;73,2;D;nej;importoer;Volkswagen;;automatisk;2026-09-28;2026-10-09;;https://prislister.volkswagen.dk/leasingpriser;415;nej;170;50,0;baghjul;383;5
2026-10-09;vw-id-3-neo-life-190-hk-udb-15-000-20000-48;Volkswagen;ID.3 Neo;Life 190 hk · udb 15.000;kompakt;el;20000;48;3495;15000;600;183360;3820;284995;16,1;48,3;64,3;C;nej;importoer;Volkswagen;;automatisk;2026-09-28;2026-10-09;;https://prislister.volkswagen.dk/leasingpriser;490;nej;190;58,0;baghjul;383;5
2026-10-09;vw-id-3-neo-life-170-hk-udb-5-000-20000-48;Volkswagen;ID.3 Neo;Life 170 hk · udb 5.000;kompakt;el;20000;48;3895;5000;600;192560;4012;264995;18,2;54,5;72,7;D;nej;importoer;Volkswagen;;automatisk;2026-09-28;2026-10-09;;https://prislister.volkswagen.dk/leasingpriser;414;nej;170;50,0;baghjul;383;5
2026-10-09;vw-id-3-neo-life-190-hk-20000-48;Volkswagen;ID.3 Neo;Life 190 hk;kompakt;el;20000;48;3995;5000;600;197360;4112;284995;17,3;51,9;69,3;C;nej;importoer;Volkswagen;;automatisk;2026-07-19;2026-10-09;;https://prislister.volkswagen.dk/leasingpriser;490;nej;190;58,0;baghjul;383;5
2026-10-09;vw-id-3-neo-life-231-hk-20000-48;Volkswagen;ID.3 Neo;Life 231 hk;kompakt;el;20000;48;3495;30000;600;198360;4132;314995;15,7;47,2;63,0;C;nej;importoer;Volkswagen;;automatisk;2026-07-19;2026-10-09;;https://prislister.volkswagen.dk/leasingpriser;626;nej;231;79,0;baghjul;383;5
2026-10-09;vw-id-3-neo-style-190-hk-20000-48;Volkswagen;ID.3 Neo;Style 190 hk;kompakt;el;20000;48;3495;30000;600;198360;4132;309995;16,0;48,0;64,0;C;nej;importoer;Volkswagen;;automatisk;2026-07-19;2026-10-09;;https://prislister.volkswagen.dk/leasingpriser;488;nej;190;58,0;baghjul;383;5
2026-10-09;vw-id-3-neo-life-231-hk-udb-15-000-20000-48;Volkswagen;ID.3 Neo;Life 231 hk · udb 15.000;kompakt;el;20000;48;3895;15000;600;202560;4220;314995;16,1;48,2;64,3;C;nej;importoer;Volkswagen;;automatisk;2026-09-28;2026-10-09;;https://prislister.volkswagen.dk/leasingpriser;626;nej;231;79,0;baghjul;383;5
2026-10-09;vw-id-3-neo-style-190-hk-udb-15-000-20000-48;Volkswagen;ID.3 Neo;Style 190 hk · udb 15.000;kompakt;el;20000;48;3895;15000;600;202560;4220;309995;16,3;49,0;65,3;C;nej;importoer;Volkswagen;;automatisk;2026-09-28;2026-10-09;;https://prislister.volkswagen.dk/leasingpriser;488;nej;190;58,0;baghjul;383;5
2026-10-09;vw-id-3-neo-style-231-hk-udb-30-000-20000-48;Volkswagen;ID.3 Neo;Style 231 hk · udb 30.000;kompakt;el;20000;48;3895;30000;600;217560;4532;334995;16,2;48,7;64,9;C;nej;importoer;Volkswagen;;automatisk;2026-09-28;2026-10-09;;https://prislister.volkswagen.dk/leasingpriser;624;nej;231;79,0;baghjul;383;5
2026-10-09;vw-id-3-neo-life-231-hk-udb-5-000-20000-48;Volkswagen;ID.3 Neo;Life 231 hk · udb 5.000;kompakt;el;20000;48;4495;5000;600;221360;4612;314995;17,6;52,7;70,3;C;nej;importoer;Volkswagen;;automatisk;2026-09-28;2026-10-09;;https://prislister.volkswagen.dk/leasingpriser;626;nej;231;79,0;baghjul;383;5
2026-10-09;vw-id-3-neo-style-190-hk-udb-5-000-20000-48;Volkswagen;ID.3 Neo;Style 190 hk · udb 5.000;kompakt;el;20000;48;4495;5000;600;221360;4612;309995;17,9;53,6;71,4;C;nej;importoer;Volkswagen;;automatisk;2026-09-28;2026-10-09;;https://prislister.volkswagen.dk/leasingpriser;488;nej;190;58,0;baghjul;383;5
2026-10-09;vw-id-3-neo-style-231-hk-20000-48;Volkswagen;ID.3 Neo;Style 231 hk;kompakt;el;20000;48;4295;15000;600;221760;4620;334995;16,5;49,6;66,2;C;nej;importoer;Volkswagen;;automatisk;2026-07-19;2026-10-09;;https://prislister.volkswagen.dk/leasingpriser;624;nej;231;79,0;baghjul;383;5
2026-10-09;vw-id-3-neo-style-231-hk-udb-5-000-20000-48;Volkswagen;ID.3 Neo;Style 231 hk · udb 5.000;kompakt;el;20000;48;4895;5000;600;240560;5012;334995;18,0;53,9;71,8;D;nej;importoer;Volkswagen;;automatisk;2026-09-28;2026-10-09;;https://prislister.volkswagen.dk/leasingpriser;624;nej;231;79,0;baghjul;383;5
2026-10-09;vw-id-3-neo-trend-170-hk-25000-48;Volkswagen;ID.3 Neo;Trend 170 hk;kompakt;el;25000;48;2995;30000;600;174360;3632;249995;17,4;52,3;69,7;C;nej;importoer;Volkswagen;;automatisk;2026-07-19;2026-10-09;;https://prislister.volkswagen.dk/leasingpriser;415;nej;170;50,0;baghjul;383;5
2026-10-09;vw-id-3-neo-trend-170-hk-udb-15-000-25000-48;Volkswagen;ID.3 Neo;Trend 170 hk · udb 15.000;kompakt;el;25000;48;3395;15000;600;178560;3720;249995;17,9;53,6;71,4;C;nej;importoer;Volkswagen;;automatisk;2026-09-28;2026-10-09;;https://prislister.volkswagen.dk/leasingpriser;415;nej;170;50,0;baghjul;383;5
2026-10-09;vw-id-3-neo-life-170-hk-udb-30-000-25000-48;Volkswagen;ID.3 Neo;Life 170 hk · udb 30.000;kompakt;el;25000;48;3195;30000;600;183960;3832;264995;17,4;52,1;69,4;C;nej;importoer;Volkswagen;;automatisk;2026-09-28;2026-10-09;;https://prislister.volkswagen.dk/leasingpriser;414;nej;170;50,0;baghjul;383;5
2026-10-09;vw-id-3-neo-life-170-hk-25000-48;Volkswagen;ID.3 Neo;Life 170 hk;kompakt;el;25000;48;3595;15000;600;188160;3920;264995;17,8;53,3;71,0;C;nej;importoer;Volkswagen;;automatisk;2026-07-19;2026-10-09;;https://prislister.volkswagen.dk/leasingpriser;414;nej;170;50,0;baghjul;383;5
2026-10-09;vw-id-3-neo-trend-170-hk-udb-5-000-25000-48;Volkswagen;ID.3 Neo;Trend 170 hk · udb 5.000;kompakt;el;25000;48;3895;5000;600;192560;4012;249995;19,3;57,8;77,0;D;nej;importoer;Volkswagen;;automatisk;2026-09-28;2026-10-09;;https://prislister.volkswagen.dk/leasingpriser;415;nej;170;50,0;baghjul;383;5
2026-10-09;vw-id-3-neo-life-190-hk-udb-30-000-25000-48;Volkswagen;ID.3 Neo;Life 190 hk · udb 30.000;kompakt;el;25000;48;3395;30000;600;193560;4032;284995;17,0;50,9;67,9;C;nej;importoer;Volkswagen;;automatisk;2026-09-28;2026-10-09;;https://prislister.volkswagen.dk/leasingpriser;490;nej;190;58,0;baghjul;383;5
2026-10-09;vw-id-3-neo-life-190-hk-25000-48;Volkswagen;ID.3 Neo;Life 190 hk;kompakt;el;25000;48;3795;15000;600;197760;4120;284995;17,3;52,0;69,4;C;nej;importoer;Volkswagen;;automatisk;2026-07-19;2026-10-09;;https://prislister.volkswagen.dk/leasingpriser;490;nej;190;58,0;baghjul;383;5
2026-10-09;vw-id-3-neo-life-170-hk-udb-5-000-25000-48;Volkswagen;ID.3 Neo;Life 170 hk · udb 5.000;kompakt;el;25000;48;4195;5000;600;206960;4312;264995;19,5;58,6;78,1;D;nej;importoer;Volkswagen;;automatisk;2026-09-28;2026-10-09;;https://prislister.volkswagen.dk/leasingpriser;414;nej;170;50,0;baghjul;383;5
2026-10-09;vw-id-3-neo-life-190-hk-udb-5-000-25000-48;Volkswagen;ID.3 Neo;Life 190 hk · udb 5.000;kompakt;el;25000;48;4295;5000;600;211760;4412;284995;18,6;55,7;74,3;D;nej;importoer;Volkswagen;;automatisk;2026-09-28;2026-10-09;;https://prislister.volkswagen.dk/leasingpriser;490;nej;190;58,0;baghjul;383;5
2026-10-09;vw-id-3-neo-life-231-hk-25000-48;Volkswagen;ID.3 Neo;Life 231 hk;kompakt;el;25000;48;3795;30000;600;212760;4432;314995;16,9;50,7;67,5;C;nej;importoer;Volkswagen;;automatisk;2026-07-19;2026-10-09;;https://prislister.volkswagen.dk/leasingpriser;626;nej;231;79,0;baghjul;383;5
2026-10-09;vw-id-3-neo-style-190-hk-udb-30-000-25000-48;Volkswagen;ID.3 Neo;Style 190 hk · udb 30.000;kompakt;el;25000;48;3795;30000;600;212760;4432;309995;17,2;51,5;68,6;C;nej;importoer;Volkswagen;;automatisk;2026-09-28;2026-10-09;;https://prislister.volkswagen.dk/leasingpriser;488;nej;190;58,0;baghjul;383;5
2026-10-09;vw-id-3-neo-life-231-hk-udb-15-000-25000-48;Volkswagen;ID.3 Neo;Life 231 hk · udb 15.000;kompakt;el;25000;48;4195;15000;600;216960;4520;314995;17,2;51,7;68,9;C;nej;importoer;Volkswagen;;automatisk;2026-09-28;2026-10-09;;https://prislister.volkswagen.dk/leasingpriser;626;nej;231;79,0;baghjul;383;5
2026-10-09;vw-id-3-neo-style-190-hk-udb-15-000-25000-48;Volkswagen;ID.3 Neo;Style 190 hk · udb 15.000;kompakt;el;25000;48;4195;15000;600;216960;4520;309995;17,5;52,5;70,0;C;nej;importoer;Volkswagen;;automatisk;2026-09-28;2026-10-09;;https://prislister.volkswagen.dk/leasingpriser;488;nej;190;58,0;baghjul;383;5
2026-10-09;vw-id-3-neo-life-231-hk-udb-5-000-25000-48;Volkswagen;ID.3 Neo;Life 231 hk · udb 5.000;kompakt;el;25000;48;4795;5000;600;235760;4912;314995;18,7;56,1;74,8;D;nej;importoer;Volkswagen;;automatisk;2026-09-28;2026-10-09;;https://prislister.volkswagen.dk/leasingpriser;626;nej;231;79,0;baghjul;383;5
2026-10-09;vw-id-3-neo-style-190-hk-25000-48;Volkswagen;ID.3 Neo;Style 190 hk;kompakt;el;25000;48;4795;5000;600;235760;4912;309995;19,0;57,0;76,1;D;nej;importoer;Volkswagen;;automatisk;2026-07-19;2026-10-09;;https://prislister.volkswagen.dk/leasingpriser;488;nej;190;58,0;baghjul;383;5
2026-10-09;vw-id-3-neo-style-231-hk-udb-30-000-25000-48;Volkswagen;ID.3 Neo;Style 231 hk · udb 30.000;kompakt;el;25000;48;4295;30000;600;236760;4932;334995;17,7;53,0;70,7;C;nej;importoer;Volkswagen;;automatisk;2026-09-28;2026-10-09;;https://prislister.volkswagen.dk/leasingpriser;624;nej;231;79,0;baghjul;383;5
2026-10-09;vw-id-3-neo-style-231-hk-25000-48;Volkswagen;ID.3 Neo;Style 231 hk;kompakt;el;25000;48;4695;15000;600;240960;5020;334995;18,0;53,9;71,9;D;nej;importoer;Volkswagen;;automatisk;2026-07-19;2026-10-09;;https://prislister.volkswagen.dk/leasingpriser;624;nej;231;79,0;baghjul;383;5
2026-10-09;vw-id-3-neo-style-231-hk-udb-5-000-25000-48;Volkswagen;ID.3 Neo;Style 231 hk · udb 5.000;kompakt;el;25000;48;5195;5000;600;254960;5312;334995;19,0;57,1;76,1;D;nej;importoer;Volkswagen;;automatisk;2026-09-28;2026-10-09;;https://prislister.volkswagen.dk/leasingpriser;624;nej;231;79,0;baghjul;383;5
2026-10-09;vw-id-3-neo-trend-170-hk-udb-30-000-30000-48;Volkswagen;ID.3 Neo;Trend 170 hk · udb 30.000;kompakt;el;30000;48;3195;30000;600;183960;3832;249995;18,4;55,2;73,6;D;nej;importoer;Volkswagen;;automatisk;2026-09-28;2026-10-09;;https://prislister.volkswagen.dk/leasingpriser;415;nej;170;50,0;baghjul;383;5
2026-10-09;vw-id-3-neo-trend-170-hk-udb-15-000-30000-48;Volkswagen;ID.3 Neo;Trend 170 hk · udb 15.000;kompakt;el;30000;48;3595;15000;600;188160;3920;249995;18,8;56,4;75,3;D;nej;importoer;Volkswagen;;automatisk;2026-09-28;2026-10-09;;https://prislister.volkswagen.dk/leasingpriser;415;nej;170;50,0;baghjul;383;5
2026-10-09;vw-id-3-neo-life-170-hk-30000-48;Volkswagen;ID.3 Neo;Life 170 hk;kompakt;el;30000;48;3395;30000;600;193560;4032;264995;18,3;54,8;73,0;D;nej;importoer;Volkswagen;;automatisk;2026-07-19;2026-10-09;;https://prislister.volkswagen.dk/leasingpriser;414;nej;170;50,0;baghjul;383;5
2026-10-09;vw-id-3-neo-life-170-hk-udb-15-000-30000-48;Volkswagen;ID.3 Neo;Life 170 hk · udb 15.000;kompakt;el;30000;48;3795;15000;600;197760;4120;264995;18,7;56,0;74,6;D;nej;importoer;Volkswagen;;automatisk;2026-09-28;2026-10-09;;https://prislister.volkswagen.dk/leasingpriser;414;nej;170;50,0;baghjul;383;5
2026-10-09;vw-id-3-neo-trend-170-hk-30000-48;Volkswagen;ID.3 Neo;Trend 170 hk;kompakt;el;30000;48;4095;5000;600;202160;4212;249995;20,2;60,7;80,9;E;nej;importoer;Volkswagen;;automatisk;2026-07-19;2026-10-09;;https://prislister.volkswagen.dk/leasingpriser;415;nej;170;50,0;baghjul;383;5
2026-10-09;vw-id-3-neo-life-190-hk-30000-48;Volkswagen;ID.3 Neo;Life 190 hk;kompakt;el;30000;48;3595;30000;600;203160;4232;284995;17,8;53,5;71,3;C;nej;importoer;Volkswagen;;automatisk;2026-07-19;2026-10-09;;https://prislister.volkswagen.dk/leasingpriser;490;nej;190;58,0;baghjul;383;5
2026-10-09;vw-id-3-neo-life-190-hk-udb-15-000-30000-48;Volkswagen;ID.3 Neo;Life 190 hk · udb 15.000;kompakt;el;30000;48;3995;15000;600;207360;4320;284995;18,2;54,6;72,8;D;nej;importoer;Volkswagen;;automatisk;2026-09-28;2026-10-09;;https://prislister.volkswagen.dk/leasingpriser;490;nej;190;58,0;baghjul;383;5
2026-10-09;vw-id-3-neo-life-170-hk-udb-5-000-30000-48;Volkswagen;ID.3 Neo;Life 170 hk · udb 5.000;kompakt;el;30000;48;4395;5000;600;216560;4512;264995;20,4;61,3;81,7;E;nej;importoer;Volkswagen;;automatisk;2026-09-28;2026-10-09;;https://prislister.volkswagen.dk/leasingpriser;414;nej;170;50,0;baghjul;383;5
2026-10-09;vw-id-3-neo-style-190-hk-30000-48;Volkswagen;ID.3 Neo;Style 190 hk;kompakt;el;30000;48;3995;30000;600;222360;4632;309995;17,9;53,8;71,7;C;nej;importoer;Volkswagen;;automatisk;2026-07-19;2026-10-09;;https://prislister.volkswagen.dk/leasingpriser;488;nej;190;58,0;baghjul;383;5
2026-10-09;vw-id-3-neo-life-190-hk-udb-5-000-30000-48;Volkswagen;ID.3 Neo;Life 190 hk · udb 5.000;kompakt;el;30000;48;4595;5000;600;226160;4712;284995;19,8;59,5;79,4;D;nej;importoer;Volkswagen;;automatisk;2026-09-28;2026-10-09;;https://prislister.volkswagen.dk/leasingpriser;490;nej;190;58,0;baghjul;383;5
2026-10-09;vw-id-3-neo-style-190-hk-udb-15-000-30000-48;Volkswagen;ID.3 Neo;Style 190 hk · udb 15.000;kompakt;el;30000;48;4395;15000;600;226560;4720;309995;18,3;54,8;73,1;D;nej;importoer;Volkswagen;;automatisk;2026-09-28;2026-10-09;;https://prislister.volkswagen.dk/leasingpriser;488;nej;190;58,0;baghjul;383;5
2026-10-09;vw-id-3-neo-life-231-hk-udb-30-000-30000-48;Volkswagen;ID.3 Neo;Life 231 hk · udb 30.000;kompakt;el;30000;48;4095;30000;600;227160;4732;314995;18,0;54,1;72,1;D;nej;importoer;Volkswagen;;automatisk;2026-09-28;2026-10-09;;https://prislister.volkswagen.dk/leasingpriser;626;nej;231;79,0;baghjul;383;5
2026-10-09;vw-id-3-neo-life-231-hk-udb-15-000-30000-48;Volkswagen;ID.3 Neo;Life 231 hk · udb 15.000;kompakt;el;30000;48;4495;15000;600;231360;4820;314995;18,4;55,1;73,4;D;nej;importoer;Volkswagen;;automatisk;2026-09-28;2026-10-09;;https://prislister.volkswagen.dk/leasingpriser;626;nej;231;79,0;baghjul;383;5
2026-10-09;vw-id-3-neo-life-231-hk-30000-48;Volkswagen;ID.3 Neo;Life 231 hk;kompakt;el;30000;48;4995;5000;600;245360;5112;314995;19,5;58,4;77,9;D;nej;importoer;Volkswagen;;automatisk;2026-07-19;2026-10-09;;https://prislister.volkswagen.dk/leasingpriser;626;nej;231;79,0;baghjul;383;5
2026-10-09;vw-id-3-neo-style-190-hk-udb-5-000-30000-48;Volkswagen;ID.3 Neo;Style 190 hk · udb 5.000;kompakt;el;30000;48;4995;5000;600;245360;5112;309995;19,8;59,4;79,1;D;nej;importoer;Volkswagen;;automatisk;2026-09-28;2026-10-09;;https://prislister.volkswagen.dk/leasingpriser;488;nej;190;58,0;baghjul;383;5
2026-10-09;vw-id-3-neo-style-231-hk-udb-30-000-30000-48;Volkswagen;ID.3 Neo;Style 231 hk · udb 30.000;kompakt;el;30000;48;4495;30000;600;246360;5132;334995;18,4;55,2;73,5;D;nej;importoer;Volkswagen;;automatisk;2026-09-28;2026-10-09;;https://prislister.volkswagen.dk/leasingpriser;624;nej;231;79,0;baghjul;383;5
2026-10-09;vw-id-3-neo-style-231-hk-udb-15-000-30000-48;Volkswagen;ID.3 Neo;Style 231 hk · udb 15.000;kompakt;el;30000;48;4895;15000;600;250560;5220;334995;18,7;56,1;74,8;D;nej;importoer;Volkswagen;;automatisk;2026-09-28;2026-10-09;;https://prislister.volkswagen.dk/leasingpriser;624;nej;231;79,0;baghjul;383;5
2026-10-09;vw-id-3-neo-style-231-hk-30000-48;Volkswagen;ID.3 Neo;Style 231 hk;kompakt;el;30000;48;5495;5000;600;269360;5612;334995;20,1;60,3;80,4;E;nej;importoer;Volkswagen;;automatisk;2026-07-19;2026-10-09;;https://prislister.volkswagen.dk/leasingpriser;624;nej;231;79,0;baghjul;383;5
2026-10-09;vw-id-3-neo-trend-170-hk-udb-30-000-40000-48;Volkswagen;ID.3 Neo;Trend 170 hk · udb 30.000;kompakt;el;40000;48;3595;30000;600;203160;4232;249995;20,3;60,9;81,3;E;nej;importoer;Volkswagen;;automatisk;2026-09-28;2026-10-09;;https://prislister.volkswagen.dk/leasingpriser;415;nej;170;50,0;baghjul;383;5
2026-10-09;vw-id-3-neo-trend-170-hk-udb-15-000-40000-48;Volkswagen;ID.3 Neo;Trend 170 hk · udb 15.000;kompakt;el;40000;48;3995;15000;600;207360;4320;249995;20,7;62,2;82,9;E;nej;importoer;Volkswagen;;automatisk;2026-09-28;2026-10-09;;https://prislister.volkswagen.dk/leasingpriser;415;nej;170;50,0;baghjul;383;5
2026-10-09;vw-id-3-neo-life-170-hk-udb-30-000-40000-48;Volkswagen;ID.3 Neo;Life 170 hk · udb 30.000;kompakt;el;40000;48;3895;30000;600;217560;4532;264995;20,5;61,6;82,1;E;nej;importoer;Volkswagen;;automatisk;2026-09-28;2026-10-09;;https://prislister.volkswagen.dk/leasingpriser;414;nej;170;50,0;baghjul;383;5
2026-10-09;vw-id-3-neo-life-170-hk-udb-15-000-40000-48;Volkswagen;ID.3 Neo;Life 170 hk · udb 15.000;kompakt;el;40000;48;4295;15000;600;221760;4620;264995;20,9;62,8;83,7;E;nej;importoer;Volkswagen;;automatisk;2026-09-28;2026-10-09;;https://prislister.volkswagen.dk/leasingpriser;414;nej;170;50,0;baghjul;383;5
2026-10-09;vw-id-3-neo-trend-170-hk-40000-48;Volkswagen;ID.3 Neo;Trend 170 hk;kompakt;el;40000;48;4595;5000;600;226160;4712;249995;22,6;67,9;90,5;E;nej;importoer;Volkswagen;;automatisk;2026-07-19;2026-10-09;;https://prislister.volkswagen.dk/leasingpriser;415;nej;170;50,0;baghjul;383;5
2026-10-09;vw-id-3-neo-life-190-hk-udb-30-000-40000-48;Volkswagen;ID.3 Neo;Life 190 hk · udb 30.000;kompakt;el;40000;48;4095;30000;600;227160;4732;284995;19,9;59,8;79,7;D;nej;importoer;Volkswagen;;automatisk;2026-09-28;2026-10-09;;https://prislister.volkswagen.dk/leasingpriser;490;nej;190;58,0;baghjul;383;5
2026-10-09;vw-id-3-neo-life-190-hk-udb-15-000-40000-48;Volkswagen;ID.3 Neo;Life 190 hk · udb 15.000;kompakt;el;40000;48;4495;15000;600;231360;4820;284995;20,3;60,9;81,2;E;nej;importoer;Volkswagen;;automatisk;2026-09-28;2026-10-09;;https://prislister.volkswagen.dk/leasingpriser;490;nej;190;58,0;baghjul;383;5
2026-10-09;vw-id-3-neo-life-170-hk-40000-48;Volkswagen;ID.3 Neo;Life 170 hk;kompakt;el;40000;48;4795;5000;600;235760;4912;264995;22,2;66,7;89,0;E;nej;importoer;Volkswagen;;automatisk;2026-07-19;2026-10-09;;https://prislister.volkswagen.dk/leasingpriser;414;nej;170;50,0;baghjul;383;5
2026-10-09;vw-id-3-neo-life-190-hk-40000-48;Volkswagen;ID.3 Neo;Life 190 hk;kompakt;el;40000;48;4995;5000;600;245360;5112;284995;21,5;64,6;86,1;E;nej;importoer;Volkswagen;;automatisk;2026-07-19;2026-10-09;;https://prislister.volkswagen.dk/leasingpriser;490;nej;190;58,0;baghjul;383;5
2026-10-09;vw-id-3-neo-life-231-hk-udb-30-000-40000-48;Volkswagen;ID.3 Neo;Life 231 hk · udb 30.000;kompakt;el;40000;48;4595;30000;600;251160;5232;314995;19,9;59,8;79,7;D;nej;importoer;Volkswagen;;automatisk;2026-09-28;2026-10-09;;https://prislister.volkswagen.dk/leasingpriser;626;nej;231;79,0;baghjul;383;5
2026-10-09;vw-id-3-neo-style-190-hk-40000-48;Volkswagen;ID.3 Neo;Style 190 hk;kompakt;el;40000;48;4595;30000;600;251160;5232;309995;20,3;60,8;81,0;E;nej;importoer;Volkswagen;;automatisk;2026-07-19;2026-10-09;;https://prislister.volkswagen.dk/leasingpriser;488;nej;190;58,0;baghjul;383;5
2026-10-09;vw-id-3-neo-life-231-hk-udb-15-000-40000-48;Volkswagen;ID.3 Neo;Life 231 hk · udb 15.000;kompakt;el;40000;48;4995;15000;600;255360;5320;314995;20,3;60,8;81,1;E;nej;importoer;Volkswagen;;automatisk;2026-09-28;2026-10-09;;https://prislister.volkswagen.dk/leasingpriser;626;nej;231;79,0;baghjul;383;5
2026-10-09;vw-id-3-neo-style-190-hk-udb-15-000-40000-48;Volkswagen;ID.3 Neo;Style 190 hk · udb 15.000;kompakt;el;40000;48;4995;15000;600;255360;5320;309995;20,6;61,8;82,4;E;nej;importoer;Volkswagen;;automatisk;2026-09-28;2026-10-09;;https://prislister.volkswagen.dk/leasingpriser;488;nej;190;58,0;baghjul;383;5
2026-10-09;vw-id-3-neo-life-231-hk-40000-48;Volkswagen;ID.3 Neo;Life 231 hk;kompakt;el;40000;48;5495;5000;600;269360;5612;314995;21,4;64,1;85,5;E;nej;importoer;Volkswagen;;automatisk;2026-07-19;2026-10-09;;https://prislister.volkswagen.dk/leasingpriser;626;nej;231;79,0;baghjul;383;5
2026-10-09;vw-id-3-neo-style-190-hk-udb-5-000-40000-48;Volkswagen;ID.3 Neo;Style 190 hk · udb 5.000;kompakt;el;40000;48;5495;5000;600;269360;5612;309995;21,7;65,2;86,9;E;nej;importoer;Volkswagen;;automatisk;2026-09-28;2026-10-09;;https://prislister.volkswagen.dk/leasingpriser;488;nej;190;58,0;baghjul;383;5
2026-10-09;vw-id-3-neo-style-231-hk-udb-30-000-40000-48;Volkswagen;ID.3 Neo;Style 231 hk · udb 30.000;kompakt;el;40000;48;4995;30000;600;270360;5632;334995;20,2;60,5;80,7;E;nej;importoer;Volkswagen;;automatisk;2026-09-28;2026-10-09;;https://prislister.volkswagen.dk/leasingpriser;624;nej;231;79,0;baghjul;383;5
2026-10-09;vw-id-3-neo-style-231-hk-40000-48;Volkswagen;ID.3 Neo;Style 231 hk;kompakt;el;40000;48;5395;15000;600;274560;5720;334995;20,5;61,5;82,0;E;nej;importoer;Volkswagen;;automatisk;2026-07-19;2026-10-09;;https://prislister.volkswagen.dk/leasingpriser;624;nej;231;79,0;baghjul;383;5
2026-10-09;vw-id-3-neo-style-231-hk-udb-5-000-40000-48;Volkswagen;ID.3 Neo;Style 231 hk · udb 5.000;kompakt;el;40000;48;5995;5000;600;293360;6112;334995;21,9;65,7;87,6;E;nej;importoer;Volkswagen;;automatisk;2026-09-28;2026-10-09;;https://prislister.volkswagen.dk/leasingpriser;624;nej;231;79,0;baghjul;383;5
2026-10-09;vw-id-3-neo-trend-170-hk-50000-48;Volkswagen;ID.3 Neo;Trend 170 hk;kompakt;el;50000;48;3895;30000;600;217560;4532;249995;21,8;65,3;87,0;E;nej;importoer;Volkswagen;;automatisk;2026-07-19;2026-10-09;;https://prislister.volkswagen.dk/leasingpriser;415;nej;170;50,0;baghjul;383;5
2026-10-09;vw-id-3-neo-trend-170-hk-udb-15-000-50000-48;Volkswagen;ID.3 Neo;Trend 170 hk · udb 15.000;kompakt;el;50000;48;4295;15000;600;221760;4620;249995;22,2;66,5;88,7;E;nej;importoer;Volkswagen;;automatisk;2026-09-28;2026-10-09;;https://prislister.volkswagen.dk/leasingpriser;415;nej;170;50,0;baghjul;383;5
2026-10-09;vw-id-3-neo-life-170-hk-udb-30-000-50000-48;Volkswagen;ID.3 Neo;Life 170 hk · udb 30.000;kompakt;el;50000;48;4195;30000;600;231960;4832;264995;21,9;65,6;87,5;E;nej;importoer;Volkswagen;;automatisk;2026-09-28;2026-10-09;;https://prislister.volkswagen.dk/leasingpriser;414;nej;170;50,0;baghjul;383;5
2026-10-09;vw-id-3-neo-life-170-hk-50000-48;Volkswagen;ID.3 Neo;Life 170 hk;kompakt;el;50000;48;4595;15000;600;236160;4920;264995;22,3;66,8;89,1;E;nej;importoer;Volkswagen;;automatisk;2026-07-19;2026-10-09;;https://prislister.volkswagen.dk/leasingpriser;414;nej;170;50,0;baghjul;383;5
2026-10-09;vw-id-3-neo-trend-170-hk-udb-5-000-50000-48;Volkswagen;ID.3 Neo;Trend 170 hk · udb 5.000;kompakt;el;50000;48;4895;5000;600;240560;5012;249995;24,1;72,2;96,2;E;nej;importoer;Volkswagen;;automatisk;2026-09-28;2026-10-09;;https://prislister.volkswagen.dk/leasingpriser;415;nej;170;50,0;baghjul;383;5
2026-10-09;vw-id-3-neo-life-190-hk-udb-30-000-50000-48;Volkswagen;ID.3 Neo;Life 190 hk · udb 30.000;kompakt;el;50000;48;4395;30000;600;241560;5032;284995;21,2;63,6;84,8;E;nej;importoer;Volkswagen;;automatisk;2026-09-28;2026-10-09;;https://prislister.volkswagen.dk/leasingpriser;490;nej;190;58,0;baghjul;383;5
2026-10-09;vw-id-3-neo-life-190-hk-udb-15-000-50000-48;Volkswagen;ID.3 Neo;Life 190 hk · udb 15.000;kompakt;el;50000;48;4795;15000;600;245760;5120;284995;21,6;64,7;86,2;E;nej;importoer;Volkswagen;;automatisk;2026-09-28;2026-10-09;;https://prislister.volkswagen.dk/leasingpriser;490;nej;190;58,0;baghjul;383;5
2026-10-09;vw-id-3-neo-life-170-hk-udb-5-000-50000-48;Volkswagen;ID.3 Neo;Life 170 hk · udb 5.000;kompakt;el;50000;48;5095;5000;600;250160;5212;264995;23,6;70,8;94,4;E;nej;importoer;Volkswagen;;automatisk;2026-09-28;2026-10-09;;https://prislister.volkswagen.dk/leasingpriser;414;nej;170;50,0;baghjul;383;5
2026-10-09;vw-id-3-neo-life-190-hk-50000-48;Volkswagen;ID.3 Neo;Life 190 hk;kompakt;el;50000;48;5395;5000;600;264560;5512;284995;23,2;69,6;92,8;E;nej;importoer;Volkswagen;;automatisk;2026-07-19;2026-10-09;;https://prislister.volkswagen.dk/leasingpriser;490;nej;190;58,0;baghjul;383;5
2026-10-09;vw-id-3-neo-life-231-hk-udb-30-000-50000-48;Volkswagen;ID.3 Neo;Life 231 hk · udb 30.000;kompakt;el;50000;48;4895;30000;600;265560;5532;314995;21,1;63,2;84,3;E;nej;importoer;Volkswagen;;automatisk;2026-09-28;2026-10-09;;https://prislister.volkswagen.dk/leasingpriser;626;nej;231;79,0;baghjul;383;5
2026-10-09;vw-id-3-neo-style-190-hk-udb-30-000-50000-48;Volkswagen;ID.3 Neo;Style 190 hk · udb 30.000;kompakt;el;50000;48;4895;30000;600;265560;5532;309995;21,4;64,2;85,7;E;nej;importoer;Volkswagen;;automatisk;2026-09-28;2026-10-09;;https://prislister.volkswagen.dk/leasingpriser;488;nej;190;58,0;baghjul;383;5
2026-10-09;vw-id-3-neo-life-231-hk-50000-48;Volkswagen;ID.3 Neo;Life 231 hk;kompakt;el;50000;48;5295;15000;600;269760;5620;314995;21,4;64,2;85,6;E;nej;importoer;Volkswagen;;automatisk;2026-07-19;2026-10-09;;https://prislister.volkswagen.dk/leasingpriser;626;nej;231;79,0;baghjul;383;5
2026-10-09;vw-id-3-neo-style-190-hk-50000-48;Volkswagen;ID.3 Neo;Style 190 hk;kompakt;el;50000;48;5295;15000;600;269760;5620;309995;21,8;65,3;87,0;E;nej;importoer;Volkswagen;;automatisk;2026-07-19;2026-10-09;;https://prislister.volkswagen.dk/leasingpriser;488;nej;190;58,0;baghjul;383;5
2026-10-09;vw-id-3-neo-style-190-hk-udb-5-000-50000-48;Volkswagen;ID.3 Neo;Style 190 hk · udb 5.000;kompakt;el;50000;48;5795;5000;600;283760;5912;309995;22,9;68,7;91,5;E;nej;importoer;Volkswagen;;automatisk;2026-09-28;2026-10-09;;https://prislister.volkswagen.dk/leasingpriser;488;nej;190;58,0;baghjul;383;5
2026-10-09;vw-id-3-neo-life-231-hk-udb-5-000-50000-48;Volkswagen;ID.3 Neo;Life 231 hk · udb 5.000;kompakt;el;50000;48;5895;5000;600;288560;6012;314995;22,9;68,7;91,6;E;nej;importoer;Volkswagen;;automatisk;2026-09-28;2026-10-09;;https://prislister.volkswagen.dk/leasingpriser;626;nej;231;79,0;baghjul;383;5
2026-10-09;vw-id-3-neo-style-231-hk-50000-48;Volkswagen;ID.3 Neo;Style 231 hk;kompakt;el;50000;48;5395;30000;600;289560;6032;334995;21,6;64,8;86,4;E;nej;importoer;Volkswagen;;automatisk;2026-07-19;2026-10-09;;https://prislister.volkswagen.dk/leasingpriser;624;nej;231;79,0;baghjul;383;5
2026-10-09;vw-id-3-neo-style-231-hk-udb-15-000-50000-48;Volkswagen;ID.3 Neo;Style 231 hk · udb 15.000;kompakt;el;50000;48;5795;15000;600;293760;6120;334995;21,9;65,8;87,7;E;nej;importoer;Volkswagen;;automatisk;2026-09-28;2026-10-09;;https://prislister.volkswagen.dk/leasingpriser;624;nej;231;79,0;baghjul;383;5
2026-10-09;vw-id-3-neo-style-231-hk-udb-5-000-50000-48;Volkswagen;ID.3 Neo;Style 231 hk · udb 5.000;kompakt;el;50000;48;6295;5000;600;307760;6412;334995;23,0;68,9;91,9;E;nej;importoer;Volkswagen;;automatisk;2026-09-28;2026-10-09;;https://prislister.volkswagen.dk/leasingpriser;624;nej;231;79,0;baghjul;383;5
2026-10-09;vw-id-3-neo-trend-170-hk-55000-48;Volkswagen;ID.3 Neo;Trend 170 hk;kompakt;el;55000;48;3995;30000;600;222360;4632;249995;22,2;66,7;88,9;E;nej;importoer;Volkswagen;;automatisk;2026-07-19;2026-10-09;;https://prislister.volkswagen.dk/leasingpriser;415;nej;170;50,0;baghjul;383;5
2026-10-09;vw-id-3-neo-trend-170-hk-udb-15-000-55000-48;Volkswagen;ID.3 Neo;Trend 170 hk · udb 15.000;kompakt;el;55000;48;4395;15000;600;226560;4720;249995;22,7;68,0;90,6;E;nej;importoer;Volkswagen;;automatisk;2026-09-28;2026-10-09;;https://prislister.volkswagen.dk/leasingpriser;415;nej;170;50,0;baghjul;383;5
2026-10-09;vw-id-3-neo-life-170-hk-udb-30-000-55000-48;Volkswagen;ID.3 Neo;Life 170 hk · udb 30.000;kompakt;el;55000;48;4295;30000;600;236760;4932;264995;22,3;67,0;89,3;E;nej;importoer;Volkswagen;;automatisk;2026-09-28;2026-10-09;;https://prislister.volkswagen.dk/leasingpriser;414;nej;170;50,0;baghjul;383;5
2026-10-09;vw-id-3-neo-life-170-hk-55000-48;Volkswagen;ID.3 Neo;Life 170 hk;kompakt;el;55000;48;4695;15000;600;240960;5020;264995;22,7;68,2;90,9;E;nej;importoer;Volkswagen;;automatisk;2026-07-19;2026-10-09;;https://prislister.volkswagen.dk/leasingpriser;414;nej;170;50,0;baghjul;383;5
2026-10-09;vw-id-3-neo-trend-170-hk-udb-5-000-55000-48;Volkswagen;ID.3 Neo;Trend 170 hk · udb 5.000;kompakt;el;55000;48;4995;5000;600;245360;5112;249995;24,5;73,6;98,1;E;nej;importoer;Volkswagen;;automatisk;2026-09-28;2026-10-09;;https://prislister.volkswagen.dk/leasingpriser;415;nej;170;50,0;baghjul;383;5
2026-10-09;vw-id-3-neo-life-190-hk-udb-30-000-55000-48;Volkswagen;ID.3 Neo;Life 190 hk · udb 30.000;kompakt;el;55000;48;4495;30000;600;246360;5132;284995;21,6;64,8;86,4;E;nej;importoer;Volkswagen;;automatisk;2026-09-28;2026-10-09;;https://prislister.volkswagen.dk/leasingpriser;490;nej;190;58,0;baghjul;383;5
2026-10-09;vw-id-3-neo-life-190-hk-55000-48;Volkswagen;ID.3 Neo;Life 190 hk;kompakt;el;55000;48;4895;15000;600;250560;5220;284995;22,0;65,9;87,9;E;nej;importoer;Volkswagen;;automatisk;2026-07-19;2026-10-09;;https://prislister.volkswagen.dk/leasingpriser;490;nej;190;58,0;baghjul;383;5
2026-10-09;vw-id-3-neo-life-170-hk-udb-5-000-55000-48;Volkswagen;ID.3 Neo;Life 170 hk · udb 5.000;kompakt;el;55000;48;5195;5000;600;254960;5312;264995;24,1;72,2;96,2;E;nej;importoer;Volkswagen;;automatisk;2026-09-28;2026-10-09;;https://prislister.volkswagen.dk/leasingpriser;414;nej;170;50,0;baghjul;383;5
2026-10-09;vw-id-3-neo-life-190-hk-udb-5-000-55000-48;Volkswagen;ID.3 Neo;Life 190 hk · udb 5.000;kompakt;el;55000;48;5495;5000;600;269360;5612;284995;23,6;70,9;94,5;E;nej;importoer;Volkswagen;;automatisk;2026-09-28;2026-10-09;;https://prislister.volkswagen.dk/leasingpriser;490;nej;190;58,0;baghjul;383;5
2026-10-09;vw-id-3-neo-style-190-hk-udb-30-000-55000-48;Volkswagen;ID.3 Neo;Style 190 hk · udb 30.000;kompakt;el;55000;48;4995;30000;600;270360;5632;309995;21,8;65,4;87,2;E;nej;importoer;Volkswagen;;automatisk;2026-09-28;2026-10-09;;https://prislister.volkswagen.dk/leasingpriser;488;nej;190;58,0;baghjul;383;5
2026-10-09;vw-id-3-neo-style-190-hk-55000-48;Volkswagen;ID.3 Neo;Style 190 hk;kompakt;el;55000;48;5395;15000;600;274560;5720;309995;22,1;66,4;88,6;E;nej;importoer;Volkswagen;;automatisk;2026-07-19;2026-10-09;;https://prislister.volkswagen.dk/leasingpriser;488;nej;190;58,0;baghjul;383;5
2026-10-09;vw-id-3-neo-life-231-hk-udb-30-000-55000-48;Volkswagen;ID.3 Neo;Life 231 hk · udb 30.000;kompakt;el;55000;48;5095;30000;600;275160;5732;314995;21,8;65,5;87,4;E;nej;importoer;Volkswagen;;automatisk;2026-09-28;2026-10-09;;https://prislister.volkswagen.dk/leasingpriser;626;nej;231;79,0;baghjul;383;5
2026-10-09;vw-id-3-neo-life-231-hk-55000-48;Volkswagen;ID.3 Neo;Life 231 hk;kompakt;el;55000;48;5495;15000;600;279360;5820;314995;22,2;66,5;88,7;E;nej;importoer;Volkswagen;;automatisk;2026-07-19;2026-10-09;;https://prislister.volkswagen.dk/leasingpriser;626;nej;231;79,0;baghjul;383;5
2026-10-09;vw-id-3-neo-life-231-hk-udb-5-000-55000-48;Volkswagen;ID.3 Neo;Life 231 hk · udb 5.000;kompakt;el;55000;48;5995;5000;600;293360;6112;314995;23,3;69,9;93,1;E;nej;importoer;Volkswagen;;automatisk;2026-09-28;2026-10-09;;https://prislister.volkswagen.dk/leasingpriser;626;nej;231;79,0;baghjul;383;5
2026-10-09;vw-id-3-neo-style-190-hk-udb-5-000-55000-48;Volkswagen;ID.3 Neo;Style 190 hk · udb 5.000;kompakt;el;55000;48;5995;5000;600;293360;6112;309995;23,7;71,0;94,6;E;nej;importoer;Volkswagen;;automatisk;2026-09-28;2026-10-09;;https://prislister.volkswagen.dk/leasingpriser;488;nej;190;58,0;baghjul;383;5
2026-10-09;vw-id-3-neo-style-231-hk-udb-30-000-55000-48;Volkswagen;ID.3 Neo;Style 231 hk · udb 30.000;kompakt;el;55000;48;5595;30000;600;299160;6232;334995;22,3;67,0;89,3;E;nej;importoer;Volkswagen;;automatisk;2026-09-28;2026-10-09;;https://prislister.volkswagen.dk/leasingpriser;624;nej;231;79,0;baghjul;383;5
2026-10-09;vw-id-3-neo-style-231-hk-udb-15-000-55000-48;Volkswagen;ID.3 Neo;Style 231 hk · udb 15.000;kompakt;el;55000;48;5995;15000;600;303360;6320;334995;22,6;67,9;90,6;E;nej;importoer;Volkswagen;;automatisk;2026-09-28;2026-10-09;;https://prislister.volkswagen.dk/leasingpriser;624;nej;231;79,0;baghjul;383;5
2026-10-09;vw-id-3-neo-style-231-hk-55000-48;Volkswagen;ID.3 Neo;Style 231 hk;kompakt;el;55000;48;6495;5000;600;317360;6612;334995;23,7;71,1;94,7;E;nej;importoer;Volkswagen;;automatisk;2026-07-19;2026-10-09;;https://prislister.volkswagen.dk/leasingpriser;624;nej;231;79,0;baghjul;383;5
2026-10-09;vw-id-4-move-286-hk-udb-45-000-10000-48;Volkswagen;ID.4;Move 286 hk · udb 45.000;suv;el;10000;48;2795;45000;600;179760;3745;339995;13,2;39,7;52,9;B;nej;importoer;Volkswagen;;automatisk;2026-09-28;2026-10-09;;https://prislister.volkswagen.dk/leasingpriser;561;nej;286;77,0;baghjul;543;
2026-10-09;vw-id-4-move-286-hk-10000-48;Volkswagen;ID.4;Move 286 hk;suv;el;10000;48;3295;25000;600;183760;3828;339995;13,5;40,5;54,0;B;nej;importoer;Volkswagen;;automatisk;2026-07-19;2026-10-09;;https://prislister.volkswagen.dk/leasingpriser;561;nej;286;77,0;baghjul;543;
2026-10-09;vw-id-4-style-286-hk-udb-45-000-10000-48;Volkswagen;ID.4;Style 286 hk · udb 45.000;suv;el;10000;48;3095;45000;600;194160;4045;379995;12,8;38,3;51,1;B;nej;importoer;Volkswagen;;automatisk;2026-09-28;2026-10-09;;https://prislister.volkswagen.dk/leasingpriser;559;nej;286;77,0;baghjul;543;
2026-10-09;vw-id-4-move-286-hk-udb-10-000-10000-48;Volkswagen;ID.4;Move 286 hk · udb 10.000;suv;el;10000;48;3895;10000;600;197560;4116;339995;14,5;43,6;58,1;B;nej;importoer;Volkswagen;;automatisk;2026-09-28;2026-10-09;;https://prislister.volkswagen.dk/leasingpriser;561;nej;286;77,0;baghjul;543;
2026-10-09;vw-id-4-style-286-hk-10000-48;Volkswagen;ID.4;Style 286 hk;suv;el;10000;48;3595;25000;600;198160;4128;379995;13,0;39,1;52,1;B;nej;importoer;Volkswagen;;automatisk;2026-07-19;2026-10-09;;https://prislister.volkswagen.dk/leasingpriser;559;nej;286;77,0;baghjul;543;
2026-10-09;vw-id-4-style-edition-286-hk-udb-45-000-10000-48;Volkswagen;ID.4;Style Edition 286 hk · udb 45.000;suv;el;10000;48;3395;45000;600;208560;4345;379995;13,7;41,2;54,9;B;nej;importoer;Volkswagen;;automatisk;2026-09-28;2026-10-09;;https://prislister.volkswagen.dk/leasingpriser;552;nej;286;77,0;baghjul;543;
2026-10-09;vw-id-4-style-286-hk-udb-10-000-10000-48;Volkswagen;ID.4;Style 286 hk · udb 10.000;suv;el;10000;48;4195;10000;600;211960;4416;379995;13,9;41,8;55,8;B;nej;importoer;Volkswagen;;automatisk;2026-09-28;2026-10-09;;https://prislister.volkswagen.dk/leasingpriser;559;nej;286;77,0;baghjul;543;
2026-10-09;vw-id-4-style-edition-286-hk-10000-48;Volkswagen;ID.4;Style Edition 286 hk;suv;el;10000;48;3895;25000;600;212560;4428;379995;14,0;42,0;55,9;B;nej;importoer;Volkswagen;;automatisk;2026-07-19;2026-10-09;;https://prislister.volkswagen.dk/leasingpriser;552;nej;286;77,0;baghjul;543;
2026-10-09;vw-id-4-style-edition-286-hk-udb-10-000-10000-48;Volkswagen;ID.4;Style Edition 286 hk · udb 10.000;suv;el;10000;48;4495;10000;600;226360;4716;379995;14,9;44,7;59,6;B;nej;importoer;Volkswagen;;automatisk;2026-09-28;2026-10-09;;https://prislister.volkswagen.dk/leasingpriser;552;nej;286;77,0;baghjul;543;
2026-10-09;vw-id-4-move-286-hk-udb-45-000-15000-48;Volkswagen;ID.4;Move 286 hk · udb 45.000;suv;el;15000;48;3095;45000;600;194160;4045;339995;14,3;42,8;57,1;B;nej;importoer;Volkswagen;;automatisk;2026-09-28;2026-10-09;;https://prislister.volkswagen.dk/leasingpriser;561;nej;286;77,0;baghjul;543;
2026-10-09;vw-id-4-move-286-hk-udb-25-000-15000-48;Volkswagen;ID.4;Move 286 hk · udb 25.000;suv;el;15000;48;3595;25000;600;198160;4128;339995;14,6;43,7;58,3;B;nej;importoer;Volkswagen;;automatisk;2026-09-28;2026-10-09;;https://prislister.volkswagen.dk/leasingpriser;561;nej;286;77,0;baghjul;543;
2026-10-09;vw-id-4-style-286-hk-udb-45-000-15000-48;Volkswagen;ID.4;Style 286 hk · udb 45.000;suv;el;15000;48;3395;45000;600;208560;4345;379995;13,7;41,2;54,9;B;nej;importoer;Volkswagen;;automatisk;2026-09-28;2026-10-09;;https://prislister.volkswagen.dk/leasingpriser;559;nej;286;77,0;baghjul;543;
2026-10-09;vw-id-4-move-286-hk-15000-48;Volkswagen;ID.4;Move 286 hk;suv;el;15000;48;4195;10000;600;211960;4416;339995;15,6;46,8;62,3;C;nej;importoer;Volkswagen;;automatisk;2026-07-19;2026-10-09;;https://prislister.volkswagen.dk/leasingpriser;561;nej;286;77,0;baghjul;543;
2026-10-09;vw-id-4-style-286-hk-udb-25-000-15000-48;Volkswagen;ID.4;Style 286 hk · udb 25.000;suv;el;15000;48;3895;25000;600;212560;4428;379995;14,0;42,0;55,9;B;nej;importoer;Volkswagen;;automatisk;2026-09-28;2026-10-09;;https://prislister.volkswagen.dk/leasingpriser;559;nej;286;77,0;baghjul;543;
2026-10-09;vw-id-4-style-edition-286-hk-udb-45-000-15000-48;Volkswagen;ID.4;Style Edition 286 hk · udb 45.000;suv;el;15000;48;3695;45000;600;222960;4645;379995;14,7;44,0;58,7;B;nej;importoer;Volkswagen;;automatisk;2026-09-28;2026-10-09;;https://prislister.volkswagen.dk/leasingpriser;552;nej;286;77,0;baghjul;543;
2026-10-09;vw-id-4-style-286-hk-15000-48;Volkswagen;ID.4;Style 286 hk;suv;el;15000;48;4495;10000;600;226360;4716;379995;14,9;44,7;59,6;B;nej;importoer;Volkswagen;;automatisk;2026-07-19;2026-10-09;;https://prislister.volkswagen.dk/leasingpriser;559;nej;286;77,0;baghjul;543;
2026-10-09;vw-id-4-style-edition-286-hk-15000-48;Volkswagen;ID.4;Style Edition 286 hk;suv;el;15000;48;4195;25000;600;226960;4728;379995;14,9;44,8;59,7;B;nej;importoer;Volkswagen;;automatisk;2026-07-19;2026-10-09;;https://prislister.volkswagen.dk/leasingpriser;552;nej;286;77,0;baghjul;543;
2026-10-09;vw-id-4-style-edition-286-hk-udb-10-000-15000-48;Volkswagen;ID.4;Style Edition 286 hk · udb 10.000;suv;el;15000;48;4795;10000;600;240760;5016;379995;15,8;47,5;63,4;C;nej;importoer;Volkswagen;;automatisk;2026-09-28;2026-10-09;;https://prislister.volkswagen.dk/leasingpriser;552;nej;286;77,0;baghjul;543;
2026-10-09;vw-id-4-move-286-hk-udb-45-000-20000-48;Volkswagen;ID.4;Move 286 hk · udb 45.000;suv;el;20000;48;3395;45000;600;208560;4345;339995;15,3;46,0;61,3;C;nej;importoer;Volkswagen;;automatisk;2026-09-28;2026-10-09;;https://prislister.volkswagen.dk/leasingpriser;561;nej;286;77,0;baghjul;543;
2026-10-09;vw-id-4-move-286-hk-20000-48;Volkswagen;ID.4;Move 286 hk;suv;el;20000;48;3895;25000;600;212560;4428;339995;15,6;46,9;62,5;C;nej;importoer;Volkswagen;;automatisk;2026-07-19;2026-10-09;;https://prislister.volkswagen.dk/leasingpriser;561;nej;286;77,0;baghjul;543;
2026-10-09;vw-id-4-style-286-hk-udb-45-000-20000-48;Volkswagen;ID.4;Style 286 hk · udb 45.000;suv;el;20000;48;3695;45000;600;222960;4645;379995;14,7;44,0;58,7;B;nej;importoer;Volkswagen;;automatisk;2026-09-28;2026-10-09;;https://prislister.volkswagen.dk/leasingpriser;559;nej;286;77,0;baghjul;543;
2026-10-09;vw-id-4-move-286-hk-udb-10-000-20000-48;Volkswagen;ID.4;Move 286 hk · udb 10.000;suv;el;20000;48;4495;10000;600;226360;4716;339995;16,6;49,9;66,6;C;nej;importoer;Volkswagen;;automatisk;2026-09-28;2026-10-09;;https://prislister.volkswagen.dk/leasingpriser;561;nej;286;77,0;baghjul;543;
2026-10-09;vw-id-4-style-286-hk-20000-48;Volkswagen;ID.4;Style 286 hk;suv;el;20000;48;4195;25000;600;226960;4728;379995;14,9;44,8;59,7;B;nej;importoer;Volkswagen;;automatisk;2026-07-19;2026-10-09;;https://prislister.volkswagen.dk/leasingpriser;559;nej;286;77,0;baghjul;543;
2026-10-09;vw-id-4-style-edition-286-hk-udb-45-000-20000-48;Volkswagen;ID.4;Style Edition 286 hk · udb 45.000;suv;el;20000;48;3995;45000;600;237360;4945;379995;15,6;46,8;62,5;C;nej;importoer;Volkswagen;;automatisk;2026-09-28;2026-10-09;;https://prislister.volkswagen.dk/leasingpriser;552;nej;286;77,0;baghjul;543;
2026-10-09;vw-id-4-style-286-hk-udb-10-000-20000-48;Volkswagen;ID.4;Style 286 hk · udb 10.000;suv;el;20000;48;4795;10000;600;240760;5016;379995;15,8;47,5;63,4;C;nej;importoer;Volkswagen;;automatisk;2026-09-28;2026-10-09;;https://prislister.volkswagen.dk/leasingpriser;559;nej;286;77,0;baghjul;543;
2026-10-09;vw-id-4-style-edition-286-hk-20000-48;Volkswagen;ID.4;Style Edition 286 hk;suv;el;20000;48;4495;25000;600;241360;5028;379995;15,9;47,6;63,5;C;nej;importoer;Volkswagen;;automatisk;2026-07-19;2026-10-09;;https://prislister.volkswagen.dk/leasingpriser;552;nej;286;77,0;baghjul;543;
2026-10-09;vw-id-4-style-edition-286-hk-udb-10-000-20000-48;Volkswagen;ID.4;Style Edition 286 hk · udb 10.000;suv;el;20000;48;5095;10000;600;255160;5316;379995;16,8;50,4;67,1;C;nej;importoer;Volkswagen;;automatisk;2026-09-28;2026-10-09;;https://prislister.volkswagen.dk/leasingpriser;552;nej;286;77,0;baghjul;543;
2026-10-09;vw-id-4-move-286-hk-udb-45-000-25000-48;Volkswagen;ID.4;Move 286 hk · udb 45.000;suv;el;25000;48;3595;45000;600;218160;4545;339995;16,0;48,1;64,2;C;nej;importoer;Volkswagen;;automatisk;2026-09-28;2026-10-09;;https://prislister.volkswagen.dk/leasingpriser;561;nej;286;77,0;baghjul;543;
2026-10-09;vw-id-4-move-286-hk-udb-25-000-25000-48;Volkswagen;ID.4;Move 286 hk · udb 25.000;suv;el;25000;48;4095;25000;600;222160;4628;339995;16,3;49,0;65,3;C;nej;importoer;Volkswagen;;automatisk;2026-09-28;2026-10-09;;https://prislister.volkswagen.dk/leasingpriser;561;nej;286;77,0;baghjul;543;
2026-10-09;vw-id-4-move-286-hk-25000-48;Volkswagen;ID.4;Move 286 hk;suv;el;25000;48;4695;10000;600;235960;4916;339995;17,4;52,1;69,4;C;nej;importoer;Volkswagen;;automatisk;2026-07-19;2026-10-09;;https://prislister.volkswagen.dk/leasingpriser;561;nej;286;77,0;baghjul;543;
2026-10-09;vw-id-4-style-286-hk-udb-45-000-25000-48;Volkswagen;ID.4;Style 286 hk · udb 45.000;suv;el;25000;48;3995;45000;600;237360;4945;379995;15,6;46,8;62,5;C;nej;importoer;Volkswagen;;automatisk;2026-09-28;2026-10-09;;https://prislister.volkswagen.dk/leasingpriser;559;nej;286;77,0;baghjul;543;
2026-10-09;vw-id-4-style-286-hk-25000-48;Volkswagen;ID.4;Style 286 hk;suv;el;25000;48;4495;25000;600;241360;5028;379995;15,9;47,6;63,5;C;nej;importoer;Volkswagen;;automatisk;2026-07-19;2026-10-09;;https://prislister.volkswagen.dk/leasingpriser;559;nej;286;77,0;baghjul;543;
2026-10-09;vw-id-4-style-edition-286-hk-udb-45-000-25000-48;Volkswagen;ID.4;Style Edition 286 hk · udb 45.000;suv;el;25000;48;4295;45000;600;251760;5245;379995;16,6;49,7;66,3;C;nej;importoer;Volkswagen;;automatisk;2026-09-28;2026-10-09;;https://prislister.volkswagen.dk/leasingpriser;552;nej;286;77,0;baghjul;543;
2026-10-09;vw-id-4-style-286-hk-udb-10-000-25000-48;Volkswagen;ID.4;Style 286 hk · udb 10.000;suv;el;25000;48;5095;10000;600;255160;5316;379995;16,8;50,4;67,1;C;nej;importoer;Volkswagen;;automatisk;2026-09-28;2026-10-09;;https://prislister.volkswagen.dk/leasingpriser;559;nej;286;77,0;baghjul;543;
2026-10-09;vw-id-4-style-edition-286-hk-25000-48;Volkswagen;ID.4;Style Edition 286 hk;suv;el;25000;48;4795;25000;600;255760;5328;379995;16,8;50,5;67,3;C;nej;importoer;Volkswagen;;automatisk;2026-07-19;2026-10-09;;https://prislister.volkswagen.dk/leasingpriser;552;nej;286;77,0;baghjul;543;
2026-10-09;vw-id-4-style-edition-286-hk-udb-10-000-25000-48;Volkswagen;ID.4;Style Edition 286 hk · udb 10.000;suv;el;25000;48;5395;10000;600;269560;5616;379995;17,7;53,2;70,9;C;nej;importoer;Volkswagen;;automatisk;2026-09-28;2026-10-09;;https://prislister.volkswagen.dk/leasingpriser;552;nej;286;77,0;baghjul;543;
2026-10-09;vw-id-4-move-286-hk-udb-45-000-30000-48;Volkswagen;ID.4;Move 286 hk · udb 45.000;suv;el;30000;48;3895;45000;600;232560;4845;339995;17,1;51,3;68,4;C;nej;importoer;Volkswagen;;automatisk;2026-09-28;2026-10-09;;https://prislister.volkswagen.dk/leasingpriser;561;nej;286;77,0;baghjul;543;
2026-10-09;vw-id-4-move-286-hk-30000-48;Volkswagen;ID.4;Move 286 hk;suv;el;30000;48;4395;25000;600;236560;4928;339995;17,4;52,2;69,6;C;nej;importoer;Volkswagen;;automatisk;2026-07-19;2026-10-09;;https://prislister.volkswagen.dk/leasingpriser;561;nej;286;77,0;baghjul;543;
2026-10-09;vw-id-4-move-286-hk-udb-10-000-30000-48;Volkswagen;ID.4;Move 286 hk · udb 10.000;suv;el;30000;48;4995;10000;600;250360;5216;339995;18,4;55,2;73,6;D;nej;importoer;Volkswagen;;automatisk;2026-09-28;2026-10-09;;https://prislister.volkswagen.dk/leasingpriser;561;nej;286;77,0;baghjul;543;
2026-10-09;vw-id-4-style-286-hk-udb-45-000-30000-48;Volkswagen;ID.4;Style 286 hk · udb 45.000;suv;el;30000;48;4295;45000;600;251760;5245;379995;16,6;49,7;66,3;C;nej;importoer;Volkswagen;;automatisk;2026-09-28;2026-10-09;;https://prislister.volkswagen.dk/leasingpriser;559;nej;286;77,0;baghjul;543;
2026-10-09;vw-id-4-style-286-hk-udb-25-000-30000-48;Volkswagen;ID.4;Style 286 hk · udb 25.000;suv;el;30000;48;4795;25000;600;255760;5328;379995;16,8;50,5;67,3;C;nej;importoer;Volkswagen;;automatisk;2026-09-28;2026-10-09;;https://prislister.volkswagen.dk/leasingpriser;559;nej;286;77,0;baghjul;543;
2026-10-09;vw-id-4-style-286-hk-30000-48;Volkswagen;ID.4;Style 286 hk;suv;el;30000;48;5295;10000;600;264760;5516;379995;17,4;52,3;69,7;C;nej;importoer;Volkswagen;;automatisk;2026-07-19;2026-10-09;;https://prislister.volkswagen.dk/leasingpriser;559;nej;286;77,0;baghjul;543;
2026-10-09;vw-id-4-style-edition-286-hk-udb-45-000-30000-48;Volkswagen;ID.4;Style Edition 286 hk · udb 45.000;suv;el;30000;48;4595;45000;600;266160;5545;379995;17,5;52,5;70,0;C;nej;importoer;Volkswagen;;automatisk;2026-09-28;2026-10-09;;https://prislister.volkswagen.dk/leasingpriser;552;nej;286;77,0;baghjul;543;
2026-10-09;vw-id-4-style-edition-286-hk-udb-25-000-30000-48;Volkswagen;ID.4;Style Edition 286 hk · udb 25.000;suv;el;30000;48;5095;25000;600;270160;5628;379995;17,8;53,3;71,1;C;nej;importoer;Volkswagen;;automatisk;2026-09-28;2026-10-09;;https://prislister.volkswagen.dk/leasingpriser;552;nej;286;77,0;baghjul;543;
2026-10-09;vw-id-4-style-edition-286-hk-30000-48;Volkswagen;ID.4;Style Edition 286 hk;suv;el;30000;48;5695;10000;600;283960;5916;379995;18,7;56,0;74,7;D;nej;importoer;Volkswagen;;automatisk;2026-07-19;2026-10-09;;https://prislister.volkswagen.dk/leasingpriser;552;nej;286;77,0;baghjul;543;
2026-10-09;vw-id-4-move-286-hk-udb-45-000-40000-48;Volkswagen;ID.4;Move 286 hk · udb 45.000;suv;el;40000;48;4395;45000;600;256560;5345;339995;18,9;56,6;75,5;D;nej;importoer;Volkswagen;;automatisk;2026-09-28;2026-10-09;;https://prislister.volkswagen.dk/leasingpriser;561;nej;286;77,0;baghjul;543;
2026-10-09;vw-id-4-move-286-hk-40000-48;Volkswagen;ID.4;Move 286 hk;suv;el;40000;48;4895;25000;600;260560;5428;339995;19,2;57,5;76,6;D;nej;importoer;Volkswagen;;automatisk;2026-07-19;2026-10-09;;https://prislister.volkswagen.dk/leasingpriser;561;nej;286;77,0;baghjul;543;
2026-10-09;vw-id-4-move-286-hk-udb-10-000-40000-48;Volkswagen;ID.4;Move 286 hk · udb 10.000;suv;el;40000;48;5495;10000;600;274360;5716;339995;20,2;60,5;80,7;E;nej;importoer;Volkswagen;;automatisk;2026-09-28;2026-10-09;;https://prislister.volkswagen.dk/leasingpriser;561;nej;286;77,0;baghjul;543;
2026-10-09;vw-id-4-style-286-hk-udb-45-000-40000-48;Volkswagen;ID.4;Style 286 hk · udb 45.000;suv;el;40000;48;4795;45000;600;275760;5745;379995;18,1;54,4;72,6;D;nej;importoer;Volkswagen;;automatisk;2026-09-28;2026-10-09;;https://prislister.volkswagen.dk/leasingpriser;559;nej;286;77,0;baghjul;543;
2026-10-09;vw-id-4-style-286-hk-udb-25-000-40000-48;Volkswagen;ID.4;Style 286 hk · udb 25.000;suv;el;40000;48;5295;25000;600;279760;5828;379995;18,4;55,2;73,6;D;nej;importoer;Volkswagen;;automatisk;2026-09-28;2026-10-09;;https://prislister.volkswagen.dk/leasingpriser;559;nej;286;77,0;baghjul;543;
2026-10-09;vw-id-4-style-edition-286-hk-udb-45-000-40000-48;Volkswagen;ID.4;Style Edition 286 hk · udb 45.000;suv;el;40000;48;5095;45000;600;290160;6045;379995;19,1;57,3;76,4;D;nej;importoer;Volkswagen;;automatisk;2026-09-28;2026-10-09;;https://prislister.volkswagen.dk/leasingpriser;552;nej;286;77,0;baghjul;543;
2026-10-09;vw-id-4-style-286-hk-40000-48;Volkswagen;ID.4;Style 286 hk;suv;el;40000;48;5895;10000;600;293560;6116;379995;19,3;57,9;77,3;D;nej;importoer;Volkswagen;;automatisk;2026-07-19;2026-10-09;;https://prislister.volkswagen.dk/leasingpriser;559;nej;286;77,0;baghjul;543;
2026-10-09;vw-id-4-style-edition-286-hk-40000-48;Volkswagen;ID.4;Style Edition 286 hk;suv;el;40000;48;5595;25000;600;294160;6128;379995;19,4;58,1;77,4;D;nej;importoer;Volkswagen;;automatisk;2026-07-19;2026-10-09;;https://prislister.volkswagen.dk/leasingpriser;552;nej;286;77,0;baghjul;543;
2026-10-09;vw-id-4-style-edition-286-hk-udb-10-000-40000-48;Volkswagen;ID.4;Style Edition 286 hk · udb 10.000;suv;el;40000;48;6195;10000;600;307960;6416;379995;20,3;60,8;81,0;E;nej;importoer;Volkswagen;;automatisk;2026-09-28;2026-10-09;;https://prislister.volkswagen.dk/leasingpriser;552;nej;286;77,0;baghjul;543;
2026-10-09;vw-id-4-move-286-hk-udb-45-000-50000-48;Volkswagen;ID.4;Move 286 hk · udb 45.000;suv;el;50000;48;4695;45000;600;270960;5645;339995;19,9;59,8;79,7;D;nej;importoer;Volkswagen;;automatisk;2026-09-28;2026-10-09;;https://prislister.volkswagen.dk/leasingpriser;561;nej;286;77,0;baghjul;543;
2026-10-09;vw-id-4-move-286-hk-50000-48;Volkswagen;ID.4;Move 286 hk;suv;el;50000;48;5195;25000;600;274960;5728;339995;20,2;60,7;80,9;E;nej;importoer;Volkswagen;;automatisk;2026-07-19;2026-10-09;;https://prislister.volkswagen.dk/leasingpriser;561;nej;286;77,0;baghjul;543;
2026-10-09;vw-id-4-move-286-hk-udb-10-000-50000-48;Volkswagen;ID.4;Move 286 hk · udb 10.000;suv;el;50000;48;5795;10000;600;288760;6016;339995;21,2;63,7;84,9;E;nej;importoer;Volkswagen;;automatisk;2026-09-28;2026-10-09;;https://prislister.volkswagen.dk/leasingpriser;561;nej;286;77,0;baghjul;543;
2026-10-09;vw-id-4-style-286-hk-50000-48;Volkswagen;ID.4;Style 286 hk;suv;el;50000;48;5595;25000;600;294160;6128;379995;19,4;58,1;77,4;D;nej;importoer;Volkswagen;;automatisk;2026-07-19;2026-10-09;;https://prislister.volkswagen.dk/leasingpriser;559;nej;286;77,0;baghjul;543;
2026-10-09;vw-id-4-style-286-hk-udb-45-000-50000-48;Volkswagen;ID.4;Style 286 hk · udb 45.000;suv;el;50000;48;5195;45000;600;294960;6145;379995;19,4;58,2;77,6;D;nej;importoer;Volkswagen;;automatisk;2026-09-28;2026-10-09;;https://prislister.volkswagen.dk/leasingpriser;559;nej;286;77,0;baghjul;543;
2026-10-09;vw-id-4-style-286-hk-udb-10-000-50000-48;Volkswagen;ID.4;Style 286 hk · udb 10.000;suv;el;50000;48;6195;10000;600;307960;6416;379995;20,3;60,8;81,0;E;nej;importoer;Volkswagen;;automatisk;2026-09-28;2026-10-09;;https://prislister.volkswagen.dk/leasingpriser;559;nej;286;77,0;baghjul;543;
2026-10-09;vw-id-4-style-edition-286-hk-udb-45-000-50000-48;Volkswagen;ID.4;Style Edition 286 hk · udb 45.000;suv;el;50000;48;5495;45000;600;309360;6445;379995;20,4;61,1;81,4;E;nej;importoer;Volkswagen;;automatisk;2026-09-28;2026-10-09;;https://prislister.volkswagen.dk/leasingpriser;552;nej;286;77,0;baghjul;543;
2026-10-09;vw-id-4-style-edition-286-hk-udb-25-000-50000-48;Volkswagen;ID.4;Style Edition 286 hk · udb 25.000;suv;el;50000;48;5995;25000;600;313360;6528;379995;20,6;61,8;82,5;E;nej;importoer;Volkswagen;;automatisk;2026-09-28;2026-10-09;;https://prislister.volkswagen.dk/leasingpriser;552;nej;286;77,0;baghjul;543;
2026-10-09;vw-id-4-style-edition-286-hk-50000-48;Volkswagen;ID.4;Style Edition 286 hk;suv;el;50000;48;6495;10000;600;322360;6716;379995;21,2;63,6;84,8;E;nej;importoer;Volkswagen;;automatisk;2026-07-19;2026-10-09;;https://prislister.volkswagen.dk/leasingpriser;552;nej;286;77,0;baghjul;543;
2026-10-09;vw-id-4-move-286-hk-udb-45-000-55000-48;Volkswagen;ID.4;Move 286 hk · udb 45.000;suv;el;55000;48;4895;45000;600;280560;5845;339995;20,6;61,9;82,5;E;nej;importoer;Volkswagen;;automatisk;2026-09-28;2026-10-09;;https://prislister.volkswagen.dk/leasingpriser;561;nej;286;77,0;baghjul;543;
2026-10-09;vw-id-4-move-286-hk-55000-48;Volkswagen;ID.4;Move 286 hk;suv;el;55000;48;5395;25000;600;284560;5928;339995;20,9;62,8;83,7;E;nej;importoer;Volkswagen;;automatisk;2026-07-19;2026-10-09;;https://prislister.volkswagen.dk/leasingpriser;561;nej;286;77,0;baghjul;543;
2026-10-09;vw-id-4-move-286-hk-udb-10-000-55000-48;Volkswagen;ID.4;Move 286 hk · udb 10.000;suv;el;55000;48;5995;10000;600;298360;6216;339995;21,9;65,8;87,8;E;nej;importoer;Volkswagen;;automatisk;2026-09-28;2026-10-09;;https://prislister.volkswagen.dk/leasingpriser;561;nej;286;77,0;baghjul;543;
2026-10-09;vw-id-4-style-286-hk-udb-45-000-55000-48;Volkswagen;ID.4;Style 286 hk · udb 45.000;suv;el;55000;48;5395;45000;600;304560;6345;379995;20,0;60,1;80,1;E;nej;importoer;Volkswagen;;automatisk;2026-09-28;2026-10-09;;https://prislister.volkswagen.dk/leasingpriser;559;nej;286;77,0;baghjul;543;
2026-10-09;vw-id-4-style-286-hk-55000-48;Volkswagen;ID.4;Style 286 hk;suv;el;55000;48;5895;25000;600;308560;6428;379995;20,3;60,9;81,2;E;nej;importoer;Volkswagen;;automatisk;2026-07-19;2026-10-09;;https://prislister.volkswagen.dk/leasingpriser;559;nej;286;77,0;baghjul;543;
2026-10-09;vw-id-4-style-286-hk-udb-10-000-55000-48;Volkswagen;ID.4;Style 286 hk · udb 10.000;suv;el;55000;48;6395;10000;600;317560;6616;379995;20,9;62,7;83,6;E;nej;importoer;Volkswagen;;automatisk;2026-09-28;2026-10-09;;https://prislister.volkswagen.dk/leasingpriser;559;nej;286;77,0;baghjul;543;
2026-10-09;vw-id-4-style-edition-286-hk-udb-45-000-55000-48;Volkswagen;ID.4;Style Edition 286 hk · udb 45.000;suv;el;55000;48;5695;45000;600;318960;6645;379995;21,0;63,0;83,9;E;nej;importoer;Volkswagen;;automatisk;2026-09-28;2026-10-09;;https://prislister.volkswagen.dk/leasingpriser;552;nej;286;77,0;baghjul;543;
2026-10-09;vw-id-4-style-edition-286-hk-udb-25-000-55000-48;Volkswagen;ID.4;Style Edition 286 hk · udb 25.000;suv;el;55000;48;6195;25000;600;322960;6728;379995;21,2;63,7;85,0;E;nej;importoer;Volkswagen;;automatisk;2026-09-28;2026-10-09;;https://prislister.volkswagen.dk/leasingpriser;552;nej;286;77,0;baghjul;543;
2026-10-09;vw-id-4-style-edition-286-hk-55000-48;Volkswagen;ID.4;Style Edition 286 hk;suv;el;55000;48;6695;10000;600;331960;6916;379995;21,8;65,5;87,4;E;nej;importoer;Volkswagen;;automatisk;2026-07-19;2026-10-09;;https://prislister.volkswagen.dk/leasingpriser;552;nej;286;77,0;baghjul;543;
2026-10-09;vw-id-5-style-286-hk-udb-45-000-10000-48;Volkswagen;ID.5;Style 286 hk · udb 45.000;suv;el;10000;48;3095;45000;600;194160;4045;384995;12,6;37,8;50,4;B;nej;importoer;Volkswagen;;automatisk;2026-09-28;2026-10-09;;https://prislister.volkswagen.dk/leasingpriser;565;nej;286;77,0;baghjul;549;
2026-10-09;vw-id-5-style-286-hk-udb-25-000-10000-48;Volkswagen;ID.5;Style 286 hk · udb 25.000;suv;el;10000;48;3595;25000;600;198160;4128;384995;12,9;38,6;51,5;B;nej;importoer;Volkswagen;;automatisk;2026-09-28;2026-10-09;;https://prislister.volkswagen.dk/leasingpriser;565;nej;286;77,0;baghjul;549;
2026-10-09;vw-id-5-style-edition-286-hk-udb-45-000-10000-48;Volkswagen;ID.5;Style Edition 286 hk · udb 45.000;suv;el;10000;48;3395;45000;600;208560;4345;384995;13,5;40,6;54,2;B;nej;importoer;Volkswagen;;automatisk;2026-09-28;2026-10-09;;https://prislister.volkswagen.dk/leasingpriser;559;nej;286;77,0;baghjul;549;
2026-10-09;vw-id-5-style-286-hk-10000-48;Volkswagen;ID.5;Style 286 hk;suv;el;10000;48;4195;10000;600;211960;4416;384995;13,8;41,3;55,1;B;nej;importoer;Volkswagen;;automatisk;2026-07-19;2026-10-09;;https://prislister.volkswagen.dk/leasingpriser;565;nej;286;77,0;baghjul;549;
2026-10-09;vw-id-5-style-edition-286-hk-10000-48;Volkswagen;ID.5;Style Edition 286 hk;suv;el;10000;48;3895;25000;600;212560;4428;384995;13,8;41,4;55,2;B;nej;importoer;Volkswagen;;automatisk;2026-07-19;2026-10-09;;https://prislister.volkswagen.dk/leasingpriser;559;nej;286;77,0;baghjul;549;
2026-10-09;vw-id-5-style-edition-286-hk-udb-10-000-10000-48;Volkswagen;ID.5;Style Edition 286 hk · udb 10.000;suv;el;10000;48;4495;10000;600;226360;4716;384995;14,7;44,1;58,8;B;nej;importoer;Volkswagen;;automatisk;2026-09-28;2026-10-09;;https://prislister.volkswagen.dk/leasingpriser;559;nej;286;77,0;baghjul;549;
2026-10-09;vw-id-5-style-286-hk-udb-45-000-15000-48;Volkswagen;ID.5;Style 286 hk · udb 45.000;suv;el;15000;48;3395;45000;600;208560;4345;384995;13,5;40,6;54,2;B;nej;importoer;Volkswagen;;automatisk;2026-09-28;2026-10-09;;https://prislister.volkswagen.dk/leasingpriser;565;nej;286;77,0;baghjul;549;
2026-10-09;vw-id-5-style-286-hk-udb-25-000-15000-48;Volkswagen;ID.5;Style 286 hk · udb 25.000;suv;el;15000;48;3895;25000;600;212560;4428;384995;13,8;41,4;55,2;B;nej;importoer;Volkswagen;;automatisk;2026-09-28;2026-10-09;;https://prislister.volkswagen.dk/leasingpriser;565;nej;286;77,0;baghjul;549;
2026-10-09;vw-id-5-style-edition-286-hk-udb-45-000-15000-48;Volkswagen;ID.5;Style Edition 286 hk · udb 45.000;suv;el;15000;48;3695;45000;600;222960;4645;384995;14,5;43,4;57,9;B;nej;importoer;Volkswagen;;automatisk;2026-09-28;2026-10-09;;https://prislister.volkswagen.dk/leasingpriser;559;nej;286;77,0;baghjul;549;
2026-10-09;vw-id-5-style-286-hk-15000-48;Volkswagen;ID.5;Style 286 hk;suv;el;15000;48;4495;10000;600;226360;4716;384995;14,7;44,1;58,8;B;nej;importoer;Volkswagen;;automatisk;2026-07-19;2026-10-09;;https://prislister.volkswagen.dk/leasingpriser;565;nej;286;77,0;baghjul;549;
2026-10-09;vw-id-5-style-edition-286-hk-udb-25-000-15000-48;Volkswagen;ID.5;Style Edition 286 hk · udb 25.000;suv;el;15000;48;4195;25000;600;226960;4728;384995;14,7;44,2;59,0;B;nej;importoer;Volkswagen;;automatisk;2026-09-28;2026-10-09;;https://prislister.volkswagen.dk/leasingpriser;559;nej;286;77,0;baghjul;549;
2026-10-09;vw-id-5-style-edition-286-hk-15000-48;Volkswagen;ID.5;Style Edition 286 hk;suv;el;15000;48;4795;10000;600;240760;5016;384995;15,6;46,9;62,5;C;nej;importoer;Volkswagen;;automatisk;2026-07-19;2026-10-09;;https://prislister.volkswagen.dk/leasingpriser;559;nej;286;77,0;baghjul;549;
2026-10-09;vw-id-5-style-286-hk-udb-45-000-20000-48;Volkswagen;ID.5;Style 286 hk · udb 45.000;suv;el;20000;48;3695;45000;600;222960;4645;384995;14,5;43,4;57,9;B;nej;importoer;Volkswagen;;automatisk;2026-09-28;2026-10-09;;https://prislister.volkswagen.dk/leasingpriser;565;nej;286;77,0;baghjul;549;
2026-10-09;vw-id-5-style-286-hk-20000-48;Volkswagen;ID.5;Style 286 hk;suv;el;20000;48;4195;25000;600;226960;4728;384995;14,7;44,2;59,0;B;nej;importoer;Volkswagen;;automatisk;2026-07-19;2026-10-09;;https://prislister.volkswagen.dk/leasingpriser;565;nej;286;77,0;baghjul;549;
2026-10-09;vw-id-5-style-edition-286-hk-udb-45-000-20000-48;Volkswagen;ID.5;Style Edition 286 hk · udb 45.000;suv;el;20000;48;3995;45000;600;237360;4945;384995;15,4;46,2;61,7;C;nej;importoer;Volkswagen;;automatisk;2026-09-28;2026-10-09;;https://prislister.volkswagen.dk/leasingpriser;559;nej;286;77,0;baghjul;549;
2026-10-09;vw-id-5-style-286-hk-udb-10-000-20000-48;Volkswagen;ID.5;Style 286 hk · udb 10.000;suv;el;20000;48;4795;10000;600;240760;5016;384995;15,6;46,9;62,5;C;nej;importoer;Volkswagen;;automatisk;2026-09-28;2026-10-09;;https://prislister.volkswagen.dk/leasingpriser;565;nej;286;77,0;baghjul;549;
2026-10-09;vw-id-5-style-edition-286-hk-udb-25-000-20000-48;Volkswagen;ID.5;Style Edition 286 hk · udb 25.000;suv;el;20000;48;4495;25000;600;241360;5028;384995;15,7;47,0;62,7;C;nej;importoer;Volkswagen;;automatisk;2026-09-28;2026-10-09;;https://prislister.volkswagen.dk/leasingpriser;559;nej;286;77,0;baghjul;549;
2026-10-09;vw-id-5-style-edition-286-hk-20000-48;Volkswagen;ID.5;Style Edition 286 hk;suv;el;20000;48;5095;10000;600;255160;5316;384995;16,6;49,7;66,3;C;nej;importoer;Volkswagen;;automatisk;2026-07-19;2026-10-09;;https://prislister.volkswagen.dk/leasingpriser;559;nej;286;77,0;baghjul;549;
2026-10-09;vw-id-5-style-286-hk-udb-45-000-25000-48;Volkswagen;ID.5;Style 286 hk · udb 45.000;suv;el;25000;48;3895;45000;600;232560;4845;384995;15,1;45,3;60,4;C;nej;importoer;Volkswagen;;automatisk;2026-09-28;2026-10-09;;https://prislister.volkswagen.dk/leasingpriser;565;nej;286;77,0;baghjul;549;
2026-10-09;vw-id-5-style-286-hk-udb-25-000-25000-48;Volkswagen;ID.5;Style 286 hk · udb 25.000;suv;el;25000;48;4395;25000;600;236560;4928;384995;15,4;46,1;61,4;C;nej;importoer;Volkswagen;;automatisk;2026-09-28;2026-10-09;;https://prislister.volkswagen.dk/leasingpriser;565;nej;286;77,0;baghjul;549;
2026-10-09;vw-id-5-style-edition-286-hk-udb-45-000-25000-48;Volkswagen;ID.5;Style Edition 286 hk · udb 45.000;suv;el;25000;48;4195;45000;600;246960;5145;384995;16,0;48,1;64,1;C;nej;importoer;Volkswagen;;automatisk;2026-09-28;2026-10-09;;https://prislister.volkswagen.dk/leasingpriser;559;nej;286;77,0;baghjul;549;
2026-10-09;vw-id-5-style-286-hk-25000-48;Volkswagen;ID.5;Style 286 hk;suv;el;25000;48;4995;10000;600;250360;5216;384995;16,3;48,8;65,0;C;nej;importoer;Volkswagen;;automatisk;2026-07-19;2026-10-09;;https://prislister.volkswagen.dk/leasingpriser;565;nej;286;77,0;baghjul;549;
2026-10-09;vw-id-5-style-edition-286-hk-udb-25-000-25000-48;Volkswagen;ID.5;Style Edition 286 hk · udb 25.000;suv;el;25000;48;4695;25000;600;250960;5228;384995;16,3;48,9;65,2;C;nej;importoer;Volkswagen;;automatisk;2026-09-28;2026-10-09;;https://prislister.volkswagen.dk/leasingpriser;559;nej;286;77,0;baghjul;549;
2026-10-09;vw-id-5-style-edition-286-hk-25000-48;Volkswagen;ID.5;Style Edition 286 hk;suv;el;25000;48;5295;10000;600;264760;5516;384995;17,2;51,6;68,8;C;nej;importoer;Volkswagen;;automatisk;2026-07-19;2026-10-09;;https://prislister.volkswagen.dk/leasingpriser;559;nej;286;77,0;baghjul;549;
2026-10-09;vw-id-5-style-286-hk-udb-45-000-30000-48;Volkswagen;ID.5;Style 286 hk · udb 45.000;suv;el;30000;48;4195;45000;600;246960;5145;384995;16,0;48,1;64,1;C;nej;importoer;Volkswagen;;automatisk;2026-09-28;2026-10-09;;https://prislister.volkswagen.dk/leasingpriser;565;nej;286;77,0;baghjul;549;
2026-10-09;vw-id-5-style-286-hk-udb-25-000-30000-48;Volkswagen;ID.5;Style 286 hk · udb 25.000;suv;el;30000;48;4695;25000;600;250960;5228;384995;16,3;48,9;65,2;C;nej;importoer;Volkswagen;;automatisk;2026-09-28;2026-10-09;;https://prislister.volkswagen.dk/leasingpriser;565;nej;286;77,0;baghjul;549;
2026-10-09;vw-id-5-style-edition-286-hk-udb-45-000-30000-48;Volkswagen;ID.5;Style Edition 286 hk · udb 45.000;suv;el;30000;48;4495;45000;600;261360;5445;384995;17,0;50,9;67,9;C;nej;importoer;Volkswagen;;automatisk;2026-09-28;2026-10-09;;https://prislister.volkswagen.dk/leasingpriser;559;nej;286;77,0;baghjul;549;
2026-10-09;vw-id-5-style-286-hk-30000-48;Volkswagen;ID.5;Style 286 hk;suv;el;30000;48;5295;10000;600;264760;5516;384995;17,2;51,6;68,8;C;nej;importoer;Volkswagen;;automatisk;2026-07-19;2026-10-09;;https://prislister.volkswagen.dk/leasingpriser;565;nej;286;77,0;baghjul;549;
2026-10-09;vw-id-5-style-edition-286-hk-udb-25-000-30000-48;Volkswagen;ID.5;Style Edition 286 hk · udb 25.000;suv;el;30000;48;4995;25000;600;265360;5528;384995;17,2;51,7;68,9;C;nej;importoer;Volkswagen;;automatisk;2026-09-28;2026-10-09;;https://prislister.volkswagen.dk/leasingpriser;559;nej;286;77,0;baghjul;549;
2026-10-09;vw-id-5-style-edition-286-hk-30000-48;Volkswagen;ID.5;Style Edition 286 hk;suv;el;30000;48;5595;10000;600;279160;5816;384995;18,1;54,4;72,5;D;nej;importoer;Volkswagen;;automatisk;2026-07-19;2026-10-09;;https://prislister.volkswagen.dk/leasingpriser;559;nej;286;77,0;baghjul;549;
2026-10-09;vw-id-5-style-286-hk-udb-45-000-40000-48;Volkswagen;ID.5;Style 286 hk · udb 45.000;suv;el;40000;48;4695;45000;600;270960;5645;384995;17,6;52,8;70,4;C;nej;importoer;Volkswagen;;automatisk;2026-09-28;2026-10-09;;https://prislister.volkswagen.dk/leasingpriser;565;nej;286;77,0;baghjul;549;
2026-10-09;vw-id-5-style-286-hk-udb-25-000-40000-48;Volkswagen;ID.5;Style 286 hk · udb 25.000;suv;el;40000;48;5195;25000;600;274960;5728;384995;17,9;53,6;71,4;C;nej;importoer;Volkswagen;;automatisk;2026-09-28;2026-10-09;;https://prislister.volkswagen.dk/leasingpriser;565;nej;286;77,0;baghjul;549;
2026-10-09;vw-id-5-style-edition-286-hk-udb-45-000-40000-48;Volkswagen;ID.5;Style Edition 286 hk · udb 45.000;suv;el;40000;48;4995;45000;600;285360;5945;384995;18,5;55,6;74,1;D;nej;importoer;Volkswagen;;automatisk;2026-09-28;2026-10-09;;https://prislister.volkswagen.dk/leasingpriser;559;nej;286;77,0;baghjul;549;
2026-10-09;vw-id-5-style-286-hk-40000-48;Volkswagen;ID.5;Style 286 hk;suv;el;40000;48;5795;10000;600;288760;6016;384995;18,8;56,3;75,0;D;nej;importoer;Volkswagen;;automatisk;2026-07-19;2026-10-09;;https://prislister.volkswagen.dk/leasingpriser;565;nej;286;77,0;baghjul;549;
2026-10-09;vw-id-5-style-edition-286-hk-40000-48;Volkswagen;ID.5;Style Edition 286 hk;suv;el;40000;48;5495;25000;600;289360;6028;384995;18,8;56,4;75,2;D;nej;importoer;Volkswagen;;automatisk;2026-07-19;2026-10-09;;https://prislister.volkswagen.dk/leasingpriser;559;nej;286;77,0;baghjul;549;
2026-10-09;vw-id-5-style-edition-286-hk-udb-10-000-40000-48;Volkswagen;ID.5;Style Edition 286 hk · udb 10.000;suv;el;40000;48;6095;10000;600;303160;6316;384995;19,7;59,1;78,7;D;nej;importoer;Volkswagen;;automatisk;2026-09-28;2026-10-09;;https://prislister.volkswagen.dk/leasingpriser;559;nej;286;77,0;baghjul;549;
2026-10-09;vw-id-5-style-286-hk-udb-45-000-50000-48;Volkswagen;ID.5;Style 286 hk · udb 45.000;suv;el;50000;48;5095;45000;600;290160;6045;384995;18,8;56,5;75,4;D;nej;importoer;Volkswagen;;automatisk;2026-09-28;2026-10-09;;https://prislister.volkswagen.dk/leasingpriser;565;nej;286;77,0;baghjul;549;
2026-10-09;vw-id-5-style-286-hk-udb-25-000-50000-48;Volkswagen;ID.5;Style 286 hk · udb 25.000;suv;el;50000;48;5595;25000;600;294160;6128;384995;19,1;57,3;76,4;D;nej;importoer;Volkswagen;;automatisk;2026-09-28;2026-10-09;;https://prislister.volkswagen.dk/leasingpriser;565;nej;286;77,0;baghjul;549;
2026-10-09;vw-id-5-style-286-hk-50000-48;Volkswagen;ID.5;Style 286 hk;suv;el;50000;48;6095;10000;600;303160;6316;384995;19,7;59,1;78,7;D;nej;importoer;Volkswagen;;automatisk;2026-07-19;2026-10-09;;https://prislister.volkswagen.dk/leasingpriser;565;nej;286;77,0;baghjul;549;
2026-10-09;vw-id-5-style-edition-286-hk-udb-45-000-50000-48;Volkswagen;ID.5;Style Edition 286 hk · udb 45.000;suv;el;50000;48;5395;45000;600;304560;6345;384995;19,8;59,3;79,1;D;nej;importoer;Volkswagen;;automatisk;2026-09-28;2026-10-09;;https://prislister.volkswagen.dk/leasingpriser;559;nej;286;77,0;baghjul;549;
2026-10-09;vw-id-5-style-edition-286-hk-50000-48;Volkswagen;ID.5;Style Edition 286 hk;suv;el;50000;48;5895;25000;600;308560;6428;384995;20,0;60,1;80,1;E;nej;importoer;Volkswagen;;automatisk;2026-07-19;2026-10-09;;https://prislister.volkswagen.dk/leasingpriser;559;nej;286;77,0;baghjul;549;
2026-10-09;vw-id-5-style-edition-286-hk-udb-10-000-50000-48;Volkswagen;ID.5;Style Edition 286 hk · udb 10.000;suv;el;50000;48;6495;10000;600;322360;6716;384995;20,9;62,8;83,7;E;nej;importoer;Volkswagen;;automatisk;2026-09-28;2026-10-09;;https://prislister.volkswagen.dk/leasingpriser;559;nej;286;77,0;baghjul;549;
2026-10-09;vw-id-5-style-286-hk-udb-45-000-55000-48;Volkswagen;ID.5;Style 286 hk · udb 45.000;suv;el;55000;48;5295;45000;600;299760;6245;384995;19,5;58,4;77,9;D;nej;importoer;Volkswagen;;automatisk;2026-09-28;2026-10-09;;https://prislister.volkswagen.dk/leasingpriser;565;nej;286;77,0;baghjul;549;
2026-10-09;vw-id-5-style-286-hk-55000-48;Volkswagen;ID.5;Style 286 hk;suv;el;55000;48;5795;25000;600;303760;6328;384995;19,7;59,2;78,9;D;nej;importoer;Volkswagen;;automatisk;2026-07-19;2026-10-09;;https://prislister.volkswagen.dk/leasingpriser;565;nej;286;77,0;baghjul;549;
2026-10-09;vw-id-5-style-286-hk-udb-10-000-55000-48;Volkswagen;ID.5;Style 286 hk · udb 10.000;suv;el;55000;48;6295;10000;600;312760;6516;384995;20,3;60,9;81,2;E;nej;importoer;Volkswagen;;automatisk;2026-09-28;2026-10-09;;https://prislister.volkswagen.dk/leasingpriser;565;nej;286;77,0;baghjul;549;
2026-10-09;vw-id-5-style-edition-286-hk-udb-45-000-55000-48;Volkswagen;ID.5;Style Edition 286 hk · udb 45.000;suv;el;55000;48;5595;45000;600;314160;6545;384995;20,4;61,2;81,6;E;nej;importoer;Volkswagen;;automatisk;2026-09-28;2026-10-09;;https://prislister.volkswagen.dk/leasingpriser;559;nej;286;77,0;baghjul;549;
2026-10-09;vw-id-5-style-edition-286-hk-55000-48;Volkswagen;ID.5;Style Edition 286 hk;suv;el;55000;48;6095;25000;600;318160;6628;384995;20,7;62,0;82,6;E;nej;importoer;Volkswagen;;automatisk;2026-07-19;2026-10-09;;https://prislister.volkswagen.dk/leasingpriser;559;nej;286;77,0;baghjul;549;
2026-10-09;vw-id-5-style-edition-286-hk-udb-10-000-55000-48;Volkswagen;ID.5;Style Edition 286 hk · udb 10.000;suv;el;55000;48;6695;10000;600;331960;6916;384995;21,6;64,7;86,2;E;nej;importoer;Volkswagen;;automatisk;2026-09-28;2026-10-09;;https://prislister.volkswagen.dk/leasingpriser;559;nej;286;77,0;baghjul;549;
2026-10-09;vw-id-7-tourer-style-s-286-hk-10000-48;Volkswagen;ID.7 Tourer;Style S 286 hk;stationcar;el;10000;48;4195;60000;600;261960;5458;469995;13,9;41,8;55,7;B;nej;importoer;Volkswagen;;automatisk;2026-07-19;2026-10-09;;https://prislister.volkswagen.dk/leasingpriser;677;ja;286;86,0;baghjul;605;5
2026-10-09;vw-id-7-tourer-style-s-286-hk-udb-30-000-10000-48;Volkswagen;ID.7 Tourer;Style S 286 hk · udb 30.000;stationcar;el;10000;48;4995;30000;600;270360;5632;469995;14,4;43,1;57,5;B;nej;importoer;Volkswagen;;automatisk;2026-09-28;2026-10-09;;https://prislister.volkswagen.dk/leasingpriser;677;ja;286;86,0;baghjul;605;5
2026-10-09;vw-id-7-tourer-style-s-286-hk-15000-48;Volkswagen;ID.7 Tourer;Style S 286 hk;stationcar;el;15000;48;4495;60000;600;276360;5758;469995;14,7;44,1;58,8;B;nej;importoer;Volkswagen;;automatisk;2026-07-19;2026-10-09;;https://prislister.volkswagen.dk/leasingpriser;677;ja;286;86,0;baghjul;605;5
2026-10-09;vw-id-7-tourer-style-s-286-hk-udb-30-000-15000-48;Volkswagen;ID.7 Tourer;Style S 286 hk · udb 30.000;stationcar;el;15000;48;5295;30000;600;284760;5932;469995;15,1;45,4;60,6;C;nej;importoer;Volkswagen;;automatisk;2026-09-28;2026-10-09;;https://prislister.volkswagen.dk/leasingpriser;677;ja;286;86,0;baghjul;605;5
2026-10-09;vw-id-7-tourer-style-s-286-hk-20000-48;Volkswagen;ID.7 Tourer;Style S 286 hk;stationcar;el;20000;48;4795;60000;600;290760;6058;469995;15,5;46,4;61,9;C;nej;importoer;Volkswagen;;automatisk;2026-07-19;2026-10-09;;https://prislister.volkswagen.dk/leasingpriser;677;ja;286;86,0;baghjul;605;5
2026-10-09;vw-id-7-tourer-style-s-286-hk-udb-30-000-20000-48;Volkswagen;ID.7 Tourer;Style S 286 hk · udb 30.000;stationcar;el;20000;48;5595;30000;600;299160;6232;469995;15,9;47,7;63,7;C;nej;importoer;Volkswagen;;automatisk;2026-09-28;2026-10-09;;https://prislister.volkswagen.dk/leasingpriser;677;ja;286;86,0;baghjul;605;5
2026-10-09;vw-id-7-tourer-style-s-286-hk-udb-60-000-25000-48;Volkswagen;ID.7 Tourer;Style S 286 hk · udb 60.000;stationcar;el;25000;48;5095;60000;600;305160;6358;469995;16,2;48,7;64,9;C;nej;importoer;Volkswagen;;automatisk;2026-09-28;2026-10-09;;https://prislister.volkswagen.dk/leasingpriser;677;ja;286;86,0;baghjul;605;5
2026-10-09;vw-id-7-tourer-style-s-286-hk-25000-48;Volkswagen;ID.7 Tourer;Style S 286 hk;stationcar;el;25000;48;5895;30000;600;313560;6532;469995;16,7;50,0;66,7;C;nej;importoer;Volkswagen;;automatisk;2026-07-19;2026-10-09;;https://prislister.volkswagen.dk/leasingpriser;677;ja;286;86,0;baghjul;605;5
2026-10-09;vw-id-7-tourer-style-s-286-hk-udb-60-000-30000-48;Volkswagen;ID.7 Tourer;Style S 286 hk · udb 60.000;stationcar;el;30000;48;5295;60000;600;314760;6558;469995;16,7;50,2;67,0;C;nej;importoer;Volkswagen;;automatisk;2026-09-28;2026-10-09;;https://prislister.volkswagen.dk/leasingpriser;677;ja;286;86,0;baghjul;605;5
2026-10-09;vw-id-7-tourer-style-s-286-hk-30000-48;Volkswagen;ID.7 Tourer;Style S 286 hk;stationcar;el;30000;48;6095;30000;600;323160;6732;469995;17,2;51,6;68,8;C;nej;importoer;Volkswagen;;automatisk;2026-07-19;2026-10-09;;https://prislister.volkswagen.dk/leasingpriser;677;ja;286;86,0;baghjul;605;5
2026-10-09;vw-id-7-tourer-style-s-286-hk-udb-60-000-40000-48;Volkswagen;ID.7 Tourer;Style S 286 hk · udb 60.000;stationcar;el;40000;48;5895;60000;600;343560;7158;469995;18,3;54,8;73,1;D;nej;importoer;Volkswagen;;automatisk;2026-09-28;2026-10-09;;https://prislister.volkswagen.dk/leasingpriser;677;ja;286;86,0;baghjul;605;5
2026-10-09;vw-id-7-tourer-style-s-286-hk-40000-48;Volkswagen;ID.7 Tourer;Style S 286 hk;stationcar;el;40000;48;6695;30000;600;351960;7332;469995;18,7;56,2;74,9;D;nej;importoer;Volkswagen;;automatisk;2026-07-19;2026-10-09;;https://prislister.volkswagen.dk/leasingpriser;677;ja;286;86,0;baghjul;605;5
2026-10-09;vw-id-7-tourer-style-s-286-hk-50000-48;Volkswagen;ID.7 Tourer;Style S 286 hk;stationcar;el;50000;48;6195;60000;600;357960;7458;469995;19,0;57,1;76,2;D;nej;importoer;Volkswagen;;automatisk;2026-07-19;2026-10-09;;https://prislister.volkswagen.dk/leasingpriser;677;ja;286;86,0;baghjul;605;5
2026-10-09;vw-id-7-tourer-style-s-286-hk-udb-30-000-50000-48;Volkswagen;ID.7 Tourer;Style S 286 hk · udb 30.000;stationcar;el;50000;48;6995;30000;600;366360;7632;469995;19,5;58,5;77,9;D;nej;importoer;Volkswagen;;automatisk;2026-09-28;2026-10-09;;https://prislister.volkswagen.dk/leasingpriser;677;ja;286;86,0;baghjul;605;5
2026-10-09;vw-id-7-tourer-style-s-286-hk-55000-48;Volkswagen;ID.7 Tourer;Style S 286 hk;stationcar;el;55000;48;6395;60000;600;367560;7658;469995;19,6;58,7;78,2;D;nej;importoer;Volkswagen;;automatisk;2026-07-19;2026-10-09;;https://prislister.volkswagen.dk/leasingpriser;677;ja;286;86,0;baghjul;605;5
2026-10-09;vw-id-7-tourer-style-s-286-hk-udb-30-000-55000-48;Volkswagen;ID.7 Tourer;Style S 286 hk · udb 30.000;stationcar;el;55000;48;7195;30000;600;375960;7832;469995;20,0;60,0;80,0;E;nej;importoer;Volkswagen;;automatisk;2026-09-28;2026-10-09;;https://prislister.volkswagen.dk/leasingpriser;677;ja;286;86,0;baghjul;605;5
2026-10-09;vw-t-roc-r-line-1-5-etsi-mild-hybrid-dsg7-150-hk-10000-12;Volkswagen;T-Roc;R-Line 1.5 eTSI Mild hybrid DSG7 150 hk;suv;hybrid;10000;12;2995;10000;600;46540;3878;474995;9,8;29,4;9,8;A;nej;importoer;Volkswagen;;automatisk;2026-07-19;2026-10-09;;https://prislister.volkswagen.dk/leasingpriser;;;150;;forhjul;475;5
2026-10-09;vw-t-roc-r-line-1-5-etsi-mild-hybrid-dsg7-150-hk-udb-5-000-10000-12;Volkswagen;T-Roc;R-Line 1.5 eTSI Mild hybrid DSG7 150 hk · udb 5.000;suv;hybrid;10000;12;3495;5000;600;47540;3962;474995;10,0;30,0;10,0;A;nej;importoer;Volkswagen;;automatisk;2026-09-28;2026-10-09;;https://prislister.volkswagen.dk/leasingpriser;;;150;;forhjul;475;5
2026-10-09;vw-t-roc-r-line-1-5-etsi-mild-hybrid-dsg7-150-hk-udb-0-10000-12;Volkswagen;T-Roc;R-Line 1.5 eTSI Mild hybrid DSG7 150 hk · udb 0;suv;hybrid;10000;12;3995;0;600;48540;4045;474995;10,2;30,7;10,2;A;nej;importoer;Volkswagen;;automatisk;2026-09-28;2026-10-09;;https://prislister.volkswagen.dk/leasingpriser;;;150;;forhjul;475;5
2026-10-09;vw-t-roc-r-line-1-5-etsi-mild-hybrid-dsg7-150-hk-15000-12;Volkswagen;T-Roc;R-Line 1.5 eTSI Mild hybrid DSG7 150 hk;suv;hybrid;15000;12;3295;10000;600;50140;4178;474995;10,6;31,7;10,6;A;nej;importoer;Volkswagen;;automatisk;2026-07-19;2026-10-09;;https://prislister.volkswagen.dk/leasingpriser;;;150;;forhjul;475;5
2026-10-09;vw-t-roc-r-line-1-5-etsi-mild-hybrid-dsg7-150-hk-udb-5-000-15000-12;Volkswagen;T-Roc;R-Line 1.5 eTSI Mild hybrid DSG7 150 hk · udb 5.000;suv;hybrid;15000;12;3795;5000;600;51140;4262;474995;10,8;32,3;10,8;A;nej;importoer;Volkswagen;;automatisk;2026-09-28;2026-10-09;;https://prislister.volkswagen.dk/leasingpriser;;;150;;forhjul;475;5
2026-10-09;vw-t-roc-r-line-1-5-etsi-mild-hybrid-dsg7-150-hk-udb-0-15000-12;Volkswagen;T-Roc;R-Line 1.5 eTSI Mild hybrid DSG7 150 hk · udb 0;suv;hybrid;15000;12;4295;0;600;52140;4345;474995;11,0;32,9;11,0;A;nej;importoer;Volkswagen;;automatisk;2026-09-28;2026-10-09;;https://prislister.volkswagen.dk/leasingpriser;;;150;;forhjul;475;5
2026-10-09;vw-t-roc-r-line-1-5-etsi-mild-hybrid-dsg7-150-hk-20000-12;Volkswagen;T-Roc;R-Line 1.5 eTSI Mild hybrid DSG7 150 hk;suv;hybrid;20000;12;3395;10000;600;51340;4278;474995;10,8;32,4;10,8;A;nej;importoer;Volkswagen;;automatisk;2026-07-19;2026-10-09;;https://prislister.volkswagen.dk/leasingpriser;;;150;;forhjul;475;5
2026-10-09;vw-t-roc-r-line-1-5-etsi-mild-hybrid-dsg7-150-hk-udb-5-000-20000-12;Volkswagen;T-Roc;R-Line 1.5 eTSI Mild hybrid DSG7 150 hk · udb 5.000;suv;hybrid;20000;12;3895;5000;600;52340;4362;474995;11,0;33,1;11,0;A;nej;importoer;Volkswagen;;automatisk;2026-09-28;2026-10-09;;https://prislister.volkswagen.dk/leasingpriser;;;150;;forhjul;475;5
2026-10-09;vw-t-roc-r-line-1-5-etsi-mild-hybrid-dsg7-150-hk-udb-0-20000-12;Volkswagen;T-Roc;R-Line 1.5 eTSI Mild hybrid DSG7 150 hk · udb 0;suv;hybrid;20000;12;4395;0;600;53340;4445;474995;11,2;33,7;11,2;A;nej;importoer;Volkswagen;;automatisk;2026-09-28;2026-10-09;;https://prislister.volkswagen.dk/leasingpriser;;;150;;forhjul;475;5
2026-10-09;vw-t-roc-r-line-1-5-etsi-mild-hybrid-dsg7-150-hk-25000-12;Volkswagen;T-Roc;R-Line 1.5 eTSI Mild hybrid DSG7 150 hk;suv;hybrid;25000;12;3695;10000;600;54940;4578;474995;11,6;34,7;11,6;A;nej;importoer;Volkswagen;;automatisk;2026-07-19;2026-10-09;;https://prislister.volkswagen.dk/leasingpriser;;;150;;forhjul;475;5
2026-10-09;vw-t-roc-r-line-1-5-etsi-mild-hybrid-dsg7-150-hk-udb-5-000-25000-12;Volkswagen;T-Roc;R-Line 1.5 eTSI Mild hybrid DSG7 150 hk · udb 5.000;suv;hybrid;25000;12;4195;5000;600;55940;4662;474995;11,8;35,3;11,8;A;nej;importoer;Volkswagen;;automatisk;2026-09-28;2026-10-09;;https://prislister.volkswagen.dk/leasingpriser;;;150;;forhjul;475;5
2026-10-09;vw-t-roc-r-line-1-5-etsi-mild-hybrid-dsg7-150-hk-udb-0-25000-12;Volkswagen;T-Roc;R-Line 1.5 eTSI Mild hybrid DSG7 150 hk · udb 0;suv;hybrid;25000;12;4695;0;600;56940;4745;474995;12,0;36,0;12,0;B;nej;importoer;Volkswagen;;automatisk;2026-09-28;2026-10-09;;https://prislister.volkswagen.dk/leasingpriser;;;150;;forhjul;475;5
2026-10-09;vw-t-roc-r-line-1-5-etsi-mild-hybrid-dsg7-150-hk-30000-12;Volkswagen;T-Roc;R-Line 1.5 eTSI Mild hybrid DSG7 150 hk;suv;hybrid;30000;12;3995;10000;600;58540;4878;474995;12,3;37,0;12,3;B;nej;importoer;Volkswagen;;automatisk;2026-07-19;2026-10-09;;https://prislister.volkswagen.dk/leasingpriser;;;150;;forhjul;475;5
2026-10-09;vw-t-roc-r-line-1-5-etsi-mild-hybrid-dsg7-150-hk-udb-5-000-30000-12;Volkswagen;T-Roc;R-Line 1.5 eTSI Mild hybrid DSG7 150 hk · udb 5.000;suv;hybrid;30000;12;4495;5000;600;59540;4962;474995;12,5;37,6;12,5;B;nej;importoer;Volkswagen;;automatisk;2026-09-28;2026-10-09;;https://prislister.volkswagen.dk/leasingpriser;;;150;;forhjul;475;5
2026-10-09;vw-t-roc-r-line-1-5-etsi-mild-hybrid-dsg7-150-hk-udb-0-30000-12;Volkswagen;T-Roc;R-Line 1.5 eTSI Mild hybrid DSG7 150 hk · udb 0;suv;hybrid;30000;12;4995;0;600;60540;5045;474995;12,7;38,2;12,7;B;nej;importoer;Volkswagen;;automatisk;2026-09-28;2026-10-09;;https://prislister.volkswagen.dk/leasingpriser;;;150;;forhjul;475;5
2026-10-09;vw-t-roc-r-line-1-5-etsi-mild-hybrid-dsg7-150-hk-40000-12;Volkswagen;T-Roc;R-Line 1.5 eTSI Mild hybrid DSG7 150 hk;suv;hybrid;40000;12;4395;10000;600;63340;5278;474995;13,3;40,0;13,3;B;nej;importoer;Volkswagen;;automatisk;2026-07-19;2026-10-09;;https://prislister.volkswagen.dk/leasingpriser;;;150;;forhjul;475;5
2026-10-09;vw-t-roc-r-line-1-5-etsi-mild-hybrid-dsg7-150-hk-udb-5-000-40000-12;Volkswagen;T-Roc;R-Line 1.5 eTSI Mild hybrid DSG7 150 hk · udb 5.000;suv;hybrid;40000;12;4895;5000;600;64340;5362;474995;13,5;40,6;13,5;B;nej;importoer;Volkswagen;;automatisk;2026-09-28;2026-10-09;;https://prislister.volkswagen.dk/leasingpriser;;;150;;forhjul;475;5
2026-10-09;vw-t-roc-r-line-1-5-etsi-mild-hybrid-dsg7-150-hk-udb-0-40000-12;Volkswagen;T-Roc;R-Line 1.5 eTSI Mild hybrid DSG7 150 hk · udb 0;suv;hybrid;40000;12;5395;0;600;65340;5445;474995;13,8;41,3;13,8;B;nej;importoer;Volkswagen;;automatisk;2026-09-28;2026-10-09;;https://prislister.volkswagen.dk/leasingpriser;;;150;;forhjul;475;5
2026-10-09;vw-t-roc-r-line-1-5-etsi-mild-hybrid-dsg7-150-hk-50000-12;Volkswagen;T-Roc;R-Line 1.5 eTSI Mild hybrid DSG7 150 hk;suv;hybrid;50000;12;4795;10000;600;68140;5678;474995;14,3;43,0;14,3;B;nej;importoer;Volkswagen;;automatisk;2026-07-19;2026-10-09;;https://prislister.volkswagen.dk/leasingpriser;;;150;;forhjul;475;5
2026-10-09;vw-t-roc-r-line-1-5-etsi-mild-hybrid-dsg7-150-hk-udb-5-000-50000-12;Volkswagen;T-Roc;R-Line 1.5 eTSI Mild hybrid DSG7 150 hk · udb 5.000;suv;hybrid;50000;12;5295;5000;600;69140;5762;474995;14,6;43,7;14,6;B;nej;importoer;Volkswagen;;automatisk;2026-09-28;2026-10-09;;https://prislister.volkswagen.dk/leasingpriser;;;150;;forhjul;475;5
2026-10-09;vw-t-roc-r-line-1-5-etsi-mild-hybrid-dsg7-150-hk-udb-0-50000-12;Volkswagen;T-Roc;R-Line 1.5 eTSI Mild hybrid DSG7 150 hk · udb 0;suv;hybrid;50000;12;5795;0;600;70140;5845;474995;14,8;44,3;14,8;B;nej;importoer;Volkswagen;;automatisk;2026-09-28;2026-10-09;;https://prislister.volkswagen.dk/leasingpriser;;;150;;forhjul;475;5
2026-10-09;vw-t-roc-r-line-1-5-etsi-mild-hybrid-dsg7-150-hk-55000-12;Volkswagen;T-Roc;R-Line 1.5 eTSI Mild hybrid DSG7 150 hk;suv;hybrid;55000;12;5095;10000;600;71740;5978;474995;15,1;45,3;15,1;C;nej;importoer;Volkswagen;;automatisk;2026-07-19;2026-10-09;;https://prislister.volkswagen.dk/leasingpriser;;;150;;forhjul;475;5
2026-10-09;vw-t-roc-r-line-1-5-etsi-mild-hybrid-dsg7-150-hk-udb-5-000-55000-12;Volkswagen;T-Roc;R-Line 1.5 eTSI Mild hybrid DSG7 150 hk · udb 5.000;suv;hybrid;55000;12;5595;5000;600;72740;6062;474995;15,3;45,9;15,3;C;nej;importoer;Volkswagen;;automatisk;2026-09-28;2026-10-09;;https://prislister.volkswagen.dk/leasingpriser;;;150;;forhjul;475;5
2026-10-09;vw-t-roc-r-line-1-5-etsi-mild-hybrid-dsg7-150-hk-udb-0-55000-12;Volkswagen;T-Roc;R-Line 1.5 eTSI Mild hybrid DSG7 150 hk · udb 0;suv;hybrid;55000;12;6095;0;600;73740;6145;474995;15,5;46,6;15,5;C;nej;importoer;Volkswagen;;automatisk;2026-09-28;2026-10-09;;https://prislister.volkswagen.dk/leasingpriser;;;150;;forhjul;475;5
2026-10-09;volvo-ex30-plus-p5-long-range-lav-ydelse-15000-48;Volvo;EX30;Plus P5 Long Range · lav ydelse;suv;el;15000;48;2795;39995;0;174155;3628;278900;15,6;46,8;62,4;C;nej;importoer;Volvo;;manuel;2026-07-19;2026-10-06;2026-12-31;https://azure-eu-assets.contentstack.com/v3/assets/blt84e01a6904dbd2e8/blt7eb65c4c5431de2b/6abf78a24ff0fd23040c3567/EX30_MY27_Privatleasing_oktober_2026.pdf;475;ja;272;69,0;baghjul;318;5
2026-10-09;volvo-ex30-plus-cross-country-p5-long-range-lav-ydelse-15000-48;Volvo;EX30;Plus Cross Country P5 Long Range · lav ydelse;suv;el;15000;48;2895;39995;0;178955;3728;293900;15,2;45,7;60,9;C;nej;importoer;Volvo;;manuel;2026-07-19;2026-10-06;2026-12-31;https://azure-eu-assets.contentstack.com/v3/assets/blt84e01a6904dbd2e8/blt7eb65c4c5431de2b/6abf78a24ff0fd23040c3567/EX30_MY27_Privatleasing_oktober_2026.pdf;;;272;69,0;baghjul;318;5
2026-10-09;volvo-ex30-plus-p5-long-range-lav-udbetaling-15000-48;Volvo;EX30;Plus P5 Long Range · lav udbetaling;suv;el;15000;48;3395;19995;0;182955;3812;278900;16,4;49,2;65,6;C;nej;importoer;Volvo;;manuel;2026-07-19;2026-10-06;2026-12-31;https://azure-eu-assets.contentstack.com/v3/assets/blt84e01a6904dbd2e8/blt7eb65c4c5431de2b/6abf78a24ff0fd23040c3567/EX30_MY27_Privatleasing_oktober_2026.pdf;475;ja;272;69,0;baghjul;318;5
2026-10-09;volvo-ex30-black-edition-p5-long-range-lav-ydelse-15000-48;Volvo;EX30;Black Edition P5 Long Range · lav ydelse;suv;el;15000;48;3095;39995;0;188555;3928;298900;15,8;47,3;63,1;C;nej;importoer;Volvo;;manuel;2026-07-19;2026-10-06;2026-12-31;https://azure-eu-assets.contentstack.com/v3/assets/blt84e01a6904dbd2e8/blt7eb65c4c5431de2b/6abf78a24ff0fd23040c3567/EX30_MY27_Privatleasing_oktober_2026.pdf;475;ja;272;69,0;baghjul;318;5
2026-10-09;volvo-ex30-ultra-p5-long-range-lav-ydelse-15000-48;Volvo;EX30;Ultra P5 Long Range · lav ydelse;suv;el;15000;48;3095;39995;0;188555;3928;298900;15,8;47,3;63,1;C;nej;importoer;Volvo;;manuel;2026-07-19;2026-10-06;2026-12-31;https://azure-eu-assets.contentstack.com/v3/assets/blt84e01a6904dbd2e8/blt7eb65c4c5431de2b/6abf78a24ff0fd23040c3567/EX30_MY27_Privatleasing_oktober_2026.pdf;475;ja;272;69,0;baghjul;318;5
2026-10-09;volvo-ex30-plus-cross-country-p5-long-range-lav-udbetaling-15000-48;Volvo;EX30;Plus Cross Country P5 Long Range · lav udbetaling;suv;el;15000;48;3595;19995;0;192555;4012;293900;16,4;49,1;65,5;C;nej;importoer;Volvo;;manuel;2026-07-19;2026-10-06;2026-12-31;https://azure-eu-assets.contentstack.com/v3/assets/blt84e01a6904dbd2e8/blt7eb65c4c5431de2b/6abf78a24ff0fd23040c3567/EX30_MY27_Privatleasing_oktober_2026.pdf;;;272;69,0;baghjul;318;5
2026-10-09;volvo-ex30-black-edition-p8-awd-lav-ydelse-15000-48;Volvo;EX30;Black Edition P8 AWD · lav ydelse;suv;el;15000;48;2995;49995;0;193755;4037;318900;15,2;45,6;60,8;C;nej;importoer;Volvo;;manuel;2026-07-19;2026-10-06;2026-12-31;https://azure-eu-assets.contentstack.com/v3/assets/blt84e01a6904dbd2e8/blt7eb65c4c5431de2b/6abf78a24ff0fd23040c3567/EX30_MY27_Privatleasing_oktober_2026.pdf;449;ja;428;69,0;4wd;318;5
2026-10-09;volvo-ex30-black-edition-p5-long-range-lav-udbetaling-15000-48;Volvo;EX30;Black Edition P5 Long Range · lav udbetaling;suv;el;15000;48;3695;19995;0;197355;4112;298900;16,5;49,5;66,0;C;nej;importoer;Volvo;;manuel;2026-07-19;2026-10-06;2026-12-31;https://azure-eu-assets.contentstack.com/v3/assets/blt84e01a6904dbd2e8/blt7eb65c4c5431de2b/6abf78a24ff0fd23040c3567/EX30_MY27_Privatleasing_oktober_2026.pdf;475;ja;272;69,0;baghjul;318;5
2026-10-09;volvo-ex30-ultra-p5-long-range-lav-udbetaling-15000-48;Volvo;EX30;Ultra P5 Long Range · lav udbetaling;suv;el;15000;48;3695;19995;0;197355;4112;298900;16,5;49,5;66,0;C;nej;importoer;Volvo;;manuel;2026-07-19;2026-10-06;2026-12-31;https://azure-eu-assets.contentstack.com/v3/assets/blt84e01a6904dbd2e8/blt7eb65c4c5431de2b/6abf78a24ff0fd23040c3567/EX30_MY27_Privatleasing_oktober_2026.pdf;475;ja;272;69,0;baghjul;318;5
2026-10-09;volvo-ex30-ultra-cross-country-p5-long-range-lav-ydelse-15000-48;Volvo;EX30;Ultra Cross Country P5 Long Range · lav ydelse;suv;el;15000;48;3095;49995;0;198555;4137;313900;15,8;47,4;63,3;C;nej;importoer;Volvo;;manuel;2026-07-19;2026-10-06;2026-12-31;https://azure-eu-assets.contentstack.com/v3/assets/blt84e01a6904dbd2e8/blt7eb65c4c5431de2b/6abf78a24ff0fd23040c3567/EX30_MY27_Privatleasing_oktober_2026.pdf;;;272;69,0;baghjul;318;5
2026-10-09;volvo-ex30-black-edition-p8-awd-lav-udbetaling-15000-48;Volvo;EX30;Black Edition P8 AWD · lav udbetaling;suv;el;15000;48;3695;24995;0;202355;4216;318900;15,9;47,6;63,5;C;nej;importoer;Volvo;;manuel;2026-07-19;2026-10-06;2026-12-31;https://azure-eu-assets.contentstack.com/v3/assets/blt84e01a6904dbd2e8/blt7eb65c4c5431de2b/6abf78a24ff0fd23040c3567/EX30_MY27_Privatleasing_oktober_2026.pdf;449;ja;428;69,0;4wd;318;5
2026-10-09;volvo-ex30-ultra-cross-country-p8-awd-lav-ydelse-15000-48;Volvo;EX30;Ultra Cross Country P8 AWD · lav ydelse;suv;el;15000;48;3295;49995;0;208155;4337;333900;15,6;46,8;62,3;C;nej;importoer;Volvo;;manuel;2026-07-19;2026-10-06;2026-12-31;https://azure-eu-assets.contentstack.com/v3/assets/blt84e01a6904dbd2e8/blt7eb65c4c5431de2b/6abf78a24ff0fd23040c3567/EX30_MY27_Privatleasing_oktober_2026.pdf;;;428;69,0;4wd;318;5
2026-10-09;volvo-ex30-ultra-cross-country-p5-long-range-lav-udbetaling-15000-48;Volvo;EX30;Ultra Cross Country P5 Long Range · lav udbetaling;suv;el;15000;48;3895;24995;0;211955;4416;313900;16,9;50,6;67,5;C;nej;importoer;Volvo;;manuel;2026-07-19;2026-10-06;2026-12-31;https://azure-eu-assets.contentstack.com/v3/assets/blt84e01a6904dbd2e8/blt7eb65c4c5431de2b/6abf78a24ff0fd23040c3567/EX30_MY27_Privatleasing_oktober_2026.pdf;;;272;69,0;baghjul;318;5
2026-10-09;volvo-ex30-ultra-cross-country-p8-awd-lav-udbetaling-15000-48;Volvo;EX30;Ultra Cross Country P8 AWD · lav udbetaling;suv;el;15000;48;4095;24995;0;221555;4616;333900;16,6;49,8;66,4;C;nej;importoer;Volvo;;manuel;2026-07-19;2026-10-06;2026-12-31;https://azure-eu-assets.contentstack.com/v3/assets/blt84e01a6904dbd2e8/blt7eb65c4c5431de2b/6abf78a24ff0fd23040c3567/EX30_MY27_Privatleasing_oktober_2026.pdf;;;428;69,0;4wd;318;5
2026-10-09;volvo-ex40-black-edition-p5-long-range-15000-48;Volvo;EX40;Black Edition P5 Long Range;suv;el;15000;48;4695;24995;0;250355;5216;379900;16,5;49,4;65,9;C;nej;importoer;Volvo;;manuel;2026-10-01;2026-10-06;2026-12-31;https://azure-eu-assets.contentstack.com/v3/assets/blt84e01a6904dbd2e8/blt9def91ba0acfbf3e/6aad29623a22221c94aec0e1/MY27_EX40_PRIVATLEASING_september_2026._v3.pdf;573;ja;252;82,0;baghjul;410;5
2026-10-09;volvo-ex40-ultra-p5-long-range-15000-48;Volvo;EX40;Ultra P5 Long Range;suv;el;15000;48;4695;24995;0;250355;5216;379900;16,5;49,4;65,9;C;nej;importoer;Volvo;;manuel;2026-10-01;2026-10-06;2026-12-31;https://azure-eu-assets.contentstack.com/v3/assets/blt84e01a6904dbd2e8/blt9def91ba0acfbf3e/6aad29623a22221c94aec0e1/MY27_EX40_PRIVATLEASING_september_2026._v3.pdf;573;ja;252;82,0;baghjul;410;5
2026-10-09;volvo-ex40-black-edition-p8-awd-15000-48;Volvo;EX40;Black Edition P8 AWD;suv;el;15000;48;5295;29995;0;284155;5920;423900;16,8;50,3;67,0;C;nej;importoer;Volvo;;manuel;2026-10-01;2026-10-06;2026-12-31;https://azure-eu-assets.contentstack.com/v3/assets/blt84e01a6904dbd2e8/blt9def91ba0acfbf3e/6aad29623a22221c94aec0e1/MY27_EX40_PRIVATLEASING_september_2026._v3.pdf;;;408;82,0;4wd;410;5
2026-10-09;volvo-ex40-ultra-p8-awd-15000-48;Volvo;EX40;Ultra P8 AWD;suv;el;15000;48;5295;29995;0;284155;5920;423900;16,8;50,3;67,0;C;nej;importoer;Volvo;;manuel;2026-10-01;2026-10-06;2026-12-31;https://azure-eu-assets.contentstack.com/v3/assets/blt84e01a6904dbd2e8/blt9def91ba0acfbf3e/6aad29623a22221c94aec0e1/MY27_EX40_PRIVATLEASING_september_2026._v3.pdf;;;408;82,0;4wd;410;5
2026-10-09;xpeng-g6-rwd-standard-range-15000-36;XPENG;G6;RWD Standard Range;suv;el;15000;36;4495;19995;0;181815;5050;299900;20,2;60,6;60,6;E;nej;importoer;XPENG;Ejner Hessel (hessel.dk);automatisk;2026-07-29;2026-10-09;;https://www.hessel.dk/nye-biler/xpeng/leasing;470;nej;252;68,5;baghjul;571;5
2026-10-09;xpeng-g6-rwd-long-range-15000-36;XPENG;G6;RWD Long Range;suv;el;15000;36;4995;19995;0;199815;5550;349900;19,0;57,1;57,1;D;nej;importoer;XPENG;Ejner Hessel (hessel.dk);automatisk;2026-07-29;2026-10-09;;https://www.hessel.dk/nye-biler/xpeng/leasing;525;nej;296;80,8;baghjul;571;5
2026-10-09;xpeng-g6-awd-performance-15000-36;XPENG;G6;AWD Performance;suv;el;15000;36;5495;19995;0;217815;6050;379900;19,1;57,3;57,3;D;nej;importoer;XPENG;Ejner Hessel (hessel.dk);automatisk;2026-07-29;2026-10-09;;https://www.hessel.dk/nye-biler/xpeng/leasing;510;nej;487;80,8;4wd;571;5
2026-10-09;xpeng-g9-rwd-standard-range-15000-36;XPENG;G9;RWD Standard Range;stor-suv;el;15000;36;5995;34995;0;250815;6967;499900;16,7;50,2;50,2;C;nej;importoer;XPENG;Ejner Hessel (hessel.dk);automatisk;2026-07-29;2026-10-09;;https://www.hessel.dk/nye-biler/xpeng/leasing;502;nej;351;79,0;baghjul;660;5
2026-10-09;xpeng-g9-rwd-long-range-15000-36;XPENG;G9;RWD Long Range;stor-suv;el;15000;36;7495;34995;0;304815;8467;579900;17,5;52,6;52,6;C;nej;importoer;XPENG;Ejner Hessel (hessel.dk);automatisk;2026-07-29;2026-10-09;;https://www.hessel.dk/nye-biler/xpeng/leasing;585;nej;351;93,1;baghjul;660;5
2026-10-09;xpeng-g9-awd-performance-15000-36;XPENG;G9;AWD Performance;stor-suv;el;15000;36;8095;34995;0;326415;9067;629900;17,3;51,8;51,8;C;nej;importoer;XPENG;Ejner Hessel (hessel.dk);automatisk;2026-07-29;2026-10-09;;https://www.hessel.dk/nye-biler/xpeng/leasing;540;nej;575;93,1;4wd;660;5
2026-10-09;xpeng-g9-awd-performance-black-edition-15000-36;XPENG;G9;AWD Performance Black Edition;stor-suv;el;15000;36;8265;39104;0;336644;9351;645740;17,4;52,1;52,1;C;nej;importoer;XPENG;Ejner Hessel (hessel.dk);automatisk;2026-07-29;2026-10-09;;https://www.hessel.dk/nye-biler/xpeng/leasing;;;575;93,1;4wd;660;5
2026-10-09;xpeng-l03-rwd-standard-range-10000-48;XPENG;L03;RWD Standard Range;suv;el;10000;48;2595;29995;1000;155555;3241;239995;16,2;48,6;64,8;C;nej;importoer;XPENG;Ejner Hessel (hessel.dk);automatisk;2026-10-02;2026-10-09;;https://www.hessel.dk/nye-biler/xpeng/leasing;445;nej;221;58,2;baghjul;367;5
2026-10-09;xpeng-l03-rwd-long-range-10000-48;XPENG;L03;RWD Long Range;suv;el;10000;48;2995;29995;1000;174755;3641;269995;16,2;48,5;64,7;C;nej;importoer;XPENG;Ejner Hessel (hessel.dk);automatisk;2026-10-02;2026-10-09;;https://www.hessel.dk/nye-biler/xpeng/leasing;520;nej;248;71,1;baghjul;367;5
2026-10-09;xpeng-l03-awd-performance-10000-48;XPENG;L03;AWD Performance;suv;el;10000;48;3595;29995;1000;203555;4241;299995;17,0;50,9;67,9;C;nej;importoer;XPENG;Ejner Hessel (hessel.dk);automatisk;2026-10-02;2026-10-09;;https://www.hessel.dk/nye-biler/xpeng/leasing;440;nej;431;71,1;4wd;367;5
2026-10-09;xpeng-l03-awd-performance-ultra-10000-48;XPENG;L03;AWD Performance Ultra;suv;el;10000;48;4395;29995;1000;241955;5041;329995;18,3;55,0;73,3;D;nej;importoer;XPENG;Ejner Hessel (hessel.dk);automatisk;2026-10-02;2026-10-09;;https://www.hessel.dk/nye-biler/xpeng/leasing;440;nej;431;71,1;4wd;367;5
2026-10-09;xpeng-p7-rwd-long-range-10000-48;XPENG;P7+;RWD Long Range;mellemklasse;el;10000;48;3495;49995;0;217755;4537;359995;15,1;45,4;60,5;C;nej;importoer;XPENG;Ejner Hessel (hessel.dk);automatisk;2026-07-29;2026-10-09;;https://www.hessel.dk/nye-biler/xpeng/leasing;530;nej;313;74,9;baghjul;573;5
2026-10-09;xpeng-p7-awd-performance-10000-48;XPENG;P7+;AWD Performance;mellemklasse;el;10000;48;3845;49995;0;234555;4887;389995;15,0;45,1;60,1;C;nej;importoer;XPENG;Ejner Hessel (hessel.dk);automatisk;2026-07-29;2026-10-09;;https://www.hessel.dk/nye-biler/xpeng/leasing;500;nej;503;74,9;4wd;573;5
2026-10-09;zeekr-001-long-range-rwd-10000-48;Zeekr;001;Long Range RWD;stationcar;el;10000;48;3695;49995;1250;228605;4763;454900;12,6;37,7;50,3;B;nej;importoer;Zeekr;;automatisk;2026-07-29;2026-10-09;;https://www.zeekr.eu/da-dk/offers/privatleasing-fra-4-495-kr-md;620;nej;272;;baghjul;539;
2026-10-09;zeekr-7gt-core-10000-48;Zeekr;7GT;Core;stationcar;el;10000;48;3395;49995;1250;214205;4463;324900;16,5;49,5;65,9;C;nej;importoer;Zeekr;;automatisk;2026-07-29;2026-10-09;;https://www.zeekr.eu/da-dk/offers/privatleasing-fra-3395-krmd;519;nej;421;75,0;baghjul;456;
2026-10-09;zeekr-7x-long-range-rwd-10000-48;Zeekr;7X;Long Range RWD;suv;el;10000;48;3895;49995;1250;238205;4963;439900;13,5;40,6;54,1;B;nej;importoer;Zeekr;;automatisk;2026-07-29;2026-10-09;;https://www.zeekr.eu/da-dk/offers/privatleasing-fra-3895-krmd;615;nej;421;100,0;baghjul;539;
2026-10-09;zeekr-zeekr-x-long-range-10000-48;Zeekr;Zeekr X;Long Range;suv;el;10000;48;2395;49995;1250;166205;3463;329900;12,6;37,8;50,4;B;nej;importoer;Zeekr;;automatisk;2026-07-29;2026-10-09;;https://www.zeekr.eu/da-dk/offers/privatleasing-x;405;nej;;61,0;baghjul;;
